split,structural_hash,encoding_type,n_qubits,depth,gate_count,two_qubit_gate_count,embed_params,quantum_params,head_params,total_trainable_params,val_rmse,wall_clock_seconds
0,005d7b264dde,angle,4,8,20,4,88,12,5,105,0.020641242337585824,0.8161
0,0197b783381d,angle,4,9,22,6,88,12,5,105,0.018154299709019203,0.9143
0,033c5fee95b1,angle,4,13,26,10,88,12,5,105,0.028017440559495226,0.9649
0,0357d06265f9,angle,4,5,20,0,88,12,5,105,0.03367603485919433,0.7888
0,037d845b6f99,angle,4,10,26,6,88,12,5,105,0.03591130914484307,0.8878
0,039777494530,angle,4,12,22,10,88,12,5,105,0.018771494595387198,0.8799
0,03daf92c6c85,angle,4,14,27,11,88,12,5,105,0.01691382886403494,1.0995
0,063c0eeb8615,angle,4,10,22,6,88,12,5,105,0.025727026739769187,0.8493
0,06e54132b919,angle,4,9,22,6,88,12,5,105,0.016953264995448313,0.9499
0,072cfdb1254a,angle,4,10,23,7,88,12,5,105,0.01796211929567014,0.8181
0,076e317b11ab,angle,4,14,26,10,88,12,5,105,0.018221145054063963,1.0533
0,07b16a99f569,angle,4,4,16,0,88,12,5,105,0.03477233383242371,0.7093
0,07b16a99f569,angle,4,4,16,0,88,12,5,105,0.03559550179847146,0.7889
0,07b16a99f569,angle,4,4,16,0,88,12,5,105,0.03505047136056801,0.731
0,0829f65f5f26,angle,4,13,25,9,88,12,5,105,0.03340817874467965,1.0247
0,08e20ad7d716,angle,4,4,16,0,88,12,5,105,0.038083052770565284,0.6915
0,08e20ad7d716,angle,4,4,16,0,88,12,5,105,0.03255379860668344,0.7054
0,08e20ad7d716,angle,4,4,16,0,88,12,5,105,0.044028163242096234,0.6667
0,0923951a0587,angle,4,14,26,10,88,12,5,105,0.020057491696220495,0.9551
0,09987dd07006,angle,4,14,26,10,88,12,5,105,0.02341385890808983,0.9414
0,09b2eccb019d,angle,4,15,24,12,88,12,5,105,0.03404623327530455,0.9824
0,0a0ec1d37b3a,angle,4,11,20,8,88,12,5,105,0.03808611723075403,0.9128
0,0a800014d40b,angle,4,8,20,4,88,12,5,105,0.0359205635100807,1.4616
0,0ace4c49ce0d,angle,4,10,19,7,88,12,5,105,0.025982625360522912,0.8831
0,0c31e9be9350,angle,4,12,24,8,88,12,5,105,0.028737300907672722,0.993
0,0d0fbe56dd45,angle,4,15,24,12,88,12,5,105,0.02554869909840362,1.2048
0,0d27dae718dc,angle,4,7,19,3,88,12,5,105,0.017256089364912547,0.838
0,0e56b2abc334,angle,4,13,22,10,88,12,5,105,0.030503525672597332,0.907
0,0e648ca7be69,angle,4,15,27,11,88,12,5,105,0.03668837411995904,1.1472
0,0edee90dea52,angle,4,5,20,0,88,12,5,105,0.031738186462844174,1.0231
0,0f69573f48b4,angle,4,11,23,7,88,12,5,105,0.023003260561415943,0.9359
0,0fab89b9ba2c,angle,4,8,20,4,88,12,5,105,0.033100404852425706,0.9006
0,106feecd14a4,angle,4,7,16,4,88,12,5,105,0.02095049319115921,0.8754
0,112756abbc7a,angle,4,7,16,4,88,12,5,105,0.017296235728794185,0.7914
0,112756abbc7a,angle,4,7,16,4,88,12,5,105,0.016806179106272873,0.771
0,1144c44c4e76,angle,4,11,23,7,88,12,5,105,0.030495137157520353,0.9956
0,119ab852ae4c,angle,4,4,16,0,88,12,5,105,0.031001898023459002,0.8047
0,119ab852ae4c,angle,4,4,16,0,88,12,5,105,0.030194150544017733,0.7281
0,119ab852ae4c,angle,4,4,16,0,88,12,5,105,0.035883324573124646,0.9966
0,11f6f2515a34,angle,4,7,16,4,88,12,5,105,0.03574805762195133,0.9419
0,13a182f8b672,angle,4,10,19,7,88,12,5,105,0.01974568405732407,0.8703
0,13b3a2e1d851,angle,4,9,19,7,88,12,5,105,0.02104723505139423,0.8883
0,13d5740c1f2c,angle,4,9,19,7,88,12,5,105,0.025441711005670064,0.8489
0,13e3290c60c3,angle,4,8,20,4,88,12,5,105,0.020196868083977835,0.9431
0,13ed09554e60,angle,4,16,25,17,88,12,5,105,0.02039527879593602,1.2154
0,147ebde5b677,angle,4,15,25,13,88,12,5,105,0.036132505375949184,1.0676
0,1533e7d145eb,angle,4,8,20,4,88,12,5,105,0.018938983560050575,0.7798
0,162e5915e828,angle,4,12,27,7,88,12,5,105,0.027902731285411334,1.0732
0,16676d173e8c,angle,4,10,19,7,88,12,5,105,0.036151233814427586,0.9224
0,16bdfe32c132,angle,4,12,27,7,88,12,5,105,0.026183125888161567,1.0255
0,16c4ff224e0a,angle,4,8,23,3,88,12,5,105,0.039732541682583285,0.8754
0,16f87bc16973,angle,4,11,23,7,88,12,5,105,0.02490519890866906,0.872
0,1827a6c2cf9b,angle,4,21,27,19,88,12,5,105,0.030206855249689284,1.2284
0,184bfc843a77,angle,4,10,19,7,88,12,5,105,0.038222003028491526,0.8754
0,185fb8c393f2,angle,4,16,25,13,88,12,5,105,0.016281655226205876,1.0596
0,18b147bcd7ad,angle,4,14,27,11,88,12,5,105,0.02752526944799911,1.0758
0,18b45a8ac8d8,angle,4,14,23,11,88,12,5,105,0.023751385623118446,0.9734
0,193665688700,angle,4,8,20,4,88,12,5,105,0.018646340895456588,0.7324
0,19437f2039b2,angle,4,12,25,9,88,12,5,105,0.02485811969107741,0.9231
0,19f564e45cac,angle,4,13,19,11,88,12,5,105,0.02522239607909987,0.8788
0,1a1d8a079840,angle,4,13,22,10,88,12,5,105,0.020280776472597357,0.8858
0,1a830e5a4655,angle,4,8,20,4,88,12,5,105,0.03603360616799597,0.7566
0,1ab38328c6e0,angle,4,12,25,9,88,12,5,105,0.021850042064054644,1.2991
0,1adc26b9d705,angle,4,16,26,14,88,12,5,105,0.01826759702314287,0.9997
0,1bbb274e1517,angle,4,10,19,7,88,12,5,105,0.03203723456064607,0.831
0,1bdce3023e4f,angle,4,11,23,7,88,12,5,105,0.02825620195541914,0.8332
0,1c621af8be46,angle,4,11,26,6,88,12,5,105,0.01884136318896341,1.0825
0,1da0eec7a24c,angle,4,13,23,11,88,12,5,105,0.03264039343394687,0.948
0,1dd81c4f6c38,angle,4,10,19,7,88,12,5,105,0.021959884350121327,0.8484
0,1ed24d8e20d9,angle,4,9,24,4,88,12,5,105,0.03132851542285528,1.0865
0,1fcd0d0909d3,angle,4,9,19,7,88,12,5,105,0.023669388316894076,0.9173
0,1fd0ce4ce998,angle,4,11,23,7,88,12,5,105,0.02584909497944547,1.0024
0,1fd167cfe543,angle,4,8,20,4,88,12,5,105,0.040916318064029386,0.9953
0,2039b6043638,angle,4,11,20,8,88,12,5,105,0.03563148251359343,0.9182
0,2088c4f0d60c,angle,4,4,16,0,88,12,5,105,0.04157055835193438,0.7064
0,21265dc60d6e,angle,4,10,22,6,88,12,5,105,0.022995144149596383,1.0382
0,2138a8de9aee,angle,4,19,25,17,88,12,5,105,0.029767058758320718,1.0183
0,22d92a4329d5,angle,4,7,19,3,88,12,5,105,0.014534833211569871,0.8033
0,22d92a4329d5,angle,4,7,19,3,88,12,5,105,0.02546816156113608,0.9077
0,2325f02d575f,angle,4,8,20,4,88,12,5,105,0.027782977203857837,0.9072
0,2383ba94659e,angle,4,18,27,15,88,12,5,105,0.020066621018879075,1.2621
0,23879c0a4276,angle,4,12,22,10,88,12,5,105,0.022091469730446494,0.9212
0,23ed26018251,angle,4,14,27,11,88,12,5,105,0.025207744834063815,1.0638
0,243cc3fe6863,angle,4,12,22,10,88,12,5,105,0.015895414018454603,0.959
0,24c4c8767a2b,angle,4,11,25,9,88,12,5,105,0.025952326656920963,1.0164
0,25e6099d1a62,angle,4,14,26,10,88,12,5,105,0.019871052845761954,1.009
0,2809196352c7,angle,4,11,27,7,88,12,5,105,0.017404619375126947,0.962
0,28255a3d80bb,angle,4,12,26,10,88,12,5,105,0.03160154454205368,0.9574
0,28c25a69d935,angle,4,11,27,7,88,12,5,105,0.021541002652388216,0.9895
0,293cc854ffbe,angle,4,4,16,0,88,12,5,105,0.042419718264694796,0.9395
0,294ab4c83231,angle,4,13,16,12,88,12,5,105,0.04196864225650296,0.9099
0,2a4ef2eef41d,angle,4,11,23,7,88,12,5,105,0.018290774196366072,0.8185
0,2afe90d0e6f0,angle,4,12,24,8,88,12,5,105,0.03884813702441605,1.0093
0,2cd183b329d6,angle,4,7,16,4,88,12,5,105,0.03921670519243635,0.859
0,2cd183b329d6,angle,4,7,16,4,88,12,5,105,0.05302045174058466,0.7848
0,2cefa9c14a2f,angle,4,14,25,13,88,12,5,105,0.04283005116434981,1.0263
0,2d9b307ebc54,angle,4,15,24,12,88,12,5,105,0.02715479128187205,1.0615
0,2e67f4f8e425,angle,4,12,24,8,88,12,5,105,0.03695863512525599,1.5563
0,2eaa94d1ae79,angle,4,14,25,13,88,12,5,105,0.017776692126593403,0.9733
0,2ed6f3237b43,angle,4,9,27,3,88,12,5,105,0.038650837807024246,0.9624
0,2eefeeff5c11,angle,4,11,23,7,88,12,5,105,0.027732906172158258,0.8775
0,2f32cd0a3c4d,angle,4,16,26,14,88,12,5,105,0.018171333826746756,1.0688
0,2f4ff3399f94,angle,4,14,23,11,88,12,5,105,0.04092491933951057,1.0481
0,2fc1a7e551c0,angle,4,11,23,7,88,12,5,105,0.022463747832018384,1.024
0,30a7e816eb44,angle,4,15,25,13,88,12,5,105,0.026980428310319413,1.091
0,313beb228912,angle,4,7,19,3,88,12,5,105,0.02285019691478556,0.8153
0,313beb228912,angle,4,7,19,3,88,12,5,105,0.035574556960399094,0.748
0,32063825c19b,angle,4,8,20,4,88,12,5,105,0.02325422080711933,0.7962
0,3311c1f7621b,angle,4,11,23,7,88,12,5,105,0.02340627843282501,0.917
0,331fa36366c6,angle,4,16,25,13,88,12,5,105,0.028621560715461066,1.0076
0,333ab963d46a,angle,4,21,27,19,88,12,5,105,0.030021759594393974,1.1751
0,334efc4fcf23,angle,4,16,22,14,88,12,5,105,0.024342231698611404,0.9693
0,33d5aafc3cc0,angle,4,7,19,3,88,12,5,105,0.018473128439431767,0.7917
0,341f95729a69,angle,4,13,26,10,88,12,5,105,0.024425256335270026,0.9475
0,349841653b13,angle,4,15,27,11,88,12,5,105,0.014366761457167006,1.0071
0,34b37d1ec730,angle,4,13,26,10,88,12,5,105,0.032379650826974964,1.0327
0,34f123fd3ec6,angle,4,13,28,8,88,12,5,105,0.0365662325159432,1.0349
0,35702fdb3733,angle,4,16,26,14,88,12,5,105,0.021184369441726043,1.0031
0,35db80de5ba2,angle,4,5,20,0,88,12,5,105,0.03387849311191839,0.9013
0,35db80de5ba2,angle,4,5,20,0,88,12,5,105,0.03400807152565838,0.8115
0,38027171551f,angle,4,7,19,3,88,12,5,105,0.028930162257231003,0.795
0,39d826a64d6e,angle,4,12,24,8,88,12,5,105,0.030152942367682477,1.0036
0,3b5295f798ae,angle,4,12,27,7,88,12,5,105,0.021988269671347885,0.9875
0,3b7c3105dcd1,angle,4,4,16,0,88,12,5,105,0.040419182689461486,0.7578
0,3b7c3105dcd1,angle,4,4,16,0,88,12,5,105,0.033453981054015806,0.7307
0,3b7c3105dcd1,angle,4,4,16,0,88,12,5,105,0.038926435863417104,0.7284
0,3bdb74a459a0,angle,4,7,19,3,88,12,5,105,0.022200509285669984,0.8094
0,3c440e336342,angle,4,7,19,3,88,12,5,105,0.02147747686433947,0.781
0,3d43e19c3796,angle,4,14,25,13,88,12,5,105,0.016688700194977316,0.9989
0,3d458c52a19c,angle,4,12,22,10,88,12,5,105,0.023455165578429648,0.9249
0,3dad662f670d,angle,4,7,19,3,88,12,5,105,0.01997628163338265,0.7583
0,3dad662f670d,angle,4,7,19,3,88,12,5,105,0.01547622322047631,0.8403
0,3dc4f3b3316b,angle,4,7,19,3,88,12,5,105,0.01884601539632699,0.8059
0,3f965b7c980c,angle,4,11,23,7,88,12,5,105,0.018057542209257434,0.9123
0,3fa44805a8fb,angle,4,11,25,9,88,12,5,105,0.016059471970871323,0.9045
0,400279313e64,angle,4,8,20,4,88,12,5,105,0.03710578420399058,0.8799
0,40edc1b22a99,angle,4,16,28,12,88,12,5,105,0.025696390762235757,1.0188
0,410b9b2c6a6e,angle,4,13,26,10,88,12,5,105,0.02317846345779079,0.9832
0,411b66ee16e9,angle,4,9,24,4,88,12,5,105,0.03375682447603837,0.859
0,413faa5bcf58,angle,4,8,20,4,88,12,5,105,0.02800833045631382,0.9603
0,41af7cfb0346,angle,4,8,20,4,88,12,5,105,0.04187457314241949,1.0034
0,41d7711f8da8,angle,4,16,25,17,88,12,5,105,0.016339629769331565,1.0565
0,41e2fae5a8c6,angle,4,8,23,3,88,12,5,105,0.04213745984917203,1.0231
0,420429e28207,angle,4,11,26,6,88,12,5,105,0.027134019142331108,0.942
0,421152573760,angle,4,14,23,11,88,12,5,105,0.022013601190961293,0.9883
0,424f11391ed6,angle,4,7,19,3,88,12,5,105,0.024426263914619738,0.7571
0,426f7e467397,angle,4,14,27,11,88,12,5,105,0.026285779688393122,1.0545
0,42a89b455fa3,angle,4,7,19,3,88,12,5,105,0.030195597224177126,0.8118
0,4395c8eef00a,angle,4,11,26,6,88,12,5,105,0.028611194398421965,0.8587
0,43a45efa6289,angle,4,11,20,8,88,12,5,105,0.01737876791505945,0.9748
0,43e4afecd68d,angle,4,12,26,10,88,12,5,105,0.04689134433021224,0.922
0,44231a1db87f,angle,4,16,26,14,88,12,5,105,0.0222535420060946,1.0929
0,442526d3391a,angle,4,13,26,10,88,12,5,105,0.023035495786392367,0.9575
0,451bb587000b,angle,4,10,23,7,88,12,5,105,0.017904892786260437,1.0796
0,4530be8601cb,angle,4,8,23,3,88,12,5,105,0.02833713219388483,0.9244
0,453606cc3383,angle,4,9,22,6,88,12,5,105,0.02092224452410826,0.8443
0,4554ee84ac36,angle,4,11,23,7,88,12,5,105,0.030070535268238614,0.9137
0,4642ee0fe6a1,angle,4,18,26,18,88,12,5,105,0.036931371314323364,1.1658
0,486c46aff793,angle,4,15,27,11,88,12,5,105,0.018061949377894123,0.9368
0,4949e7289a07,angle,4,16,23,15,88,12,5,105,0.03104853339917336,1.1029
0,4a34c636d295,angle,4,14,26,10,88,12,5,105,0.02244722873419244,1.0726
0,4a79d176dbb6,angle,4,15,25,13,88,12,5,105,0.01328403549241226,1.0363
0,4a81dc62cff5,angle,4,10,19,7,88,12,5,105,0.022401261478490433,0.853
0,4a9be18231a1,angle,4,13,26,10,88,12,5,105,0.018395969762397955,1.016
0,4b0a53601342,angle,4,10,19,7,88,12,5,105,0.02579397406109408,0.8573
0,4b4672d8aa22,angle,4,7,19,3,88,12,5,105,0.017554465186755765,0.9292
0,4b8bfdff4376,angle,4,13,26,10,88,12,5,105,0.02803807475919968,1.0077
0,4bab8e0ac91e,angle,4,15,22,14,88,12,5,105,0.02531365800035589,1.0771
0,4c9aa7f0d8ee,angle,4,9,19,7,88,12,5,105,0.032082225443562984,0.8681
0,4c9aa7f0d8ee,angle,4,9,19,7,88,12,5,105,0.03296601417918837,0.9426
0,4da117fd5f9e,angle,4,9,24,4,88,12,5,105,0.030735613181508276,0.9568
0,4dce2ec33ea4,angle,4,14,25,13,88,12,5,105,0.019302122607419706,1.1068
0,4dd29eee6719,angle,4,11,25,9,88,12,5,105,0.0196631424654195,0.9907
0,4e69cf5bb4b7,angle,4,14,23,11,88,12,5,105,0.017882097968875237,0.8962
0,4e7e4f9b6524,angle,4,8,20,4,88,12,5,105,0.04222674539360835,0.8161
0,4f97a2206863,angle,4,14,23,11,88,12,5,105,0.018757681039408898,1.008
0,4fd62dfe69e3,angle,4,16,26,14,88,12,5,105,0.015763247997868577,1.0814
0,505e705e80b3,angle,4,10,16,8,88,12,5,105,0.02509022618632489,0.837
0,505e705e80b3,angle,4,10,16,8,88,12,5,105,0.03438726764133543,0.8225
0,508166635cb9,angle,4,14,25,13,88,12,5,105,0.028909342868545587,1.0099
0,50ba4ab18d67,angle,4,16,26,14,88,12,5,105,0.029885768242427436,0.9746
0,50c469682921,angle,4,13,23,11,88,12,5,105,0.023056688719559924,0.9403
0,51d6569afc5b,angle,4,16,28,12,88,12,5,105,0.021250045164418023,1.0299
0,52143ae4ac4b,angle,4,7,16,4,88,12,5,105,0.018879434082707525,1.0631
0,52143ae4ac4b,angle,4,7,16,4,88,12,5,105,0.01635937811709455,0.7788
0,52143ae4ac4b,angle,4,7,16,4,88,12,5,105,0.027816193186655565,0.7734
0,529b780b1f70,angle,4,15,26,14,88,12,5,105,0.01656770551651605,1.0195
0,529f94be7b94,angle,4,13,22,10,88,12,5,105,0.013984771369478465,1.1425
0,52c79fc740cf,angle,4,11,25,9,88,12,5,105,0.018466085101801255,0.9594
0,53a3f72c9ea1,angle,4,16,26,14,88,12,5,105,0.025880722463226945,1.0005
0,53c62d7cf705,angle,4,8,20,4,88,12,5,105,0.03166318451133797,0.8725
0,5434f6036ce1,angle,4,8,20,4,88,12,5,105,0.032525440703490234,0.7972
0,544dc771adae,angle,4,14,23,11,88,12,5,105,0.033114951361580484,0.9792
0,54805a36a3d8,angle,4,15,27,11,88,12,5,105,0.01955903432407159,0.9415
0,550c12d300b3,angle,4,12,24,8,88,12,5,105,0.022119103450964177,0.9004
0,558352b085e0,angle,4,14,27,11,88,12,5,105,0.018730331168081867,0.9122
0,55844bffa227,angle,4,15,25,13,88,12,5,105,0.0229653007319903,0.9856
0,567e3db8447d,angle,4,15,27,11,88,12,5,105,0.03314220151998704,1.0133
0,56a1a41cbf30,angle,4,9,24,4,88,12,5,105,0.016822039759798776,0.9849
0,56a1a41cbf30,angle,4,9,24,4,88,12,5,105,0.032088177463549986,1.0659
0,56f8e24bd4c1,angle,4,8,23,3,88,12,5,105,0.025982238076104266,0.9158
0,57042f8c2ffb,angle,4,12,27,7,88,12,5,105,0.021213279360988182,0.951
0,5763d3b667b6,angle,4,11,26,6,88,12,5,105,0.036416980197972515,0.9383
0,57b754f43185,angle,4,11,23,7,88,12,5,105,0.034636928531866576,1.0138
0,57bc4117e700,angle,4,9,27,3,88,12,5,105,0.029109721106217266,0.9368
0,581655648b3f,angle,4,14,23,11,88,12,5,105,0.021122728813833827,0.921
0,584130c28827,angle,4,7,19,3,88,12,5,105,0.026870734130551552,0.8062
0,586f94ba5274,angle,4,15,27,11,88,12,5,105,0.0299081619809274,1.0572
0,58e0380490a1,angle,4,13,22,10,88,12,5,105,0.033286920941590394,0.9172
0,58ef1e13cf1b,angle,4,14,27,11,88,12,5,105,0.021449598510927464,1.218
0,59dcd8cde037,angle,4,16,26,14,88,12,5,105,0.021643151322267403,0.985
0,5a30ba13e6e1,angle,4,18,25,17,88,12,5,105,0.024144598418536528,1.1084
0,5a433251a78f,angle,4,9,19,7,88,12,5,105,0.03367992818029474,0.8228
0,5acab7ae27f6,angle,4,16,26,14,88,12,5,105,0.02333468834659926,1.0387
0,5ae60acbe778,angle,4,11,25,9,88,12,5,105,0.023827312068529796,1.0471
0,5b0b67d65323,angle,4,14,25,13,88,12,5,105,0.025829157317549246,1.0636
0,5bb14f486e18,angle,4,11,23,7,88,12,5,105,0.02839893077755717,1.1124
0,5bef1bed9a63,angle,4,13,26,10,88,12,5,105,0.026759325341393622,1.1358
0,5c110cd4d3ad,angle,4,13,23,11,88,12,5,105,0.033298253092539865,0.9242
0,5c4be7d0867a,angle,4,14,20,12,88,12,5,105,0.0394632614502331,1.0773
0,5c8acd9c9626,angle,4,13,26,10,88,12,5,105,0.025270210923770867,0.9933
0,5d59ab539dcc,angle,4,13,28,8,88,12,5,105,0.021665297025196477,1.0816
0,5d8550d26de7,angle,4,14,26,10,88,12,5,105,0.026597341649589323,0.97
0,5e2924b6db7f,angle,4,10,23,7,88,12,5,105,0.03126437907383874,0.9841
0,5edd8b055e68,angle,4,7,16,4,88,12,5,105,0.02124666517170958,0.8057
0,5edd8b055e68,angle,4,7,16,4,88,12,5,105,0.025695605350021362,0.7525
0,5f60874932a6,angle,4,4,16,0,88,12,5,105,0.03721887374116789,0.7638
0,5f6bce97f969,angle,4,11,20,8,88,12,5,105,0.021544187949395582,0.9621
0,5f884ab719a4,angle,4,14,27,11,88,12,5,105,0.031119944997770238,0.9396
0,6075780720d8,angle,4,8,20,4,88,12,5,105,0.02144274681720331,0.8209
0,6075780720d8,angle,4,8,20,4,88,12,5,105,0.024801171376593555,0.77
0,6075780720d8,angle,4,8,20,4,88,12,5,105,0.025131913390436588,0.7934
0,6075780720d8,angle,4,8,20,4,88,12,5,105,0.02129444559804066,0.7802
0,60a8006fddac,angle,4,7,16,4,88,12,5,105,0.04580003463249992,0.8092
0,60cdb38dbb38,angle,4,9,19,7,88,12,5,105,0.024520191780274706,0.9132
0,60f71c5f5f44,angle,4,12,25,9,88,12,5,105,0.020055159134112467,0.854
0,60fa7be04927,angle,4,8,20,4,88,12,5,105,0.02237044057986683,0.8688
0,6190c1fd75d3,angle,4,9,22,6,88,12,5,105,0.027129754650557104,0.9123
0,61c04d782603,angle,4,7,16,4,88,12,5,105,0.03798213501567593,0.8351
0,61d483adacb5,angle,4,13,26,10,88,12,5,105,0.017754393227022047,0.9662
0,61d8ee298451,angle,4,14,20,12,88,12,5,105,0.04686234392844734,1.7138
0,62e8205aea43,angle,4,15,27,11,88,12,5,105,0.017472517488918062,1.2578
0,631ea99bc43c,angle,4,12,24,8,88,12,5,105,0.030213825654686135,0.9627
0,633cc0801dab,angle,4,12,25,9,88,12,5,105,0.023248418690057164,0.9838
0,6367f12b0a3b,angle,4,14,23,11,88,12,5,105,0.03545396664276185,1.0729
0,63f91ae70bc9,angle,4,13,26,10,88,12,5,105,0.023740655217530816,0.9539
0,63f92903b7da,angle,4,14,26,10,88,12,5,105,0.015620810557896197,1.0016
0,643641ecf7ec,angle,4,12,27,7,88,12,5,105,0.02309521697178561,1.088
0,6500db73b157,angle,4,11,23,7,88,12,5,105,0.028566565823989476,0.8209
0,654ce9a713ec,angle,4,17,26,14,88,12,5,105,0.031233722087292023,1.0659
0,660686604c65,angle,4,10,22,6,88,12,5,105,0.020411581781819562,0.8517
0,664ebfae93dd,angle,4,15,26,14,88,12,5,105,0.028614452720299315,1.0673
0,6656ca701b62,angle,4,15,25,13,88,12,5,105,0.021733228041100876,0.9655
0,66f573445933,angle,4,16,28,12,88,12,5,105,0.021994112553585077,0.9973
0,67aaf30d6a66,angle,4,15,26,14,88,12,5,105,0.015049463894768465,1.0153
0,67d58a8439aa,angle,4,4,16,0,88,12,5,105,0.0418692865092541,0.7998
0,68ad74bbf251,angle,4,12,22,10,88,12,5,105,0.02660710341764842,0.8452
0,691c49120766,angle,4,10,23,7,88,12,5,105,0.017614255014511793,0.8882
0,697afbdf8daa,angle,4,10,19,7,88,12,5,105,0.04230971366595732,0.8658
0,6a29efbc4db1,angle,4,14,26,10,88,12,5,105,0.016875905655773144,1.052
0,6a2bc7144044,angle,4,11,22,10,88,12,5,105,0.02911500826086851,0.949
0,6b81026e8dc1,angle,4,12,27,7,88,12,5,105,0.018990091646624237,1.0858
0,6bb08e12002d,angle,4,9,24,4,88,12,5,105,0.026416920317498486,0.8677
0,6bced5a08fbb,angle,4,7,19,3,88,12,5,105,0.021260376499221672,0.7404
0,6c06e2848b17,angle,4,11,26,6,88,12,5,105,0.021582187043922976,1.1825
0,6c1699daf1ec,angle,4,16,23,15,88,12,5,105,0.04760062492580576,0.9518
0,6c71145ed992,angle,4,8,20,4,88,12,5,105,0.027707313075328276,0.7741
0,6cc7e7dd8d50,angle,4,17,26,14,88,12,5,105,0.01835940631308371,1.1562
0,6d4a03999dd0,angle,4,15,25,13,88,12,5,105,0.022268713590910247,0.9807
0,6d6a31ff0afd,angle,4,10,19,7,88,12,5,105,0.042507030213709635,0.9016
0,6dd137af510f,angle,4,7,19,3,88,12,5,105,0.01618698242633385,0.8027
0,6de30d805df0,angle,4,7,19,3,88,12,5,105,0.02685964869352661,0.7457
0,6df3d7537ca4,angle,4,7,16,4,88,12,5,105,0.03906384987770906,0.7636
0,6e24630f70db,angle,4,4,16,0,88,12,5,105,0.03528923569563869,0.7113
0,6f35829dac41,angle,4,9,24,4,88,12,5,105,0.02304356258604179,0.9688
0,6f3d2137c78b,angle,4,14,26,10,88,12,5,105,0.026249300047175763,1.0439
0,6f8da0858071,angle,4,15,27,11,88,12,5,105,0.027619635107312825,1.053
0,6fcfed41d352,angle,4,11,23,7,88,12,5,105,0.023087821461545383,1.2482
0,6fd834c8cb22,angle,4,10,19,7,88,12,5,105,0.03040708089841081,0.8414
0,702068993771,angle,4,15,27,11,88,12,5,105,0.022122735448312086,1.058
0,70317631cdc5,angle,4,15,27,11,88,12,5,105,0.02371333240725438,0.9482
0,704dd67903d8,angle,4,15,25,13,88,12,5,105,0.02926246924427698,1.0934
0,711973c45164,angle,4,11,23,7,88,12,5,105,0.02338997041134041,0.888
0,712d8aea6e74,angle,4,15,24,12,88,12,5,105,0.020512146368264324,0.9831
0,7153c5bd5f0c,angle,4,15,27,11,88,12,5,105,0.02656990585723892,1.0092
0,718b5ae24e65,angle,4,13,26,10,88,12,5,105,0.015488007185109282,0.8679
0,71fd367bd6d4,angle,4,9,27,3,88,12,5,105,0.018007910558505195,1.126
0,72f7705457f9,angle,4,15,22,14,88,12,5,105,0.018206241051814297,0.9652
0,739e89a9eafc,angle,4,13,28,8,88,12,5,105,0.020589351047756364,0.9729
0,73d29ae4e3f7,angle,4,10,23,7,88,12,5,105,0.01638155478551232,0.9091
0,745de1e38a7b,angle,4,14,27,11,88,12,5,105,0.022124113666865702,0.9512
0,74ffdff890fb,angle,4,10,19,7,88,12,5,105,0.01702277499421689,0.833
0,7620e6e060af,angle,4,11,23,7,88,12,5,105,0.015715559415233043,1.0209
0,7623f278a174,angle,4,7,16,4,88,12,5,105,0.029992783963478185,0.8452
0,7623f278a174,angle,4,7,16,4,88,12,5,105,0.04330269738733017,0.7896
0,7623f278a174,angle,4,7,16,4,88,12,5,105,0.025126098722503338,0.8091
0,7623f278a174,angle,4,7,16,4,88,12,5,105,0.0319453140445522,0.8207
0,76c179aa9174,angle,4,11,25,9,88,12,5,105,0.02212172869996724,0.9813
0,76c74b79cb97,angle,4,7,16,4,88,12,5,105,0.044033383828412834,0.7338
0,76c74b79cb97,angle,4,7,16,4,88,12,5,105,0.03871727962142462,0.7781
0,772495a64140,angle,4,7,16,4,88,12,5,105,0.027433650571768498,0.7651
0,772495a64140,angle,4,7,16,4,88,12,5,105,0.02865087883216799,0.8232
0,772495a64140,angle,4,7,16,4,88,12,5,105,0.0261208822267098,0.8648
0,77b9e6ccc69b,angle,4,13,26,10,88,12,5,105,0.02411739932152006,0.963
0,77f82040d1b0,angle,4,16,26,14,88,12,5,105,0.02997611534627176,1.0281
0,78391ec1dd4e,angle,4,13,26,10,88,12,5,105,0.026533861569520444,0.8739
0,787e08f12526,angle,4,9,24,4,88,12,5,105,0.022452882789564175,0.9357
0,78a3bfe288a4,angle,4,16,26,14,88,12,5,105,0.026816052213716135,1.1021
0,796f568e26df,angle,4,14,23,11,88,12,5,105,0.021333213180261164,1.023
0,7a79f2aad316,angle,4,15,27,11,88,12,5,105,0.02255301641561619,1.1427
0,7a884348d018,angle,4,13,26,10,88,12,5,105,0.03163509334571035,1.0847
0,7aa160862020,angle,4,13,26,10,88,12,5,105,0.015087964076343741,0.9893
0,7aa4385c2757,angle,4,14,20,12,88,12,5,105,0.020903605147276173,0.9118
0,7ab9957880a7,angle,4,17,26,14,88,12,5,105,0.02170220889216198,0.9573
0,7b9f3777809f,angle,4,16,26,14,88,12,5,105,0.03682791032164309,1.0717
0,7c3c8dc27451,angle,4,11,23,7,88,12,5,105,0.02251467811920509,0.9258
0,7ca54db163a2,angle,4,8,23,3,88,12,5,105,0.036657172950455744,0.8917
0,7e428a0a1e55,angle,4,13,19,11,88,12,5,105,0.029177452904585552,0.9213
0,7e6e5f8e3987,angle,4,11,23,7,88,12,5,105,0.018327675295463322,0.9095
0,7f3aed384f51,angle,4,4,16,0,88,12,5,105,0.03169912800300711,0.7059
0,7f45c2abd1a8,angle,4,12,27,7,88,12,5,105,0.027213255328673837,0.9873
0,7f730f43f251,angle,4,8,20,4,88,12,5,105,0.023897175041716952,0.884
0,7fbb3daf8f7e,angle,4,8,23,3,88,12,5,105,0.025199274519946344,0.8445
0,7fe64746228a,angle,4,12,24,8,88,12,5,105,0.03757275953450704,0.9458
0,8003fa6cf58d,angle,4,13,26,10,88,12,5,105,0.018109761456362432,1.0852
0,80efcde460dd,angle,4,4,16,0,88,12,5,105,0.03605648050015221,0.7047
0,8166c1b7bfe4,angle,4,15,27,11,88,12,5,105,0.013951449261179265,0.9808
0,82385199fc7f,angle,4,17,27,15,88,12,5,105,0.026759743380542638,1.2544
0,82741cbc2658,angle,4,14,23,11,88,12,5,105,0.039032143685284966,0.9743
0,82a6995d4eda,angle,4,16,28,12,88,12,5,105,0.03478199267396006,1.0697
0,82f9524febc8,angle,4,12,25,9,88,12,5,105,0.017359679747095118,0.9078
0,83095b4f86b5,angle,4,10,23,7,88,12,5,105,0.0239978628406931,0.8917
0,835310aff28f,angle,4,14,27,11,88,12,5,105,0.021262444409404578,1.3807
0,836b48983d5f,angle,4,12,22,10,88,12,5,105,0.028492667614238666,1.0292
0,84073a800780,angle,4,11,23,7,88,12,5,105,0.028922291349665317,0.7855
0,8467e083f3ce,angle,4,11,20,8,88,12,5,105,0.015164222875483756,0.8516
0,86190013eba1,angle,4,11,20,8,88,12,5,105,0.03943984128367172,0.8938
0,8654235724f0,angle,4,8,23,3,88,12,5,105,0.022127923386064296,0.8975
0,86adb6818840,angle,4,11,26,6,88,12,5,105,0.023160937910665542,0.974
0,880b6af94720,angle,4,10,19,7,88,12,5,105,0.031648977413399206,0.8066
0,890084d30a7b,angle,4,10,23,7,88,12,5,105,0.025409990683696062,0.8921
0,896e06e31232,angle,4,9,22,6,88,12,5,105,0.026853872397204555,0.9158
0,8a1b91cc9467,angle,4,4,16,0,88,12,5,105,0.0290954339105943,0.6781
0,8b00213559ef,angle,4,10,23,7,88,12,5,105,0.029422276148294495,0.8082
0,8b11b1406e2c,angle,4,15,27,11,88,12,5,105,0.018352570541284825,0.8891
0,8b3f5c70e7ed,angle,4,13,23,11,88,12,5,105,0.026842989826988566,0.9484
0,8b55213400cb,angle,4,15,27,11,88,12,5,105,0.023252588973633456,1.0268
0,8b975a728ca1,angle,4,7,16,4,88,12,5,105,0.03271140623695505,0.792
0,8b975a728ca1,angle,4,7,16,4,88,12,5,105,0.03563333058710016,0.8012
0,8b975a728ca1,angle,4,7,16,4,88,12,5,105,0.03713026692061416,0.7859
0,8d75aa091e7c,angle,4,13,26,10,88,12,5,105,0.02565743972040341,1.0884
0,8ddfbc4f643b,angle,4,14,25,13,88,12,5,105,0.022095547441218027,0.9693
0,8e02506194bd,angle,4,12,24,8,88,12,5,105,0.016053958915455586,1.1265
0,8e249f067bad,angle,4,18,27,15,88,12,5,105,0.037364024260933285,1.1476
0,8e52234e7949,angle,4,12,22,10,88,12,5,105,0.023334924059704276,1.031
0,8e6c56226a8f,angle,4,14,23,11,88,12,5,105,0.02148579914513354,0.9259
0,8f62e9e3f581,angle,4,13,19,11,88,12,5,105,0.03470979838548776,0.9355
0,8fea3c837ab6,angle,4,15,24,12,88,12,5,105,0.017423072395657175,1.0807
0,9004f02d23b4,angle,4,11,20,8,88,12,5,105,0.026640541458884368,1.0124
0,900aa8d34eaf,angle,4,9,19,7,88,12,5,105,0.019337845227198967,0.9
0,906f20894401,angle,4,10,23,7,88,12,5,105,0.03298572679103898,0.8837
0,909e61b5b215,angle,4,14,27,11,88,12,5,105,0.01569813521097595,0.9678
0,919ae2e29f5e,angle,4,13,26,10,88,12,5,105,0.03263726800079535,1.2275
0,91e5529b4e5a,angle,4,11,26,6,88,12,5,105,0.0388504559297391,1.1346
0,92341d8b55dd,angle,4,12,26,10,88,12,5,105,0.03941357299233912,1.0674
0,9258b879a16a,angle,4,7,19,3,88,12,5,105,0.020641069626030642,0.7484
0,9298c6e7278a,angle,4,12,25,9,88,12,5,105,0.021664311209489504,0.8794
0,93916413df33,angle,4,12,25,9,88,12,5,105,0.0318275146291149,1.308
0,942e2f1e42a2,angle,4,16,26,14,88,12,5,105,0.01748553570840148,1.0755
0,94fb7639dec4,angle,4,13,26,10,88,12,5,105,0.019425038803974268,1.1953
0,95253be08eb4,angle,4,8,20,4,88,12,5,105,0.01973098757555743,0.804
0,955df1cb61af,angle,4,13,22,10,88,12,5,105,0.022263717677851694,0.9492
0,957aefa08a34,angle,4,15,27,11,88,12,5,105,0.020887567527446194,1.1954
0,95b94d178edd,angle,4,10,16,8,88,12,5,105,0.03463894677981658,0.9992
0,95b94d178edd,angle,4,10,16,8,88,12,5,105,0.038756014489468096,0.8166
0,95bd492161a0,angle,4,11,20,8,88,12,5,105,0.02547299909574344,0.9993
0,95fc707fab7b,angle,4,13,26,10,88,12,5,105,0.019882071180293556,0.9772
0,97a32f68dbb1,angle,4,12,24,8,88,12,5,105,0.03745729730596179,1.1792
0,97a9fea463c4,angle,4,7,19,3,88,12,5,105,0.03453449129877463,0.9759
0,97e55821adb0,angle,4,13,26,10,88,12,5,105,0.020715154634614815,0.9906
0,97fc797ea1be,angle,4,8,20,4,88,12,5,105,0.024924826369363395,0.7631
0,9897b38621dc,angle,4,14,25,13,88,12,5,105,0.03834750099040365,1.0058
0,9904b7b570f4,angle,4,11,20,8,88,12,5,105,0.03539057983121211,0.9106
0,99bd7cb33a0a,angle,4,14,22,14,88,12,5,105,0.022759234559452717,1.007
0,9ad604f29ffc,angle,4,10,22,6,88,12,5,105,0.023895976056193622,0.8274
0,9ad9b576edc6,angle,4,13,23,11,88,12,5,105,0.01584065379924945,0.972
0,9aef9de3e788,angle,4,7,19,3,88,12,5,105,0.03413891541370899,0.9139
0,9b6f85eb7e91,angle,4,17,26,14,88,12,5,105,0.019857581226793427,1.0662
0,9bd63785281d,angle,4,10,19,7,88,12,5,105,0.017276128505453743,0.8749
0,9ceb2d4f4a42,angle,4,7,16,4,88,12,5,105,0.029601572711538682,0.7751
0,9ceb2d4f4a42,angle,4,7,16,4,88,12,5,105,0.023428896719792525,0.8695
0,9d3d669b3e4f,angle,4,13,25,9,88,12,5,105,0.03419916111898728,0.9874
0,9d3d9df7db75,angle,4,9,22,6,88,12,5,105,0.020189197778990507,0.7881
0,9d5a063356a2,angle,4,17,23,15,88,12,5,105,0.032928223774945156,0.9446
0,9eaeedb418c6,angle,4,13,22,10,88,12,5,105,0.029477480442958958,0.8566
0,9ff596b18dd0,angle,4,9,19,7,88,12,5,105,0.02013303085658349,0.8515
0,a16094152700,angle,4,12,27,7,88,12,5,105,0.018213668940953828,0.956
0,a174e9f96299,angle,4,10,23,7,88,12,5,105,0.016993410976881278,0.877
0,a2fe832011fe,angle,4,15,27,11,88,12,5,105,0.037294005613431706,1.079
0,a3953059e72f,angle,4,11,20,8,88,12,5,105,0.046085981045024295,0.881
0,a3b5207cc038,angle,4,7,19,3,88,12,5,105,0.028142482545340176,0.8572
0,a47c65c75332,angle,4,10,22,6,88,12,5,105,0.031148279209914483,0.9192
0,a48dc69424a3,angle,4,16,26,14,88,12,5,105,0.015455970810856434,1.2386
0,a4b00c19cd42,angle,4,15,24,12,88,12,5,105,0.04331691034111662,0.9957
0,a5678618d742,angle,4,13,23,11,88,12,5,105,0.0256995114383501,0.9563
0,a57b9bfff4ea,angle,4,4,16,0,88,12,5,105,0.03472914672350383,0.7715
0,a57b9bfff4ea,angle,4,4,16,0,88,12,5,105,0.037067039844491334,0.7219
0,a5a06a6be46a,angle,4,10,22,6,88,12,5,105,0.026752354768418724,0.9499
0,a5d4bf93423d,angle,4,12,22,10,88,12,5,105,0.02489000529139993,0.9134
0,a65199330d09,angle,4,7,19,3,88,12,5,105,0.02154407027724521,0.841
0,a6a0373c4b3f,angle,4,13,26,10,88,12,5,105,0.022894278016968285,0.9701
0,a6c78bdc6771,angle,4,11,23,7,88,12,5,105,0.015440775551564678,0.9562
0,a6c78bdc6771,angle,4,11,23,7,88,12,5,105,0.018918541407402796,0.9368
0,a7031cced22d,angle,4,10,23,7,88,12,5,105,0.022915222610793713,0.8823
0,a70ed100eec4,angle,4,7,19,3,88,12,5,105,0.03314240080822888,0.8759
0,a7b79167a48b,angle,4,7,16,4,88,12,5,105,0.03573604283655248,0.7719
0,a7d65bdad6c4,angle,4,9,22,6,88,12,5,105,0.025712978389470915,0.8649
0,a7e735c5993c,angle,4,15,27,11,88,12,5,105,0.023801942683838055,1.0409
0,a832a9e9b473,angle,4,15,24,12,88,12,5,105,0.02180346476125739,1.1728
0,a90b47506c0b,angle,4,10,19,7,88,12,5,105,0.030869689365494855,0.933
0,a97d940df2b6,angle,4,10,22,6,88,12,5,105,0.02733084255177576,0.8492
0,a9c6df791c00,angle,4,15,24,12,88,12,5,105,0.01876178261478988,0.9676
0,a9ea3292bd0a,angle,4,7,19,3,88,12,5,105,0.02342074377238394,0.9326
0,aa1428fbe200,angle,4,14,26,10,88,12,5,105,0.02010550580805585,0.9583
0,aa66db1b62cd,angle,4,14,23,11,88,12,5,105,0.02173216189199025,0.9606
0,aac25e7d8468,angle,4,4,16,0,88,12,5,105,0.036162850402582686,0.7401
0,aac25e7d8468,angle,4,4,16,0,88,12,5,105,0.03673503463620203,0.8351
0,aac25e7d8468,angle,4,4,16,0,88,12,5,105,0.03606101563262817,0.7085
0,aaf73147edc8,angle,4,10,19,7,88,12,5,105,0.02333270302506329,1.129
0,ab0f72e83e4e,angle,4,10,23,7,88,12,5,105,0.025667459353001673,0.8165
0,ab8c52707bed,angle,4,16,25,13,88,12,5,105,0.015944105015974867,1.1328
0,ad31888f15f0,angle,4,10,19,7,88,12,5,105,0.02500703892691725,0.9206
0,ae22498a0835,angle,4,7,19,3,88,12,5,105,0.02539556182925482,0.9089
0,ae5581473b3c,angle,4,12,25,9,88,12,5,105,0.020841498516299753,0.9885
0,ae6343d66770,angle,4,7,16,4,88,12,5,105,0.025410376785144583,0.8431
0,aea67b7c2242,angle,4,9,22,6,88,12,5,105,0.03290620778677518,0.857
0,aec03884f9bf,angle,4,12,22,10,88,12,5,105,0.04714321701573198,0.9468
0,af0a201762aa,angle,4,10,16,8,88,12,5,105,0.04475193658807681,0.811
0,aff2f1d6be55,angle,4,12,27,7,88,12,5,105,0.036575313530039046,0.9981
0,b06fc036c87f,angle,4,11,20,8,88,12,5,105,0.021421302558812666,0.8358
0,b0fc08291f0f,angle,4,7,16,4,88,12,5,105,0.03188557741660751,0.7678
0,b2beed92b819,angle,4,8,20,4,88,12,5,105,0.03113657413843291,0.9406
0,b2d9e07aaee9,angle,4,7,19,3,88,12,5,105,0.026909967559419733,0.7946
0,b38162d761bf,angle,4,11,25,9,88,12,5,105,0.014349298059282378,0.9255
0,b393daf5dc0a,angle,4,7,19,3,88,12,5,105,0.023501867478238195,0.8574
0,b393daf5dc0a,angle,4,7,19,3,88,12,5,105,0.019371081685703593,0.8126
0,b39ac086e971,angle,4,7,19,3,88,12,5,105,0.01942182823429853,0.7752
0,b39ac086e971,angle,4,7,19,3,88,12,5,105,0.02255961475849899,0.7563
0,b46576ec76bb,angle,4,9,22,6,88,12,5,105,0.021497825648882474,0.8617
0,b4bf26200f1f,angle,4,13,19,11,88,12,5,105,0.02138205062538906,0.9652
0,b594753a2461,angle,4,15,27,11,88,12,5,105,0.018413919013320866,1.0515
0,b5fd42562ab6,angle,4,13,28,8,88,12,5,105,0.02636305439275404,0.9604
0,b62ea45650c8,angle,4,20,26,18,88,12,5,105,0.032233732684387034,1.0571
0,b687edc80564,angle,4,20,26,18,88,12,5,105,0.02285504843071183,1.1973
0,b68e14d80c9e,angle,4,17,27,15,88,12,5,105,0.020322420112092506,1.3054
0,b75ccb812196,angle,4,10,23,7,88,12,5,105,0.02297806398609632,1.1078
0,b7af79f0e80a,angle,4,12,22,10,88,12,5,105,0.01954629062823132,0.9912
0,b8fb23fb397f,angle,4,7,19,3,88,12,5,105,0.03468698167168006,0.8137
0,b911c67dae93,angle,4,12,27,7,88,12,5,105,0.019487587475409907,1.0121
0,b9614faab4f0,angle,4,11,23,7,88,12,5,105,0.025879349281698015,0.8694
0,ba93c591a12a,angle,4,7,19,3,88,12,5,105,0.03019909088154082,0.8356
0,bacf645399ae,angle,4,11,23,7,88,12,5,105,0.021765502186185278,1.0474
0,bb1f3ce16620,angle,4,12,25,9,88,12,5,105,0.027456348422639734,1.3349
0,bb215d5b0cd3,angle,4,10,19,7,88,12,5,105,0.028136943653997798,0.9212
0,bb5d81def085,angle,4,9,22,6,88,12,5,105,0.02210663380708261,0.7939
0,bb7d47401a79,angle,4,12,26,10,88,12,5,105,0.020792444608800524,1.1019
0,bc720bd8e4f4,angle,4,14,23,11,88,12,5,105,0.017473454390868278,1.0516
0,bd1259358abc,angle,4,12,25,9,88,12,5,105,0.01997136062137434,0.9128
0,bd3dd1537429,angle,4,11,23,7,88,12,5,105,0.018138571749881156,0.8939
0,bdcad8be0e2e,angle,4,16,22,14,88,12,5,105,0.03386050984821572,1.0062
0,bdec55df117d,angle,4,8,20,4,88,12,5,105,0.016366171025753957,0.8577
0,be2d3fd6e5a9,angle,4,4,16,0,88,12,5,105,0.030024648986737984,0.7081
0,be2d3fd6e5a9,angle,4,4,16,0,88,12,5,105,0.02813578035734816,0.7431
0,be2d3fd6e5a9,angle,4,4,16,0,88,12,5,105,0.03489229098660744,0.8285
0,be2d3fd6e5a9,angle,4,4,16,0,88,12,5,105,0.040786248360113235,0.7271
0,be2e4b782fed,angle,4,7,19,3,88,12,5,105,0.021670830971787042,0.8238
0,be389d001c2b,angle,4,7,19,3,88,12,5,105,0.028711159376871475,0.7794
0,be6c9c8d0cf6,angle,4,7,19,3,88,12,5,105,0.0197109862976142,0.8353
0,bf1593c370d7,angle,4,13,23,11,88,12,5,105,0.029950175361217444,0.9707
0,bf22ee537dc6,angle,4,9,22,6,88,12,5,105,0.030192808153916572,0.9552
0,bf243143325e,angle,4,9,22,6,88,12,5,105,0.017189771771136703,0.9494
0,bfdd023a4ee1,angle,4,9,19,7,88,12,5,105,0.01718252551137874,0.9369
0,bff30b1afefc,angle,4,14,26,10,88,12,5,105,0.017661590223507082,1.0493
0,c027b3ff6837,angle,4,16,28,12,88,12,5,105,0.024310642165059012,1.0175
0,c0547c26c8ab,angle,4,10,23,7,88,12,5,105,0.024667067504569835,0.832
0,c06044b25e7e,angle,4,8,23,3,88,12,5,105,0.022504932047321673,0.9904
0,c06e1edf1233,angle,4,13,23,11,88,12,5,105,0.019523510584552962,1.0859
0,c0ec96a7cc8e,angle,4,13,26,10,88,12,5,105,0.01552879994602892,0.9371
0,c1424f661832,angle,4,12,22,10,88,12,5,105,0.027182094475446297,1.0234
0,c179f37e9c4c,angle,4,13,26,10,88,12,5,105,0.01636343228656119,0.996
0,c1ac7d024ebd,angle,4,10,26,6,88,12,5,105,0.033656584072967656,0.9669
0,c20255af3036,angle,4,12,22,10,88,12,5,105,0.024489292559620734,0.9347
0,c2dd9153cefe,angle,4,15,27,11,88,12,5,105,0.02593700566294476,0.9996
0,c2eca951b3e6,angle,4,15,27,11,88,12,5,105,0.01668902036827378,1.0971
0,c37410d1ad63,angle,4,10,19,7,88,12,5,105,0.030167422698473383,1.1102
0,c3f3e61f1634,angle,4,10,23,7,88,12,5,105,0.03183963072703543,0.9634
0,c4117f5baf3a,angle,4,11,23,7,88,12,5,105,0.01764710780482687,0.8513
0,c41711c2a15d,angle,4,15,27,11,88,12,5,105,0.027093992394360483,0.9608
0,c42e90890b00,angle,4,14,27,11,88,12,5,105,0.015891325059142588,1.0422
0,c451bff68e81,angle,4,10,22,6,88,12,5,105,0.023548499529366156,0.8936
0,c4a6e0705920,angle,4,10,19,7,88,12,5,105,0.03995027403798591,0.8787
0,c527d4e4bea6,angle,4,5,20,0,88,12,5,105,0.032524189678709,0.8129
0,c6173d44228b,angle,4,13,26,10,88,12,5,105,0.014827654103915745,0.9161
0,c675b26216e4,angle,4,9,22,6,88,12,5,105,0.0234284791225981,0.8718
0,c67c2d007731,angle,4,7,19,3,88,12,5,105,0.023407612011009545,0.8702
0,c6d8df5ab1cf,angle,4,14,20,12,88,12,5,105,0.028817635439652028,0.9281
0,c6fd38d31747,angle,4,19,26,18,88,12,5,105,0.031040328488354967,1.1145
0,c79c141aae90,angle,4,12,24,8,88,12,5,105,0.030802702605683706,0.9521
0,c7e02d89194a,angle,4,10,26,6,88,12,5,105,0.020494635294309616,0.8833
0,c7f863da692b,angle,4,12,19,11,88,12,5,105,0.02516049320287197,0.8669
0,c90a530e4042,angle,4,7,16,4,88,12,5,105,0.028669675689797863,0.8163
0,c90a530e4042,angle,4,7,16,4,88,12,5,105,0.02374455457680655,0.8284
0,c90ba2e68606,angle,4,7,19,3,88,12,5,105,0.031943238348760006,0.8539
0,c9b078dfbfd4,angle,4,8,23,3,88,12,5,105,0.020870616626936175,0.8443
0,cc7ef5e32419,angle,4,10,16,8,88,12,5,105,0.025328105035563354,0.839
0,cc7ef5e32419,angle,4,10,16,8,88,12,5,105,0.032596209651503706,0.9003
0,cc7ef5e32419,angle,4,10,16,8,88,12,5,105,0.024959653462738148,0.8162
0,cd34855b8f3d,angle,4,13,26,10,88,12,5,105,0.015591128397009688,0.8757
0,cd37acc331a2,angle,4,13,22,10,88,12,5,105,0.03121112276582303,0.9809
0,cd763c399386,angle,4,10,19,7,88,12,5,105,0.0286386927433695,0.9253
0,cd83f6e9cb10,angle,4,10,28,4,88,12,5,105,0.019895725954787963,0.9863
0,cda62859235e,angle,4,13,26,10,88,12,5,105,0.01679131100937412,0.9792
0,cddf0a6c3042,angle,4,14,26,10,88,12,5,105,0.01967290469499247,0.9649
0,ce0d4d1fefd4,angle,4,12,26,10,88,12,5,105,0.01769155241780024,1.1057
0,ce15b78f8ea5,angle,4,12,24,8,88,12,5,105,0.026164067835628177,0.9772
0,ce2203b998be,angle,4,10,23,7,88,12,5,105,0.02703012990846712,0.9314
0,ce4140f80c79,angle,4,21,25,21,88,12,5,105,0.02656571923111813,1.0608
0,cf3a21ca2436,angle,4,10,19,7,88,12,5,105,0.014705358128783402,0.8565
0,cf5aa1c95316,angle,4,14,22,14,88,12,5,105,0.032814780774235615,0.9923
0,d04aed8c9fd7,angle,4,11,25,9,88,12,5,105,0.015147513891879977,0.9112
0,d0505626bf76,angle,4,17,27,15,88,12,5,105,0.026207723888525318,1.066
0,d1b5248a49c2,angle,4,11,20,8,88,12,5,105,0.014917766430759618,1.0656
0,d2117d539262,angle,4,11,22,10,88,12,5,105,0.022234428739247542,0.9669
0,d26f97ba10b6,angle,4,19,25,17,88,12,5,105,0.021915291898042075,1.0378
0,d28bc0c48242,angle,4,10,19,7,88,12,5,105,0.03238899441485344,0.8433
0,d2f93a67c322,angle,4,7,19,3,88,12,5,105,0.021878451499668394,0.759
0,d3a2faff38e1,angle,4,12,24,8,88,12,5,105,0.0201220921461476,1.0707
0,d3de2b12f218,angle,4,14,26,10,88,12,5,105,0.014816270974189489,1.0842
0,d45c1574c4c0,angle,4,5,20,0,88,12,5,105,0.030499276393225375,0.8373
0,d45c1574c4c0,angle,4,5,20,0,88,12,5,105,0.033690603463488566,0.8063
0,d4770c6298a7,angle,4,19,28,16,88,12,5,105,0.022592419557785865,0.9421
0,d4a0a85e103c,angle,4,14,27,11,88,12,5,105,0.03484817495726851,1.0493
0,d5809ce65312,angle,4,14,27,11,88,12,5,105,0.01795183929576804,1.0694
0,d5bb027f1e42,angle,4,10,22,6,88,12,5,105,0.021805224867061854,0.8542
0,d5c082b51b85,angle,4,9,19,7,88,12,5,105,0.03846259790444233,0.931
0,d67f6e28521a,angle,4,17,26,14,88,12,5,105,0.02975072127961345,1.0625
0,d69dff9a43d8,angle,4,11,23,7,88,12,5,105,0.03322157462158354,0.917
0,d6fea5c20899,angle,4,16,28,12,88,12,5,105,0.01639034124236329,0.9838
0,d74bdc03a332,angle,4,11,22,10,88,12,5,105,0.02468765047435431,1.0045
0,d74db9a4233e,angle,4,11,25,9,88,12,5,105,0.02219680801274437,0.8805
0,d774fd5de5ad,angle,4,12,25,9,88,12,5,105,0.017890333134183575,1.0819
0,d84d5bfdc612,angle,4,14,23,11,88,12,5,105,0.01775136877885535,1.1931
0,d87f6b00d8b8,angle,4,7,19,3,88,12,5,105,0.03134765340074056,0.7509
0,d885d2bef868,angle,4,10,16,8,88,12,5,105,0.03570259740396448,0.833
0,d885d2bef868,angle,4,10,16,8,88,12,5,105,0.029808251054353616,0.8819
0,d9556a413df7,angle,4,9,22,6,88,12,5,105,0.014930475700206615,0.8115
0,d9755755003b,angle,4,12,25,9,88,12,5,105,0.016465908060414248,0.8958
0,d97ccd04f4f5,angle,4,7,16,4,88,12,5,105,0.03387263464881569,0.7917
0,d97ccd04f4f5,angle,4,7,16,4,88,12,5,105,0.03270195846285667,0.8888
0,d992b6e811f8,angle,4,12,25,9,88,12,5,105,0.020720972804728715,0.9391
0,d9e4656c858c,angle,4,10,23,7,88,12,5,105,0.03651423602907698,0.909
0,da6b62ffa4da,angle,4,11,23,7,88,12,5,105,0.02269297582279713,0.818
0,da87dd27fac1,angle,4,13,26,10,88,12,5,105,0.018399903455653014,1.0094
0,db4c808f6b28,angle,4,14,25,13,88,12,5,105,0.02274927075614061,1.0232
0,db5dbee8ace8,angle,4,14,23,11,88,12,5,105,0.022823801868989364,1.0123
0,dc63c6e12cac,angle,4,11,23,7,88,12,5,105,0.05193736830225432,1.0345
0,dcfd64d8bcb7,angle,4,13,22,10,88,12,5,105,0.025419860848877467,0.8839
0,dd3d12e5859e,angle,4,13,26,10,88,12,5,105,0.016642635777184996,0.9342
0,dd81f2617d89,angle,4,15,27,11,88,12,5,105,0.017983060527735795,0.9576
0,de91c9f59a10,angle,4,10,22,6,88,12,5,105,0.017807392777339937,0.9089
0,de968222edba,angle,4,13,22,10,88,12,5,105,0.023700060772553252,0.891
0,df4ba69b0d8c,angle,4,15,25,13,88,12,5,105,0.024462978053917388,0.9706
0,e13f09b8a58a,angle,4,4,16,0,88,12,5,105,0.03406076469216786,0.6977
0,e13f09b8a58a,angle,4,4,16,0,88,12,5,105,0.0383002516791834,0.7187
0,e13f09b8a58a,angle,4,4,16,0,88,12,5,105,0.03539860097191001,0.7135
0,e1a6ea0952b4,angle,4,8,20,4,88,12,5,105,0.030834435185527306,0.8842
0,e1ea8443f62d,angle,4,15,27,11,88,12,5,105,0.026845448413499434,0.9771
0,e2cdb1fcca06,angle,4,10,23,7,88,12,5,105,0.026407463346764793,0.9841
0,e2f20e7bf367,angle,4,8,20,4,88,12,5,105,0.018375399479654407,0.8443
0,e3cb5e229ee2,angle,4,15,25,13,88,12,5,105,0.02543037633161013,1.0083
0,e3f13f7f4e6d,angle,4,11,20,8,88,12,5,105,0.03585886531030882,0.8827
0,e40bfcf340cb,angle,4,8,23,3,88,12,5,105,0.030098978927749064,0.9237
0,e425705d298f,angle,4,10,26,6,88,12,5,105,0.026202579154977812,1.0044
0,e45d92571457,angle,4,11,20,8,88,12,5,105,0.04435192032199816,0.8794
0,e556967495b4,angle,4,7,19,3,88,12,5,105,0.02295759881953187,0.7496
0,e5eb108f43cd,angle,4,4,16,0,88,12,5,105,0.03843687223694297,0.868
0,e5eb108f43cd,angle,4,4,16,0,88,12,5,105,0.031116135172659338,0.7074
0,e603adab834b,angle,4,8,20,4,88,12,5,105,0.02896403327331536,0.8174
0,e63d377f086f,angle,4,7,19,3,88,12,5,105,0.021424219615612958,0.7648
0,e6478efe08cb,angle,4,12,25,9,88,12,5,105,0.025070395444611933,0.9069
0,e69df03d0c42,angle,4,8,23,3,88,12,5,105,0.03796260526954221,0.9524
0,e6d3c1ca478a,angle,4,12,26,10,88,12,5,105,0.025811987675415173,0.9327
0,e6ef0fc23911,angle,4,4,16,0,88,12,5,105,0.035608382233571295,0.6939
0,e6ef0fc23911,angle,4,4,16,0,88,12,5,105,0.030220348748329698,0.7475
0,e6ef0fc23911,angle,4,4,16,0,88,12,5,105,0.03192912297189905,0.7173
0,e725332c6124,angle,4,12,25,9,88,12,5,105,0.02163117516264009,0.9381
0,e73fa6caf4bb,angle,4,11,20,8,88,12,5,105,0.04259309124028482,0.8965
0,e7a113149909,angle,4,12,19,11,88,12,5,105,0.022536221079666775,0.9842
0,e81848951b36,angle,4,7,19,3,88,12,5,105,0.024462353600279405,0.798
0,e896380eb96d,angle,4,15,27,11,88,12,5,105,0.02346517278887933,0.9261
0,e8e8325475cb,angle,4,17,26,14,88,12,5,105,0.03524150585460535,1.0388
0,e93029d0dbde,angle,4,5,20,0,88,12,5,105,0.030158216633610024,1.039
0,e97d0efd9f14,angle,4,14,23,11,88,12,5,105,0.03149510873084949,0.9472
0,e9bcc3b3f744,angle,4,17,26,14,88,12,5,105,0.028667528631811018,1.1537
0,e9f9c2469831,angle,4,15,27,11,88,12,5,105,0.01883787985818141,1.0404
0,eae7a635fd7f,angle,4,16,28,12,88,12,5,105,0.036983155364425355,1.0589
0,eb7d76472cba,angle,4,10,19,7,88,12,5,105,0.030256586176750866,0.9238
0,ec064546d2ea,angle,4,11,22,10,88,12,5,105,0.02233333472215219,0.9842
0,ec3d3cfa1e99,angle,4,13,19,11,88,12,5,105,0.020926942690526324,0.9017
0,ed9992583ace,angle,4,14,27,11,88,12,5,105,0.019702861794501793,1.0189
0,edb832558599,angle,4,10,19,7,88,12,5,105,0.02876183137389855,0.8998
0,eea1f20e9ca9,angle,4,14,25,13,88,12,5,105,0.01609552095114269,1.0248
0,ef34cf24eca2,angle,4,14,26,10,88,12,5,105,0.030162496271362332,0.9535
0,ef8277207a3f,angle,4,15,22,14,88,12,5,105,0.01929588248032753,0.9348
0,effb0556a789,angle,4,11,23,7,88,12,5,105,0.028402689305322287,0.9788
0,f01b47bd0a4e,angle,4,4,16,0,88,12,5,105,0.03390289630520425,0.721
0,f04544d5256f,angle,4,12,22,10,88,12,5,105,0.02431962786948298,0.9809
0,f04bb4cf9438,angle,4,10,19,7,88,12,5,105,0.03418288241014713,0.9336
0,f09b9134f4c8,angle,4,13,26,10,88,12,5,105,0.02272260691025374,1.032
0,f09fa77b3969,angle,4,14,26,10,88,12,5,105,0.02973420595296585,0.973
0,f0f54d37bab2,angle,4,4,16,0,88,12,5,105,0.030099881482518128,0.685
0,f0f54d37bab2,angle,4,4,16,0,88,12,5,105,0.0282314618461412,0.7145
0,f0ff0a2fff03,angle,4,12,22,10,88,12,5,105,0.016896014854999718,0.9382
0,f1782ff7234c,angle,4,7,19,3,88,12,5,105,0.021817300410818904,0.8204
0,f2033f1da9f0,angle,4,11,23,7,88,12,5,105,0.022073537879459728,1.3203
0,f2442c369b58,angle,4,7,16,4,88,12,5,105,0.029779752464802165,0.8262
0,f3946428153d,angle,4,9,19,7,88,12,5,105,0.02341870557699484,0.8878
0,f461e800bb9b,angle,4,12,24,8,88,12,5,105,0.015763946271228818,1.3401
0,f469cf198cfb,angle,4,10,26,6,88,12,5,105,0.017206620411320334,0.9023
0,f486337d4cac,angle,4,8,20,4,88,12,5,105,0.03703878425392694,0.9012
0,f4950b53c515,angle,4,10,22,6,88,12,5,105,0.024939958971340843,0.8828
0,f4cb7a4c121f,angle,4,11,23,7,88,12,5,105,0.02755550523689388,0.8754
0,f4f35784d93a,angle,4,5,20,0,88,12,5,105,0.032577577418857355,0.825
0,f521e347e067,angle,4,13,26,10,88,12,5,105,0.017096754558060888,0.9215
0,f564e1094a08,angle,4,7,16,4,88,12,5,105,0.033362388671205515,0.832
0,f58e85e5f2fc,angle,4,7,16,4,88,12,5,105,0.04275080912726649,0.7949
0,f5c22e9e174c,angle,4,13,22,10,88,12,5,105,0.01958990113897311,1.1129
0,f5f8a00315a2,angle,4,18,27,15,88,12,5,105,0.03385992866398072,1.12
0,f68fa1af234f,angle,4,11,23,7,88,12,5,105,0.020097222086056143,0.9681
0,f6d5cf7986b4,angle,4,15,26,14,88,12,5,105,0.023122284796769043,1.0777
0,f6dabfafe938,angle,4,15,27,11,88,12,5,105,0.018075484998101205,1.0559
0,f75366d9e241,angle,4,12,25,9,88,12,5,105,0.020843013804055618,0.9425
0,f792aa040bda,angle,4,15,27,11,88,12,5,105,0.026815458027921082,0.9863
0,f7d45e3155b1,angle,4,17,26,14,88,12,5,105,0.02099123840602662,1.0294
0,f7f82da2af20,angle,4,13,26,10,88,12,5,105,0.020530219313677274,1.0238
0,f807f337afdd,angle,4,8,20,4,88,12,5,105,0.019111435338240047,0.9638
0,f807f337afdd,angle,4,8,20,4,88,12,5,105,0.021189751632272897,0.8527
0,f807f337afdd,angle,4,8,20,4,88,12,5,105,0.029089264282929968,0.8287
0,f89ac54dcd0d,angle,4,8,20,4,88,12,5,105,0.03810274192711649,0.8309
0,f9a241f33c49,angle,4,12,25,9,88,12,5,105,0.0164926029078836,1.041
0,fa06773d3a57,angle,4,12,22,10,88,12,5,105,0.027323973865554983,1.0174
0,fadef7f4fb6f,angle,4,11,23,7,88,12,5,105,0.02664852052997947,0.9694
0,faf2d9ae943d,angle,4,15,27,11,88,12,5,105,0.031651224046493974,1.0604
0,fbc729936e8a,angle,4,10,19,7,88,12,5,105,0.02673427146902714,0.8971
0,fcd22dc18d30,angle,4,9,22,6,88,12,5,105,0.015361845683232768,1.0212
0,fd044cd6d4a9,angle,4,15,27,11,88,12,5,105,0.023889450963404245,1.0357
0,fd117a0e6b5b,angle,4,16,25,13,88,12,5,105,0.035435444520068866,1.0029
0,fd38c32207f6,angle,4,9,24,4,88,12,5,105,0.022109027074385796,0.9328
0,fd3a4c66b0ba,angle,4,10,22,6,88,12,5,105,0.02567098649856957,0.9863
0,fd77ebb0115c,angle,4,7,19,3,88,12,5,105,0.029217783689095545,0.8212
0,fdad693dfd24,angle,4,14,26,10,88,12,5,105,0.017279879441036164,1.1818
0,fdc24dab8f35,angle,4,16,26,14,88,12,5,105,0.01844283835881067,1.0132
0,fe55878266ac,angle,4,8,23,3,88,12,5,105,0.01981380589985131,0.9689
0,ff1a204a4f8f,angle,4,14,27,11,88,12,5,105,0.023684729723332885,1.0916
0,ff2f9a8f2620,angle,4,14,26,10,88,12,5,105,0.03358209893930352,1.0743
1,005d7b264dde,angle,4,8,20,4,88,12,5,105,0.0231741769870474,0.8203
1,0197b783381d,angle,4,9,22,6,88,12,5,105,0.020677781221606416,0.8826
1,0357d06265f9,angle,4,5,20,0,88,12,5,105,0.04162207227458985,0.8445
1,037d845b6f99,angle,4,10,26,6,88,12,5,105,0.03192369155000246,0.9041
1,039777494530,angle,4,12,22,10,88,12,5,105,0.022813168061512904,1.0472
1,03cc380b0e3f,angle,4,9,22,6,88,12,5,105,0.019564816049299737,0.9213
1,05c5a7eeb99f,angle,4,13,23,11,88,12,5,105,0.030329284297218147,0.946
1,05c813be3429,angle,4,13,25,9,88,12,5,105,0.02051885306336498,0.8911
1,063c0eeb8615,angle,4,10,22,6,88,12,5,105,0.023370763238839444,0.9352
1,072cc4c5404a,angle,4,14,27,11,88,12,5,105,0.021030518534197667,1.0572
1,072cfdb1254a,angle,4,10,23,7,88,12,5,105,0.021325236198301335,0.8986
1,076e317b11ab,angle,4,14,26,10,88,12,5,105,0.021722776427287444,1.1025
1,07b16a99f569,angle,4,4,16,0,88,12,5,105,0.04340994139548108,0.7043
1,07b16a99f569,angle,4,4,16,0,88,12,5,105,0.03721859488696865,0.7661
1,07b16a99f569,angle,4,4,16,0,88,12,5,105,0.04110579938482439,0.7678
1,0829f65f5f26,angle,4,13,25,9,88,12,5,105,0.03147312515110151,0.9453
1,0835077d1928,angle,4,12,25,9,88,12,5,105,0.020131871919855084,1.0241
1,08e20ad7d716,angle,4,4,16,0,88,12,5,105,0.040823025299725924,0.7363
1,08e20ad7d716,angle,4,4,16,0,88,12,5,105,0.03875955016494092,0.7567
1,08e20ad7d716,angle,4,4,16,0,88,12,5,105,0.053243170131467225,0.6876
1,0913dbae8618,angle,4,13,26,10,88,12,5,105,0.05164146808862661,0.9787
1,09b2eccb019d,angle,4,15,24,12,88,12,5,105,0.022459298450596472,1.0767
1,09d7e3dc4faf,angle,4,12,25,9,88,12,5,105,0.028555772625784345,0.8717
1,0a0ec1d37b3a,angle,4,11,20,8,88,12,5,105,0.04062133513424864,0.9036
1,0ace4c49ce0d,angle,4,10,19,7,88,12,5,105,0.04465105110293387,0.9993
1,0c31e9be9350,angle,4,12,24,8,88,12,5,105,0.026423370134145585,0.979
1,0c8e04b2b5ec,angle,4,11,25,9,88,12,5,105,0.01768117377996538,1.0423
1,0d0fbe56dd45,angle,4,15,24,12,88,12,5,105,0.025100419022268266,1.0097
1,0d3379fcd92e,angle,4,9,24,4,88,12,5,105,0.023289084592114775,0.8484
1,0d45a85fd6a0,angle,4,13,26,10,88,12,5,105,0.023545019649358394,1.0318
1,0d94deb14260,angle,4,10,26,6,88,12,5,105,0.01902151426420595,0.8974
1,0dc0ae310a3c,angle,4,11,25,9,88,12,5,105,0.021968442762402847,1.0749
1,0e56b2abc334,angle,4,13,22,10,88,12,5,105,0.04366664419176573,0.9135
1,0edee90dea52,angle,4,5,20,0,88,12,5,105,0.03402609293323699,0.7868
1,0fab89b9ba2c,angle,4,8,20,4,88,12,5,105,0.032687197077211384,0.83
1,106feecd14a4,angle,4,7,16,4,88,12,5,105,0.029247979108882233,0.8582
1,10d727605aa9,angle,4,14,27,11,88,12,5,105,0.019473970196678837,1.0598
1,112756abbc7a,angle,4,7,16,4,88,12,5,105,0.0247331256718581,0.8066
1,112756abbc7a,angle,4,7,16,4,88,12,5,105,0.0289169736588429,0.7843
1,1144c44c4e76,angle,4,11,23,7,88,12,5,105,0.04518984168508677,0.8501
1,119ab852ae4c,angle,4,4,16,0,88,12,5,105,0.03417062159000349,0.707
1,119ab852ae4c,angle,4,4,16,0,88,12,5,105,0.03427610902333331,0.8424
1,119ab852ae4c,angle,4,4,16,0,88,12,5,105,0.03600407034834864,0.7159
1,11f6f2515a34,angle,4,7,16,4,88,12,5,105,0.03875677095515601,0.9162
1,122f072e6689,angle,4,13,25,9,88,12,5,105,0.028071989687003876,0.8645
1,124425042844,angle,4,14,27,11,88,12,5,105,0.021714938172470152,1.1546
1,1291756a4ced,angle,4,11,25,9,88,12,5,105,0.023668466750269776,1.2121
1,13a182f8b672,angle,4,10,19,7,88,12,5,105,0.02566945589408294,0.8196
1,13b3a2e1d851,angle,4,9,19,7,88,12,5,105,0.023414837447959472,0.8782
1,13e3290c60c3,angle,4,8,20,4,88,12,5,105,0.01785785547191899,0.7821
1,13ed09554e60,angle,4,16,25,17,88,12,5,105,0.024759518379139804,1.0082
1,141f69fa839b,angle,4,15,24,12,88,12,5,105,0.02180225134013731,1.0799
1,16676d173e8c,angle,4,10,19,7,88,12,5,105,0.03391106338805367,0.8848
1,16c4ff224e0a,angle,4,8,23,3,88,12,5,105,0.0308193769096805,0.9189
1,16f87bc16973,angle,4,11,23,7,88,12,5,105,0.01748272701758693,0.9522
1,175e58522b3a,angle,4,12,27,7,88,12,5,105,0.02107134344541007,1.0626
1,1827a6c2cf9b,angle,4,21,27,19,88,12,5,105,0.02209962203044148,1.0589
1,184bfc843a77,angle,4,10,19,7,88,12,5,105,0.03328138470613398,1.5323
1,185fb8c393f2,angle,4,16,25,13,88,12,5,105,0.017776566599138777,1.3577
1,18b45a8ac8d8,angle,4,14,23,11,88,12,5,105,0.01570664349165859,1.0427
1,193665688700,angle,4,8,20,4,88,12,5,105,0.020662401434296408,0.7806
1,19f564e45cac,angle,4,13,19,11,88,12,5,105,0.02179207201544703,0.8859
1,1b8f61fb12ab,angle,4,14,27,11,88,12,5,105,0.026008053359238986,1.0379
1,1bbb274e1517,angle,4,10,19,7,88,12,5,105,0.021307621002668035,1.0114
1,1bdce3023e4f,angle,4,11,23,7,88,12,5,105,0.018177246971543496,0.896
1,1c70c9144a98,angle,4,10,26,6,88,12,5,105,0.028446802906868927,1.0197
1,1dd81c4f6c38,angle,4,10,19,7,88,12,5,105,0.02643292795628937,0.8867
1,1e291809e0b6,angle,4,11,23,7,88,12,5,105,0.02282043221145413,0.9932
1,1f6f0f2a3428,angle,4,9,22,6,88,12,5,105,0.02008682044712137,0.9171
1,1fcd0d0909d3,angle,4,9,19,7,88,12,5,105,0.011974143690596378,1.2347
1,1fd0ce4ce998,angle,4,11,23,7,88,12,5,105,0.0336359679427905,1.0337
1,1fd167cfe543,angle,4,8,20,4,88,12,5,105,0.04896739771107593,1.048
1,2039b6043638,angle,4,11,20,8,88,12,5,105,0.02586737005590356,0.9593
1,2088c4f0d60c,angle,4,4,16,0,88,12,5,105,0.048255216233102693,0.7205
1,21265dc60d6e,angle,4,10,22,6,88,12,5,105,0.021333021660490482,0.8447
1,2138a8de9aee,angle,4,19,25,17,88,12,5,105,0.02947091318542061,1.0502
1,2185516ab6ff,angle,4,9,22,6,88,12,5,105,0.017155867731486203,0.946
1,21f4955f19c0,angle,4,12,22,10,88,12,5,105,0.021419038465065952,0.9307
1,22d92a4329d5,angle,4,7,19,3,88,12,5,105,0.02083834859429484,0.8995
1,22d92a4329d5,angle,4,7,19,3,88,12,5,105,0.016844565088496497,0.8913
1,2325f02d575f,angle,4,8,20,4,88,12,5,105,0.020372096393165735,0.9555
1,2334d7563c1f,angle,4,11,20,8,88,12,5,105,0.02274413155220814,0.8738
1,238054577979,angle,4,12,24,8,88,12,5,105,0.022312810129629837,0.9524
1,23879c0a4276,angle,4,12,22,10,88,12,5,105,0.029426805722596115,1.0444
1,23ed26018251,angle,4,14,27,11,88,12,5,105,0.016425447061859805,1.0586
1,243cc3fe6863,angle,4,12,22,10,88,12,5,105,0.015489318189023483,1.0489
1,24c4c8767a2b,angle,4,11,25,9,88,12,5,105,0.024604656016769633,1.0362
1,253cb8e2e06e,angle,4,14,26,10,88,12,5,105,0.018687669760676432,0.8473
1,2577d04cd5dc,angle,4,13,26,10,88,12,5,105,0.023861127083829044,1.0405
1,25e6099d1a62,angle,4,14,26,10,88,12,5,105,0.01731106130351792,1.0042
1,26b08fa866c8,angle,4,15,26,14,88,12,5,105,0.017986239600189108,1.0383
1,26f2a46ff69a,angle,4,11,23,7,88,12,5,105,0.026665153682358795,0.9368
1,2809196352c7,angle,4,11,27,7,88,12,5,105,0.016225959922702975,0.9414
1,28255a3d80bb,angle,4,12,26,10,88,12,5,105,0.02838785463371198,1.1738
1,289952d95875,angle,4,11,25,9,88,12,5,105,0.017994744163535897,1.0368
1,293cc854ffbe,angle,4,4,16,0,88,12,5,105,0.03758773664153132,0.6783
1,294ab4c83231,angle,4,13,16,12,88,12,5,105,0.05720022029588704,0.9005
1,2a000e114ce3,angle,4,13,28,8,88,12,5,105,0.018905153263936825,1.0428
1,2b8362192d2d,angle,4,11,20,8,88,12,5,105,0.019433668396585516,0.8714
1,2cd183b329d6,angle,4,7,16,4,88,12,5,105,0.035319083920548895,0.789
1,2cd183b329d6,angle,4,7,16,4,88,12,5,105,0.044176308704234085,0.9781
1,2d020c088ffd,angle,4,12,25,9,88,12,5,105,0.021270780088973765,0.9714
1,2d20b05820a4,angle,4,17,26,14,88,12,5,105,0.031302851799791795,1.0404
1,2d2e0820498c,angle,4,11,23,7,88,12,5,105,0.019575107522672254,1.0676
1,2d9b307ebc54,angle,4,15,24,12,88,12,5,105,0.03225792160497716,1.0291
1,2e67f4f8e425,angle,4,12,24,8,88,12,5,105,0.034592628888353336,0.9443
1,2f32cd0a3c4d,angle,4,16,26,14,88,12,5,105,0.020175465907939307,1.0775
1,2f9c34bb4e3a,angle,4,10,22,6,88,12,5,105,0.04017520649575833,0.8486
1,30a7e816eb44,angle,4,15,25,13,88,12,5,105,0.03064716601390491,1.1034
1,30c37dd7c216,angle,4,12,19,11,88,12,5,105,0.02650525976647872,1.0349
1,30f4a97eb136,angle,4,12,24,8,88,12,5,105,0.04733638114406381,0.9485
1,3130da29e47b,angle,4,13,26,10,88,12,5,105,0.018755294147447272,0.9776
1,313beb228912,angle,4,7,19,3,88,12,5,105,0.027651628661886276,0.7819
1,313beb228912,angle,4,7,19,3,88,12,5,105,0.02829323782415996,0.7759
1,315aa05318e9,angle,4,12,24,8,88,12,5,105,0.023305533871473536,0.9057
1,31b5d3061b59,angle,4,14,27,11,88,12,5,105,0.0373368814181837,1.0863
1,32063825c19b,angle,4,8,20,4,88,12,5,105,0.01847735186851205,0.8442
1,326e26aec9af,angle,4,12,22,10,88,12,5,105,0.026047749388473544,0.9711
1,333ab963d46a,angle,4,21,27,19,88,12,5,105,0.03165977704951842,1.1254
1,33d5aafc3cc0,angle,4,7,19,3,88,12,5,105,0.017569971472158687,0.7573
1,34f123fd3ec6,angle,4,13,28,8,88,12,5,105,0.031724602133014285,1.043
1,35db80de5ba2,angle,4,5,20,0,88,12,5,105,0.033480350249650154,0.8628
1,38027171551f,angle,4,7,19,3,88,12,5,105,0.027792704882171865,0.7717
1,38034bcca173,angle,4,8,20,4,88,12,5,105,0.03133622194586389,0.8799
1,3807fffd8460,angle,4,10,23,7,88,12,5,105,0.0248524742783474,0.8996
1,39d826a64d6e,angle,4,12,24,8,88,12,5,105,0.029555216447748726,1.1035
1,39e4b3b18c24,angle,4,15,26,14,88,12,5,105,0.01575542581010345,1.0048
1,3a60757b0050,angle,4,12,27,7,88,12,5,105,0.0176456653270947,0.8906
1,3ab8ff93c576,angle,4,13,26,10,88,12,5,105,0.015813448833771393,0.9953
1,3b5295f798ae,angle,4,12,27,7,88,12,5,105,0.03178415880822855,1.0032
1,3b7c3105dcd1,angle,4,4,16,0,88,12,5,105,0.04513054232396007,0.7729
1,3b7c3105dcd1,angle,4,4,16,0,88,12,5,105,0.03874921201915951,0.7158
1,3b7c3105dcd1,angle,4,4,16,0,88,12,5,105,0.03616318023660195,0.7109
1,3bdb74a459a0,angle,4,7,19,3,88,12,5,105,0.02585291808002499,0.9397
1,3c440e336342,angle,4,7,19,3,88,12,5,105,0.023216398809235907,0.8081
1,3cfcf1eac104,angle,4,7,19,3,88,12,5,105,0.026321201428910455,1.0022
1,3d43e19c3796,angle,4,14,25,13,88,12,5,105,0.027633350068786627,1.1758
1,3d458c52a19c,angle,4,12,22,10,88,12,5,105,0.019726920084933482,1.0371
1,3dad662f670d,angle,4,7,19,3,88,12,5,105,0.020027357031435957,0.798
1,3dad662f670d,angle,4,7,19,3,88,12,5,105,0.015313389837007379,0.7632
1,3dad662f670d,angle,4,7,19,3,88,12,5,105,0.026402585784841844,0.7386
1,3dc4f3b3316b,angle,4,7,19,3,88,12,5,105,0.04534125083394623,0.8685
1,3ec4ec210164,angle,4,17,25,17,88,12,5,105,0.02589371918035445,1.0565
1,3f965b7c980c,angle,4,11,23,7,88,12,5,105,0.01398149002929362,0.932
1,3fa44805a8fb,angle,4,11,25,9,88,12,5,105,0.019069401668728194,0.9266
1,3ff0891a23b4,angle,4,11,23,7,88,12,5,105,0.018572337368392706,0.8457
1,400279313e64,angle,4,8,20,4,88,12,5,105,0.037748582393044766,0.9796
1,413faa5bcf58,angle,4,8,20,4,88,12,5,105,0.03231161065213034,0.9127
1,413faa5bcf58,angle,4,8,20,4,88,12,5,105,0.031846969015592155,0.9552
1,41af7cfb0346,angle,4,8,20,4,88,12,5,105,0.02485496950656579,0.897
1,41d7711f8da8,angle,4,16,25,17,88,12,5,105,0.0208832566472708,1.125
1,41e2fae5a8c6,angle,4,8,23,3,88,12,5,105,0.037159379243635014,0.9244
1,421152573760,angle,4,14,23,11,88,12,5,105,0.01630456592520569,0.9804
1,424f11391ed6,angle,4,7,19,3,88,12,5,105,0.02565026373963564,0.7501
1,426f7e467397,angle,4,14,27,11,88,12,5,105,0.021428163412959358,1.0837
1,42a89b455fa3,angle,4,7,19,3,88,12,5,105,0.021438998548368955,0.809
1,4311fdc9b50e,angle,4,7,19,3,88,12,5,105,0.02398814610591659,0.7586
1,434a11874a18,angle,4,15,27,11,88,12,5,105,0.018574953632795575,1.1043
1,4395c8eef00a,angle,4,11,26,6,88,12,5,105,0.02466281959710934,1.0327
1,43e4afecd68d,angle,4,12,26,10,88,12,5,105,0.03662938165443835,0.9319
1,44231a1db87f,angle,4,16,26,14,88,12,5,105,0.017410495408101682,1.0595
1,4530be8601cb,angle,4,8,23,3,88,12,5,105,0.018996261957920476,0.8726
1,453606cc3383,angle,4,9,22,6,88,12,5,105,0.016812276939424546,0.8722
1,4573a2acabb0,angle,4,20,27,19,88,12,5,105,0.026396761594956148,1.1119
1,45d4870f0dfd,angle,4,10,22,6,88,12,5,105,0.030121223465936424,0.8537
1,4642ee0fe6a1,angle,4,18,26,18,88,12,5,105,0.02706323213146044,1.1035
1,46c5770b69b3,angle,4,11,20,8,88,12,5,105,0.023657800906909436,1.0067
1,47752f06c5a1,angle,4,10,22,6,88,12,5,105,0.02116003484145421,0.8813
1,47aefa2c3b30,angle,4,14,27,11,88,12,5,105,0.02923622231853777,0.9866
1,482e16bcaf39,angle,4,9,24,4,88,12,5,105,0.01966869052710156,0.8866
1,484e7e6af0cc,angle,4,10,22,6,88,12,5,105,0.01703848913374973,0.8309
1,4867140780f2,angle,4,16,26,14,88,12,5,105,0.017951417061841668,1.1266
1,49130dfaf64d,angle,4,9,22,6,88,12,5,105,0.02022626201681518,0.8498
1,4949e7289a07,angle,4,16,23,15,88,12,5,105,0.018950952499079198,1.0248
1,4a79d176dbb6,angle,4,15,25,13,88,12,5,105,0.017370048728878,1.0746
1,4a81dc62cff5,angle,4,10,19,7,88,12,5,105,0.027491015726663518,0.885
1,4b0a53601342,angle,4,10,19,7,88,12,5,105,0.03275973822120019,0.8822
1,4b1ba1f25e26,angle,4,15,27,11,88,12,5,105,0.02008352188149255,0.9242
1,4b4672d8aa22,angle,4,7,19,3,88,12,5,105,0.020938780135317213,0.7817
1,4b8bfdff4376,angle,4,13,26,10,88,12,5,105,0.02126961943178234,1.0314
1,4c4adf899be3,angle,4,8,23,3,88,12,5,105,0.018943772741736715,0.8452
1,4c9aa7f0d8ee,angle,4,9,19,7,88,12,5,105,0.03403418292459307,0.946
1,4da117fd5f9e,angle,4,9,24,4,88,12,5,105,0.027177729207783944,0.9093
1,4dce2ec33ea4,angle,4,14,25,13,88,12,5,105,0.021531523558209222,1.0699
1,4dd29eee6719,angle,4,11,25,9,88,12,5,105,0.017041337147660984,0.9694
1,4e7bc1cea5cb,angle,4,9,19,7,88,12,5,105,0.025497665084265844,0.8814
1,4e7e4f9b6524,angle,4,8,20,4,88,12,5,105,0.05727355214765757,0.7341
1,4e85a3dd8685,angle,4,13,26,10,88,12,5,105,0.024931731965100703,0.9569
1,4f1a149f8c61,angle,4,11,20,8,88,12,5,105,0.035722602173301,0.9009
1,4f65a924ba1a,angle,4,14,26,10,88,12,5,105,0.018581963825100162,1.0684
1,4fd62dfe69e3,angle,4,16,26,14,88,12,5,105,0.018070116177864196,1.2501
1,505e705e80b3,angle,4,10,16,8,88,12,5,105,0.029539943256372807,0.879
1,507b69ca0cfd,angle,4,15,27,11,88,12,5,105,0.028507737047893108,0.9305
1,52143ae4ac4b,angle,4,7,16,4,88,12,5,105,0.022560074839027035,0.8159
1,52143ae4ac4b,angle,4,7,16,4,88,12,5,105,0.013651412990169835,0.7855
1,52143ae4ac4b,angle,4,7,16,4,88,12,5,105,0.029045891085378618,0.9724
1,529bc0803732,angle,4,15,27,11,88,12,5,105,0.02201920492892581,0.9466
1,529f94be7b94,angle,4,13,22,10,88,12,5,105,0.014446788530552273,0.9213
1,52c79fc740cf,angle,4,11,25,9,88,12,5,105,0.019781568144222897,1.2001
1,5321107798cd,angle,4,16,26,14,88,12,5,105,0.025384827142747545,1.1372
1,53a116f2f5dc,angle,4,11,25,9,88,12,5,105,0.015650749693268275,1.069
1,53c62d7cf705,angle,4,8,20,4,88,12,5,105,0.037083443703972506,0.972
1,5434f6036ce1,angle,4,8,20,4,88,12,5,105,0.044968666139492665,0.8133
1,544dc771adae,angle,4,14,23,11,88,12,5,105,0.029261519929349382,0.9127
1,55844bffa227,angle,4,15,25,13,88,12,5,105,0.027247116623610082,1.0994
1,56a1a41cbf30,angle,4,9,24,4,88,12,5,105,0.02840173202859909,1.0526
1,57042f8c2ffb,angle,4,12,27,7,88,12,5,105,0.018344652344015226,1.0668
1,575b9d416cb2,angle,4,15,26,14,88,12,5,105,0.02786725320030289,1.0618
1,57b754f43185,angle,4,11,23,7,88,12,5,105,0.041905372415895495,0.9238
1,581655648b3f,angle,4,14,23,11,88,12,5,105,0.022474846019382093,0.984
1,584130c28827,angle,4,7,19,3,88,12,5,105,0.029948189457652718,0.766
1,5865dbc52036,angle,4,13,26,10,88,12,5,105,0.020799469134108267,0.9956
1,586f94ba5274,angle,4,15,27,11,88,12,5,105,0.02173759662491865,1.0119
1,58b09840e600,angle,4,15,27,11,88,12,5,105,0.019190821712324235,0.9224
1,58e0380490a1,angle,4,13,22,10,88,12,5,105,0.031914298225869206,0.8857
1,59dcd8cde037,angle,4,16,26,14,88,12,5,105,0.01569342674151182,1.0829
1,59e0629f048e,angle,4,14,20,12,88,12,5,105,0.026905713803949734,0.9341
1,5a30ba13e6e1,angle,4,18,25,17,88,12,5,105,0.03111080561582159,1.2297
1,5a433251a78f,angle,4,9,19,7,88,12,5,105,0.03056569418386562,0.8811
1,5aa6840de949,angle,4,11,23,7,88,12,5,105,0.02329198828505992,0.9259
1,5b0b67d65323,angle,4,14,25,13,88,12,5,105,0.020503474923232547,1.1121
1,5c110cd4d3ad,angle,4,13,23,11,88,12,5,105,0.03298318883152872,0.8881
1,5c1e30232dc3,angle,4,13,26,10,88,12,5,105,0.02260405029400778,0.8959
1,5c4be7d0867a,angle,4,14,20,12,88,12,5,105,0.04913662374247377,1.1015
1,5c8acd9c9626,angle,4,13,26,10,88,12,5,105,0.01466699797838981,1.0212
1,5d59ab539dcc,angle,4,13,28,8,88,12,5,105,0.020469710879040273,1.0495
1,5e8c262f8237,angle,4,7,16,4,88,12,5,105,0.034256040934949626,0.9089
1,5edd8b055e68,angle,4,7,16,4,88,12,5,105,0.023107424425549514,0.8132
1,5edd8b055e68,angle,4,7,16,4,88,12,5,105,0.03992365181457177,0.7768
1,5eec4c943bed,angle,4,14,26,10,88,12,5,105,0.02087655260926908,0.9481
1,5f60874932a6,angle,4,4,16,0,88,12,5,105,0.04001547499289622,0.7244
1,6003e768cac6,angle,4,20,27,19,88,12,5,105,0.029449103235965647,1.1312
1,6075780720d8,angle,4,8,20,4,88,12,5,105,0.020685250735266576,0.8662
1,6075780720d8,angle,4,8,20,4,88,12,5,105,0.02231469332263317,0.7845
1,6075780720d8,angle,4,8,20,4,88,12,5,105,0.020117238625290468,0.8235
1,6075780720d8,angle,4,8,20,4,88,12,5,105,0.018699651534364373,0.818
1,60a8006fddac,angle,4,7,16,4,88,12,5,105,0.045674849965583575,0.7337
1,61649fa59f48,angle,4,12,22,10,88,12,5,105,0.016033908483015346,0.9647
1,6190c1fd75d3,angle,4,9,22,6,88,12,5,105,0.01669185483087501,0.9148
1,61d8ee298451,angle,4,14,20,12,88,12,5,105,0.026938828293045888,0.9465
1,61dbd6bb0b62,angle,4,7,19,3,88,12,5,105,0.031143336067521156,0.7784
1,62a10d6547e4,angle,4,13,26,10,88,12,5,105,0.021326704835555602,0.925
1,631ea99bc43c,angle,4,12,24,8,88,12,5,105,0.02219846908746696,0.9098
1,6366951523ba,angle,4,8,23,3,88,12,5,105,0.0274061914949575,0.9321
1,6367f12b0a3b,angle,4,14,23,11,88,12,5,105,0.03291374173357657,0.9644
1,63f869607023,angle,4,18,27,15,88,12,5,105,0.018384650863264455,1.134
1,63f91ae70bc9,angle,4,13,26,10,88,12,5,105,0.02578453250244348,0.9576
1,643641ecf7ec,angle,4,12,27,7,88,12,5,105,0.01801844663670012,1.2873
1,648dcfd39060,angle,4,10,23,7,88,12,5,105,0.02358291665490004,0.8618
1,64ca1196b226,angle,4,13,26,10,88,12,5,105,0.01624193376261684,1.1138
1,654ce9a713ec,angle,4,17,26,14,88,12,5,105,0.036311781079497625,1.095
1,65ed4d1f485c,angle,4,18,26,18,88,12,5,105,0.02035930692249922,1.118
1,660686604c65,angle,4,10,22,6,88,12,5,105,0.01664696092412146,0.8952
1,6656ca701b62,angle,4,15,25,13,88,12,5,105,0.024677564243759394,1.1048
1,66a7b4d65440,angle,4,12,27,7,88,12,5,105,0.019143468135353302,0.9863
1,66f573445933,angle,4,16,28,12,88,12,5,105,0.01978241945295683,1.0646
1,67d58a8439aa,angle,4,4,16,0,88,12,5,105,0.03702993362241592,0.7276
1,686bb313a987,angle,4,15,27,11,88,12,5,105,0.020075898892981198,1.1043
1,68ad74bbf251,angle,4,12,22,10,88,12,5,105,0.0315619054416048,0.867
1,6a1928672019,angle,4,12,25,9,88,12,5,105,0.016222238863080697,0.9552
1,6a2bc7144044,angle,4,11,22,10,88,12,5,105,0.019153031542514687,1.0487
1,6a3ffcbe3e4a,angle,4,11,25,9,88,12,5,105,0.022713146823388566,0.8481
1,6ad71d0452b1,angle,4,14,27,11,88,12,5,105,0.032919878997085636,1.1482
1,6b6d095e1354,angle,4,12,24,8,88,12,5,105,0.022553783554439617,0.9878
1,6bced5a08fbb,angle,4,7,19,3,88,12,5,105,0.020171929509012244,0.7485
1,6c06e2848b17,angle,4,11,26,6,88,12,5,105,0.027517389487107132,1.0288
1,6c1699daf1ec,angle,4,16,23,15,88,12,5,105,0.044856448559129694,0.9993
1,6c71145ed992,angle,4,8,20,4,88,12,5,105,0.026482976339834836,0.7844
1,6cc7e7dd8d50,angle,4,17,26,14,88,12,5,105,0.016163644111763905,1.0964
1,6d4a03999dd0,angle,4,15,25,13,88,12,5,105,0.03209133524968327,1.0317
1,6d6a31ff0afd,angle,4,10,19,7,88,12,5,105,0.041962445808137745,0.8403
1,6dd137af510f,angle,4,7,19,3,88,12,5,105,0.019983813976647734,0.82
1,6de30d805df0,angle,4,7,19,3,88,12,5,105,0.03737270724380529,0.8318
1,6df3d7537ca4,angle,4,7,16,4,88,12,5,105,0.037450450181533944,0.7909
1,6e06b1ddc9fb,angle,4,11,20,8,88,12,5,105,0.023145488945182438,0.8677
1,6e24630f70db,angle,4,4,16,0,88,12,5,105,0.036476909543571155,0.7112
1,6e5df94fbfb4,angle,4,12,27,7,88,12,5,105,0.021188686330178116,0.9501
1,6f35829dac41,angle,4,9,24,4,88,12,5,105,0.02453493152989306,0.9614
1,6f8da0858071,angle,4,15,27,11,88,12,5,105,0.01784393555359389,1.2067
1,6fd834c8cb22,angle,4,10,19,7,88,12,5,105,0.037768753537502635,0.8511
1,712d8aea6e74,angle,4,15,24,12,88,12,5,105,0.018019472083706873,1.1688
1,7153c5bd5f0c,angle,4,15,27,11,88,12,5,105,0.0233512458235198,1.1432
1,717615ce54c2,angle,4,13,26,10,88,12,5,105,0.03189636153432297,0.9933
1,72f7705457f9,angle,4,15,22,14,88,12,5,105,0.02185090982648633,0.9806
1,739e89a9eafc,angle,4,13,28,8,88,12,5,105,0.01915911660613123,1.0641
1,73d29ae4e3f7,angle,4,10,23,7,88,12,5,105,0.026611724296458496,0.8751
1,74ffdff890fb,angle,4,10,19,7,88,12,5,105,0.017748012020166907,0.9282
1,7620e6e060af,angle,4,11,23,7,88,12,5,105,0.017358822737159017,0.9872
1,7623f278a174,angle,4,7,16,4,88,12,5,105,0.030872923740046302,0.7933
1,7623f278a174,angle,4,7,16,4,88,12,5,105,0.02243810259053713,0.8095
1,7623f278a174,angle,4,7,16,4,88,12,5,105,0.04177559929708209,0.7966
1,7623f278a174,angle,4,7,16,4,88,12,5,105,0.028981466070491697,0.8107
1,7671f1daf8ad,angle,4,17,25,17,88,12,5,105,0.03988144166459073,1.1878
1,76b30a68339d,angle,4,10,23,7,88,12,5,105,0.021581138560211363,0.8852
1,76c74b79cb97,angle,4,7,16,4,88,12,5,105,0.04691405664086489,0.8159
1,76c74b79cb97,angle,4,7,16,4,88,12,5,105,0.04053557666765836,0.757
1,772495a64140,angle,4,7,16,4,88,12,5,105,0.02916859132534114,0.7903
1,772495a64140,angle,4,7,16,4,88,12,5,105,0.025476257496149044,0.8394
1,772495a64140,angle,4,7,16,4,88,12,5,105,0.024100393930378498,0.7749
1,772495a64140,angle,4,7,16,4,88,12,5,105,0.019081451834202456,0.8135
1,78556f4a8a17,angle,4,12,24,8,88,12,5,105,0.03810544146792358,1.0177
1,785f05313753,angle,4,10,22,6,88,12,5,105,0.01765500765786453,0.8108
1,787e08f12526,angle,4,9,24,4,88,12,5,105,0.029597621900799672,1.0007
1,78a3bfe288a4,angle,4,16,26,14,88,12,5,105,0.016740910178054808,1.116
1,78fb822a66c2,angle,4,17,26,14,88,12,5,105,0.03538298310256517,1.166
1,791b24b6b0eb,angle,4,15,25,13,88,12,5,105,0.029626194205963904,1.054
1,7a123fc55ae0,angle,4,12,27,7,88,12,5,105,0.019589685071606806,1.0018
1,7a4f24606a19,angle,4,14,27,11,88,12,5,105,0.04675301699599672,1.0252
1,7aa4385c2757,angle,4,14,20,12,88,12,5,105,0.027139942070114057,0.9457
1,7ab9957880a7,angle,4,17,26,14,88,12,5,105,0.03316040961092744,0.989
1,7b02ccf75724,angle,4,10,19,7,88,12,5,105,0.02397520894032954,0.8857
1,7b9f3777809f,angle,4,16,26,14,88,12,5,105,0.02992512999056967,1.0385
1,7cd6c5556418,angle,4,12,24,8,88,12,5,105,0.026095165940710263,0.8855
1,7e428a0a1e55,angle,4,13,19,11,88,12,5,105,0.033408429967952284,1.0352
1,7e6e5f8e3987,angle,4,11,23,7,88,12,5,105,0.019731327019596435,0.9809
1,7e7c0dfe1a74,angle,4,11,20,8,88,12,5,105,0.02339168338505653,0.9607
1,7eee3561c3e2,angle,4,13,26,10,88,12,5,105,0.020573304332799046,0.9974
1,7f3aed384f51,angle,4,4,16,0,88,12,5,105,0.03934551556786203,0.7897
1,7f730f43f251,angle,4,8,20,4,88,12,5,105,0.024817791909860488,0.8535
1,7fe64746228a,angle,4,12,24,8,88,12,5,105,0.041782210605480416,0.9976
1,8003fa6cf58d,angle,4,13,26,10,88,12,5,105,0.021066682661536797,1.0229
1,800fcc7adb9d,angle,4,13,23,11,88,12,5,105,0.03133012507485072,0.9255
1,80b4f6c3a49f,angle,4,13,26,10,88,12,5,105,0.021862705722552087,0.9792
1,80efcde460dd,angle,4,4,16,0,88,12,5,105,0.033006474904175256,0.6901
1,813fd094d041,angle,4,14,27,11,88,12,5,105,0.020797968405701396,1.0344
1,82385199fc7f,angle,4,17,27,15,88,12,5,105,0.029374240004989654,1.1465
1,82741cbc2658,angle,4,14,23,11,88,12,5,105,0.030811269209249745,1.0244
1,82a6995d4eda,angle,4,16,28,12,88,12,5,105,0.0243631038533556,1.0382
1,83095b4f86b5,angle,4,10,23,7,88,12,5,105,0.02502680329570669,0.902
1,835310aff28f,angle,4,14,27,11,88,12,5,105,0.014656172245390743,1.1263
1,836b48983d5f,angle,4,12,22,10,88,12,5,105,0.0217983470931395,1.0451
1,83caa3c07392,angle,4,10,28,4,88,12,5,105,0.021973104431255507,0.9588
1,84073a800780,angle,4,11,23,7,88,12,5,105,0.04829693761411492,0.844
1,8467e083f3ce,angle,4,11,20,8,88,12,5,105,0.02138899089566603,0.8573
1,84e0425970fc,angle,4,14,26,10,88,12,5,105,0.04372360807581088,0.9991
1,856daaf43e6c,angle,4,9,22,6,88,12,5,105,0.014838628285994278,0.8414
1,86190013eba1,angle,4,11,20,8,88,12,5,105,0.025315415335287715,0.9339
1,86cd9ed59ffd,angle,4,14,27,11,88,12,5,105,0.019347275554492192,0.9868
1,880b6af94720,angle,4,10,19,7,88,12,5,105,0.02109853590005736,0.8388
1,886a510cb422,angle,4,10,19,7,88,12,5,105,0.046653082882026894,0.9257
1,888076f4ac23,angle,4,13,22,10,88,12,5,105,0.017222398142239064,0.9302
1,890084d30a7b,angle,4,10,23,7,88,12,5,105,0.02285514101526527,1.2482
1,896e06e31232,angle,4,9,22,6,88,12,5,105,0.026207118021522507,0.9088
1,8983746f20e8,angle,4,13,26,10,88,12,5,105,0.01805738796505534,0.8598
1,8a1b91cc9467,angle,4,4,16,0,88,12,5,105,0.03239222579964666,0.7076
1,8afc814e44a8,angle,4,12,19,11,88,12,5,105,0.032830807285317315,1.153
1,8b00213559ef,angle,4,10,23,7,88,12,5,105,0.054501712332476686,0.9347
1,8b3f5c70e7ed,angle,4,13,23,11,88,12,5,105,0.02951273404132272,1.1602
1,8b975a728ca1,angle,4,7,16,4,88,12,5,105,0.04011137638167249,0.7999
1,8b975a728ca1,angle,4,7,16,4,88,12,5,105,0.037499632439066254,0.8033
1,8b975a728ca1,angle,4,7,16,4,88,12,5,105,0.03915384424455158,0.7829
1,8be7939ab660,angle,4,15,27,11,88,12,5,105,0.027622448809293168,1.0419
1,8caf14bda98e,angle,4,11,23,7,88,12,5,105,0.019905070834979593,0.8419
1,8cbf30e0f32e,angle,4,13,26,10,88,12,5,105,0.017173517495435442,0.9899
1,8d32c76605de,angle,4,12,24,8,88,12,5,105,0.03525484968106408,0.9148
1,8d352a21d0a0,angle,4,14,27,11,88,12,5,105,0.0240978174246739,1.1509
1,8d3c5e5f5498,angle,4,13,26,10,88,12,5,105,0.028828496283865458,0.921
1,8e1299be47de,angle,4,9,22,6,88,12,5,105,0.013376325139509508,0.8494
1,8e249f067bad,angle,4,18,27,15,88,12,5,105,0.038681772582020296,1.1265
1,8e6c56226a8f,angle,4,14,23,11,88,12,5,105,0.022298119534850388,0.9278
1,8f62e9e3f581,angle,4,13,19,11,88,12,5,105,0.03340027455668101,0.9728
1,8fea3c837ab6,angle,4,15,24,12,88,12,5,105,0.024207854408579713,1.0305
1,9004f02d23b4,angle,4,11,20,8,88,12,5,105,0.04018442449165038,0.9753
1,900aa8d34eaf,angle,4,9,19,7,88,12,5,105,0.025455059980289154,1.1036
1,909e61b5b215,angle,4,14,27,11,88,12,5,105,0.015554020079043055,0.9142
1,913e12ee3f16,angle,4,13,26,10,88,12,5,105,0.026252694533187633,0.9519
1,920ce1323014,angle,4,11,23,7,88,12,5,105,0.021664445108310657,0.8805
1,92341d8b55dd,angle,4,12,26,10,88,12,5,105,0.048200522584549,1.247
1,9258b879a16a,angle,4,7,19,3,88,12,5,105,0.01609053579732642,0.7339
1,9298c6e7278a,angle,4,12,25,9,88,12,5,105,0.045273018044494566,0.8347
1,92d8ac1e5a2f,angle,4,10,19,7,88,12,5,105,0.019999328017043315,0.8148
1,9330fb05b7cd,angle,4,8,23,3,88,12,5,105,0.026340335815039577,0.8284
1,934daf61635e,angle,4,17,25,17,88,12,5,105,0.022287343659045774,1.2854
1,93916413df33,angle,4,12,25,9,88,12,5,105,0.015595505883640831,0.9099
1,94fb7639dec4,angle,4,13,26,10,88,12,5,105,0.02984220702312889,1.0555
1,95253be08eb4,angle,4,8,20,4,88,12,5,105,0.040758450370439354,0.7981
1,955df1cb61af,angle,4,13,22,10,88,12,5,105,0.018876498923953818,0.9903
1,95b94d178edd,angle,4,10,16,8,88,12,5,105,0.03944994807445344,0.8481
1,95b94d178edd,angle,4,10,16,8,88,12,5,105,0.04358299961024857,0.8561
1,95bd492161a0,angle,4,11,20,8,88,12,5,105,0.03061659101403425,0.929
1,9603103f49ff,angle,4,11,23,7,88,12,5,105,0.04461157886518695,1.016
1,96d8370682e2,angle,4,14,23,11,88,12,5,105,0.020878253569545053,0.8756
1,97a90e136f54,angle,4,13,26,10,88,12,5,105,0.030888710266747527,1.0371
1,97a9fea463c4,angle,4,7,19,3,88,12,5,105,0.039917666323881454,0.8053
1,97fc797ea1be,angle,4,8,20,4,88,12,5,105,0.016745425099760312,0.7775
1,984565e81077,angle,4,14,26,10,88,12,5,105,0.019108994889471032,0.8544
1,9864be17d9d8,angle,4,16,26,14,88,12,5,105,0.02429673241437299,1.0573
1,9897b38621dc,angle,4,14,25,13,88,12,5,105,0.021810806000981196,1.2033
1,9904b7b570f4,angle,4,11,20,8,88,12,5,105,0.03429661257670611,0.8966
1,992f6d004432,angle,4,11,23,7,88,12,5,105,0.03183265879948621,0.945
1,99bd7cb33a0a,angle,4,14,22,14,88,12,5,105,0.01754897034985981,1.0629
1,9aa657b9e662,angle,4,13,26,10,88,12,5,105,0.01947347484730894,0.9721
1,9ad604f29ffc,angle,4,10,22,6,88,12,5,105,0.01876521938790104,0.8199
1,9aef9de3e788,angle,4,7,19,3,88,12,5,105,0.027531868309819966,0.8737
1,9b6f85eb7e91,angle,4,17,26,14,88,12,5,105,0.020470611284594667,1.3477
1,9ceb2d4f4a42,angle,4,7,16,4,88,12,5,105,0.04505268115636332,0.8754
1,9d3d9df7db75,angle,4,9,22,6,88,12,5,105,0.02077960124455427,0.7885
1,9d5a063356a2,angle,4,17,23,15,88,12,5,105,0.04080542383604997,1.0324
1,9d5cc479b446,angle,4,9,22,6,88,12,5,105,0.025585013389047753,0.9569
1,9e18b5dd6eea,angle,4,12,26,10,88,12,5,105,0.017581610848542973,0.9718
1,9e5cb8758587,angle,4,13,26,10,88,12,5,105,0.015485033070024402,1.0268
1,9eaeedb418c6,angle,4,13,22,10,88,12,5,105,0.026055207150879736,0.9354
1,a014a063a8b2,angle,4,10,26,6,88,12,5,105,0.02687315797893097,0.9662
1,a0f647233ee7,angle,4,14,26,10,88,12,5,105,0.02043297773039345,0.9187
1,a16094152700,angle,4,12,27,7,88,12,5,105,0.017487932681434094,0.9952
1,a1bfe389054b,angle,4,11,27,7,88,12,5,105,0.015088372643930047,0.954
1,a2fe832011fe,angle,4,15,27,11,88,12,5,105,0.02351516945797245,1.0621
1,a359d2170392,angle,4,14,25,13,88,12,5,105,0.030374639680491856,1.0532
1,a3b5207cc038,angle,4,7,19,3,88,12,5,105,0.03434901954601019,0.9186
1,a5678618d742,angle,4,13,23,11,88,12,5,105,0.021858855241652025,0.9185
1,a57b9bfff4ea,angle,4,4,16,0,88,12,5,105,0.028122271021928977,0.7412
1,a57b9bfff4ea,angle,4,4,16,0,88,12,5,105,0.043182608162774735,0.676
1,a5d4bf93423d,angle,4,12,22,10,88,12,5,105,0.026216387181082563,1.0002
1,a6c78bdc6771,angle,4,11,23,7,88,12,5,105,0.018033024392078285,0.9691
1,a70ed100eec4,angle,4,7,19,3,88,12,5,105,0.03653797768673696,0.8277
1,a70ed100eec4,angle,4,7,19,3,88,12,5,105,0.03615690236031332,0.8035
1,a746b69578c2,angle,4,13,26,10,88,12,5,105,0.03258479635705593,0.9686
1,a79bdf5a6f30,angle,4,14,25,13,88,12,5,105,0.015662530657781996,1.123
1,a7b79167a48b,angle,4,7,16,4,88,12,5,105,0.03395059216673741,0.7677
1,a7e735c5993c,angle,4,15,27,11,88,12,5,105,0.022250161630401555,1.4668
1,a85f48ad4baa,angle,4,9,22,6,88,12,5,105,0.023950434926923933,1.0204
1,a90b47506c0b,angle,4,10,19,7,88,12,5,105,0.0340069438042269,1.0131
1,a9ea3292bd0a,angle,4,7,19,3,88,12,5,105,0.02453647223613634,0.9516
1,aa1428fbe200,angle,4,14,26,10,88,12,5,105,0.01952549604310731,0.9703
1,aa30add6e581,angle,4,12,22,10,88,12,5,105,0.02114017531520906,0.991
1,aa66db1b62cd,angle,4,14,23,11,88,12,5,105,0.02268175512780356,1.0134
1,aac25e7d8468,angle,4,4,16,0,88,12,5,105,0.03699611262273254,0.7085
1,aac25e7d8468,angle,4,4,16,0,88,12,5,105,0.032526338076039274,0.719
1,aac25e7d8468,angle,4,4,16,0,88,12,5,105,0.037182323532505994,0.6927
1,aaf73147edc8,angle,4,10,19,7,88,12,5,105,0.024520333520235457,1.113
1,ab0f72e83e4e,angle,4,10,23,7,88,12,5,105,0.01614480617499941,0.9231
1,ab29340d508e,angle,4,14,27,11,88,12,5,105,0.01875575614647552,0.9793
1,ab8c52707bed,angle,4,16,25,13,88,12,5,105,0.018457809123857995,1.0571
1,ad31888f15f0,angle,4,10,19,7,88,12,5,105,0.02912612186694164,0.9635
1,ada3f9fe6a52,angle,4,13,23,11,88,12,5,105,0.026889506104362176,1.0048
1,ae6343d66770,angle,4,7,16,4,88,12,5,105,0.030165244518485193,1.0379
1,ae782488ff48,angle,4,15,26,14,88,12,5,105,0.03226402134560506,1.2351
1,aea67b7c2242,angle,4,9,22,6,88,12,5,105,0.056729261501636805,0.9769
1,aec03884f9bf,angle,4,12,22,10,88,12,5,105,0.03714138757492315,0.9384
1,af0a201762aa,angle,4,10,16,8,88,12,5,105,0.04704861626647254,0.9902
1,aff2f1d6be55,angle,4,12,27,7,88,12,5,105,0.02033990401546646,1.2125
1,b06fc036c87f,angle,4,11,20,8,88,12,5,105,0.020850698580352652,0.8793
1,b0c5ffa557fd,angle,4,11,25,9,88,12,5,105,0.01898169034008932,0.9219
1,b0fc08291f0f,angle,4,7,16,4,88,12,5,105,0.03257761161384118,0.8818
1,b0fc08291f0f,angle,4,7,16,4,88,12,5,105,0.031106194760850296,0.8203
1,b12b9217f8df,angle,4,14,26,10,88,12,5,105,0.025356328997501187,0.9234
1,b1bdca6171cb,angle,4,13,23,11,88,12,5,105,0.019764151505201166,1.0842
1,b1f38293f8fc,angle,4,12,25,9,88,12,5,105,0.02603798114600175,1.0591
1,b2beed92b819,angle,4,8,20,4,88,12,5,105,0.02382719237050414,0.8633
1,b2d9e07aaee9,angle,4,7,19,3,88,12,5,105,0.030706397529603073,0.7781
1,b38162d761bf,angle,4,11,25,9,88,12,5,105,0.018912661342453042,0.9674
1,b393daf5dc0a,angle,4,7,19,3,88,12,5,105,0.018369659669399376,0.8154
1,b393daf5dc0a,angle,4,7,19,3,88,12,5,105,0.01686245195634679,0.7911
1,b39ac086e971,angle,4,7,19,3,88,12,5,105,0.021840393770917177,0.7962
1,b39ac086e971,angle,4,7,19,3,88,12,5,105,0.02123094351349753,0.7943
1,b46576ec76bb,angle,4,9,22,6,88,12,5,105,0.017090548626243738,0.8277
1,b4bf26200f1f,angle,4,13,19,11,88,12,5,105,0.02833009374455512,0.945
1,b4d325e8a37c,angle,4,14,26,10,88,12,5,105,0.02450624743149218,0.9794
1,b552c6df7466,angle,4,10,26,6,88,12,5,105,0.05258901138074901,0.9198
1,b5fd42562ab6,angle,4,13,28,8,88,12,5,105,0.03189614611495175,1.0256
1,b62ea45650c8,angle,4,20,26,18,88,12,5,105,0.025384359006235847,1.0253
1,b687edc80564,angle,4,20,26,18,88,12,5,105,0.03353891723472126,1.0961
1,b75ccb812196,angle,4,10,23,7,88,12,5,105,0.022612578427158823,0.9304
1,b7af79f0e80a,angle,4,12,22,10,88,12,5,105,0.014588389178496858,0.974
1,b7d90b7a2764,angle,4,16,28,12,88,12,5,105,0.03072236254582075,0.9973
1,b8d1936bb90d,angle,4,15,26,14,88,12,5,105,0.021964360308754698,1.0269
1,b8d1e8789b68,angle,4,8,20,4,88,12,5,105,0.01925730018593653,0.8684
1,b911c67dae93,angle,4,12,27,7,88,12,5,105,0.015916489711474552,1.338
1,ba8db9f3d66d,angle,4,11,23,7,88,12,5,105,0.01488226185186658,0.9094
1,ba93c591a12a,angle,4,7,19,3,88,12,5,105,0.03610708585128898,0.8891
1,bacf645399ae,angle,4,11,23,7,88,12,5,105,0.022170192828645272,0.9952
1,bb215d5b0cd3,angle,4,10,19,7,88,12,5,105,0.030149311719601602,0.8809
1,bb4649af522b,angle,4,14,27,11,88,12,5,105,0.02026099014026347,0.9985
1,bb7d47401a79,angle,4,12,26,10,88,12,5,105,0.023698392928679785,1.0939
1,bc720bd8e4f4,angle,4,14,23,11,88,12,5,105,0.024600697097740563,0.981
1,bcf2d516e773,angle,4,13,26,10,88,12,5,105,0.016454277069433938,1.6298
1,bd1259358abc,angle,4,12,25,9,88,12,5,105,0.03411509265552908,0.9506
1,bd3dd1537429,angle,4,11,23,7,88,12,5,105,0.016429864657932884,0.89
1,bdc05e07afc9,angle,4,10,26,6,88,12,5,105,0.021777244320272938,1.0465
1,bdcad8be0e2e,angle,4,16,22,14,88,12,5,105,0.03992597601675877,1.0341
1,be2d3fd6e5a9,angle,4,4,16,0,88,12,5,105,0.028815206308468448,0.7212
1,be2d3fd6e5a9,angle,4,4,16,0,88,12,5,105,0.030047826560703848,0.7926
1,be2d3fd6e5a9,angle,4,4,16,0,88,12,5,105,0.032353204341962906,0.6913
1,be2d3fd6e5a9,angle,4,4,16,0,88,12,5,105,0.038885904020754376,0.7285
1,be2e4b782fed,angle,4,7,19,3,88,12,5,105,0.02647194202949342,0.902
1,bf1593c370d7,angle,4,13,23,11,88,12,5,105,0.028480248850897463,0.9792
1,bf8b2d0efc04,angle,4,14,25,13,88,12,5,105,0.027433981893194438,1.0532
1,bfdd023a4ee1,angle,4,9,19,7,88,12,5,105,0.01925329071261563,0.9101
1,c027b3ff6837,angle,4,16,28,12,88,12,5,105,0.032559080893937054,1.2479
1,c0547c26c8ab,angle,4,10,23,7,88,12,5,105,0.027065624550932275,0.9346
1,c06044b25e7e,angle,4,8,23,3,88,12,5,105,0.027494313470295153,0.9297
1,c156e31622a7,angle,4,13,28,8,88,12,5,105,0.018020813772967395,0.9466
1,c179f37e9c4c,angle,4,13,26,10,88,12,5,105,0.016244235414208157,1.063
1,c1ac7d024ebd,angle,4,10,26,6,88,12,5,105,0.046144225577085383,0.9496
1,c20255af3036,angle,4,12,22,10,88,12,5,105,0.018778286678048168,0.9305
1,c349461a4995,angle,4,14,27,11,88,12,5,105,0.017313290809471277,1.1218
1,c3f3e61f1634,angle,4,10,23,7,88,12,5,105,0.016261158044761085,0.9182
1,c4a6e0705920,angle,4,10,19,7,88,12,5,105,0.04897270882203105,0.8826
1,c4af3e17de75,angle,4,12,27,7,88,12,5,105,0.01792469201303992,0.9741
1,c4b6f1569b13,angle,4,14,27,11,88,12,5,105,0.012910634100239104,0.9979
1,c4eea7607bd7,angle,4,9,22,6,88,12,5,105,0.017119245713488537,0.8278
1,c525c7b1ef50,angle,4,17,27,15,88,12,5,105,0.020113790781128925,1.0564
1,c527d4e4bea6,angle,4,5,20,0,88,12,5,105,0.029406258140432972,0.8024
1,c61c759badc0,angle,4,10,26,6,88,12,5,105,0.019705640307959252,0.8859
1,c675b26216e4,angle,4,9,22,6,88,12,5,105,0.021522896885256933,0.9123
1,c675b26216e4,angle,4,9,22,6,88,12,5,105,0.03175093086447717,0.8813
1,c67c2d007731,angle,4,7,19,3,88,12,5,105,0.018182799657404713,0.7711
1,c6d8df5ab1cf,angle,4,14,20,12,88,12,5,105,0.037460305905091834,0.9372
1,c6fd38d31747,angle,4,19,26,18,88,12,5,105,0.026769279366886847,1.2907
1,c75fd68faa7d,angle,4,14,25,13,88,12,5,105,0.013178984565290984,1.088
1,c7e02d89194a,angle,4,10,26,6,88,12,5,105,0.021890886551771193,0.9017
1,c7f863da692b,angle,4,12,19,11,88,12,5,105,0.020771657108690368,0.8581
1,c80dbb327a68,angle,4,8,20,4,88,12,5,105,0.04414752776065614,0.8061
1,c89a6468bcaf,angle,4,12,22,10,88,12,5,105,0.025348202204843226,0.9707
1,c8cfea069097,angle,4,14,26,10,88,12,5,105,0.05078742826437633,0.9743
1,c90a530e4042,angle,4,7,16,4,88,12,5,105,0.0326312444406875,0.8011
1,c90a530e4042,angle,4,7,16,4,88,12,5,105,0.021439440949685966,0.8474
1,c90ba2e68606,angle,4,7,19,3,88,12,5,105,0.052521673513040566,0.8241
1,c930e762a2cc,angle,4,14,27,11,88,12,5,105,0.014130624653872255,0.9475
1,c95c646401b6,angle,4,12,27,7,88,12,5,105,0.01843548277494882,1.0114
1,c9b078dfbfd4,angle,4,8,23,3,88,12,5,105,0.019673978535188603,1.21
1,ca954a1306f1,angle,4,14,27,11,88,12,5,105,0.03975301714758165,0.9172
1,cc7ef5e32419,angle,4,10,16,8,88,12,5,105,0.031000985901931406,0.8768
1,cc7ef5e32419,angle,4,10,16,8,88,12,5,105,0.026720974032286467,0.9403
1,cc7ef5e32419,angle,4,10,16,8,88,12,5,105,0.037000151891151904,0.9142
1,ccd77fa06b29,angle,4,14,26,10,88,12,5,105,0.022168915524757173,0.9107
1,cd37acc331a2,angle,4,13,22,10,88,12,5,105,0.04016206634985014,0.9457
1,cd44b27b2819,angle,4,16,26,14,88,12,5,105,0.034896928978550665,1.0962
1,cd454a98785b,angle,4,14,27,11,88,12,5,105,0.03273330935876985,1.0413
1,cd763c399386,angle,4,10,19,7,88,12,5,105,0.018981584683290427,0.8745
1,cd83f6e9cb10,angle,4,10,28,4,88,12,5,105,0.023814577516087725,0.9827
1,cddf0a6c3042,angle,4,14,26,10,88,12,5,105,0.028759482996920487,0.9511
1,ce0d4d1fefd4,angle,4,12,26,10,88,12,5,105,0.020565566245894295,1.0643
1,ce2203b998be,angle,4,10,23,7,88,12,5,105,0.021051872354880614,0.9967
1,ce4140f80c79,angle,4,21,25,21,88,12,5,105,0.023130121055912015,1.1036
1,cf3a21ca2436,angle,4,10,19,7,88,12,5,105,0.014682189378852312,0.8462
1,cf42a8465463,angle,4,10,23,7,88,12,5,105,0.022617683285348224,0.8889
1,d0505626bf76,angle,4,17,27,15,88,12,5,105,0.028420319643296013,1.071
1,d0c09ef402ab,angle,4,14,25,13,88,12,5,105,0.019741978784059745,1.1277
1,d14df4e7eefd,angle,4,13,26,10,88,12,5,105,0.02194064478342769,1.0988
1,d1b5248a49c2,angle,4,11,20,8,88,12,5,105,0.015358850080584784,0.8453
1,d2117d539262,angle,4,11,22,10,88,12,5,105,0.02256538828666324,1.26
1,d26f97ba10b6,angle,4,19,25,17,88,12,5,105,0.029981571039496405,1.0385
1,d28bc0c48242,angle,4,10,19,7,88,12,5,105,0.032863572449615595,0.9048
1,d2f93a67c322,angle,4,7,19,3,88,12,5,105,0.01718135516145441,0.7576
1,d337f8a3c56f,angle,4,17,27,15,88,12,5,105,0.020090743168941924,1.1215
1,d40d861197ea,angle,4,16,25,13,88,12,5,105,0.02646954470496334,0.9834
1,d45c1574c4c0,angle,4,5,20,0,88,12,5,105,0.031779069726682034,0.8311
1,d4770c6298a7,angle,4,19,28,16,88,12,5,105,0.0281246737866642,1.1429
1,d4a0a85e103c,angle,4,14,27,11,88,12,5,105,0.037212288277632996,1.0472
1,d4ea607f1a96,angle,4,8,23,3,88,12,5,105,0.044643645845347864,0.9387
1,d594466dafa9,angle,4,13,26,10,88,12,5,105,0.019536354273628986,0.9691
1,d5bb027f1e42,angle,4,10,22,6,88,12,5,105,0.02965239580714099,0.8468
1,d5c082b51b85,angle,4,9,19,7,88,12,5,105,0.02812021658488095,0.9752
1,d680ec6b9217,angle,4,8,23,3,88,12,5,105,0.03086661960744885,0.8698
1,d73b83b4952b,angle,4,12,26,10,88,12,5,105,0.02719965840179373,1.1356
1,d74d5932f280,angle,4,11,25,9,88,12,5,105,0.018355476811722338,1.0277
1,d87f6b00d8b8,angle,4,7,19,3,88,12,5,105,0.038210430931101776,0.763
1,d885d2bef868,angle,4,10,16,8,88,12,5,105,0.028683970282784715,1.2182
1,d885d2bef868,angle,4,10,16,8,88,12,5,105,0.02899483262094336,0.845
1,d9556a413df7,angle,4,9,22,6,88,12,5,105,0.036065991637691745,0.8894
1,d97ccd04f4f5,angle,4,7,16,4,88,12,5,105,0.030722739328173692,0.7804
1,d97ccd04f4f5,angle,4,7,16,4,88,12,5,105,0.02959651831068419,0.8275
1,db4c808f6b28,angle,4,14,25,13,88,12,5,105,0.019026060409030526,1.086
1,db5dbee8ace8,angle,4,14,23,11,88,12,5,105,0.019206265855651068,1.0223
1,db6096f7c4a4,angle,4,11,25,9,88,12,5,105,0.020483271137386853,0.915
1,dc049d2cbb26,angle,4,14,27,11,88,12,5,105,0.015898386851257107,0.963
1,dc63c6e12cac,angle,4,11,23,7,88,12,5,105,0.05058244476563296,0.9455
1,dcec8dec43e1,angle,4,11,23,7,88,12,5,105,0.022387215437150314,0.8911
1,dcfd64d8bcb7,angle,4,13,22,10,88,12,5,105,0.026240034088707502,1.1173
1,dd3d12e5859e,angle,4,13,26,10,88,12,5,105,0.03783239516143013,0.9622
1,de459217f097,angle,4,14,26,10,88,12,5,105,0.016794990705477766,0.925
1,de6d13f35f9d,angle,4,14,27,11,88,12,5,105,0.029260221127750563,1.0802
1,de968222edba,angle,4,13,22,10,88,12,5,105,0.027974882742952508,1.1022
1,deed4270f02f,angle,4,15,27,11,88,12,5,105,0.01842921427970925,1.1343
1,df1735b838f5,angle,4,13,26,10,88,12,5,105,0.02069560331033282,0.9152
1,df8b5c1b09c7,angle,4,13,26,10,88,12,5,105,0.01983208726935294,0.9941
1,e0ebb849fca8,angle,4,15,24,12,88,12,5,105,0.03944212850454031,1.05
1,e13f09b8a58a,angle,4,4,16,0,88,12,5,105,0.037265460232697986,0.6874
1,e13f09b8a58a,angle,4,4,16,0,88,12,5,105,0.04402563559464076,0.697
1,e13f09b8a58a,angle,4,4,16,0,88,12,5,105,0.03732825742588274,0.7095
1,e15f931a08be,angle,4,13,26,10,88,12,5,105,0.021679932476984416,0.9698
1,e2cdb1fcca06,angle,4,10,23,7,88,12,5,105,0.021539308434405546,0.9079
1,e2f20e7bf367,angle,4,8,20,4,88,12,5,105,0.022657461726036107,0.8905
1,e3942cae4b1e,angle,4,10,22,6,88,12,5,105,0.028384294206772485,0.8261
1,e3af063ee4bf,angle,4,10,26,6,88,12,5,105,0.018834630390855735,0.9456
1,e3b00254ebc8,angle,4,12,27,7,88,12,5,105,0.01677552562836861,0.9792
1,e3cb5e229ee2,angle,4,15,25,13,88,12,5,105,0.02002433503118099,1.0534
1,e3f13f7f4e6d,angle,4,11,20,8,88,12,5,105,0.04451005092545278,0.9869
1,e40bfcf340cb,angle,4,8,23,3,88,12,5,105,0.04463129076626338,0.8632
1,e425705d298f,angle,4,10,26,6,88,12,5,105,0.01988091104489606,0.9981
1,e45d92571457,angle,4,11,20,8,88,12,5,105,0.01967104655419679,1.8326
1,e5010f1c7ac2,angle,4,12,27,7,88,12,5,105,0.02172628210856737,0.9725
1,e52bcd26bc7b,angle,4,9,22,6,88,12,5,105,0.025795498915475872,0.8594
1,e556967495b4,angle,4,7,19,3,88,12,5,105,0.02554533909178243,0.8101
1,e5eb108f43cd,angle,4,4,16,0,88,12,5,105,0.03842248451310445,0.7
1,e5eb108f43cd,angle,4,4,16,0,88,12,5,105,0.05325509141561025,0.708
1,e5edc6bf12dc,angle,4,14,26,10,88,12,5,105,0.02186261391337517,0.993
1,e603adab834b,angle,4,8,20,4,88,12,5,105,0.030919708499126747,0.8227
1,e63d377f086f,angle,4,7,19,3,88,12,5,105,0.031956476653652005,0.8016
1,e69df03d0c42,angle,4,8,23,3,88,12,5,105,0.02773472401810103,0.9127
1,e6d3c1ca478a,angle,4,12,26,10,88,12,5,105,0.014682467694066826,1.057
1,e6ef0fc23911,angle,4,4,16,0,88,12,5,105,0.036142286471522705,0.8421
1,e6ef0fc23911,angle,4,4,16,0,88,12,5,105,0.029175164861886885,0.8455
1,e6ef0fc23911,angle,4,4,16,0,88,12,5,105,0.0345495291079244,0.7135
1,e71ee5c3a57a,angle,4,13,26,10,88,12,5,105,0.019843550525420837,0.957
1,e73fa6caf4bb,angle,4,11,20,8,88,12,5,105,0.04239407286528406,0.9866
1,e78c71509123,angle,4,11,27,7,88,12,5,105,0.022215712665536458,0.9923
1,e7a113149909,angle,4,12,19,11,88,12,5,105,0.022114421463183,1.1963
1,e8e8325475cb,angle,4,17,26,14,88,12,5,105,0.035902220730706584,1.045
1,e93029d0dbde,angle,4,5,20,0,88,12,5,105,0.03945264978131841,0.9003
1,e97d0efd9f14,angle,4,14,23,11,88,12,5,105,0.019175688439092717,0.9754
1,e9e4ce1b9992,angle,4,7,16,4,88,12,5,105,0.030145110351732465,0.8214
1,e9f9c2469831,angle,4,15,27,11,88,12,5,105,0.018706109028927692,0.9689
1,eb7d76472cba,angle,4,10,19,7,88,12,5,105,0.027015603708548913,0.9746
1,ec3d3cfa1e99,angle,4,13,19,11,88,12,5,105,0.019356541992295032,0.9141
1,ed535bf1977f,angle,4,14,23,11,88,12,5,105,0.02342484116851327,0.9105
1,ed9992583ace,angle,4,14,27,11,88,12,5,105,0.015107545804593905,1.4683
1,edb832558599,angle,4,10,19,7,88,12,5,105,0.029806547708598457,0.8661
1,edd875503efa,angle,4,13,28,8,88,12,5,105,0.03729128754641531,1.0212
1,eea1f20e9ca9,angle,4,14,25,13,88,12,5,105,0.019851222485497907,1.2219
1,ef34cf24eca2,angle,4,14,26,10,88,12,5,105,0.03210109212433272,1.4567
1,effb0556a789,angle,4,11,23,7,88,12,5,105,0.025633382506564446,0.9333
1,f01b47bd0a4e,angle,4,4,16,0,88,12,5,105,0.03127339999876422,0.69
1,f04544d5256f,angle,4,12,22,10,88,12,5,105,0.027678130924185026,1.1121
1,f04bb4cf9438,angle,4,10,19,7,88,12,5,105,0.03579130091042984,0.9092
1,f0f54d37bab2,angle,4,4,16,0,88,12,5,105,0.03286968159470555,0.9098
1,f0f54d37bab2,angle,4,4,16,0,88,12,5,105,0.02882169943762949,0.6949
1,f0ff0a2fff03,angle,4,12,22,10,88,12,5,105,0.01651822567787554,1.0598
1,f1d194d5682d,angle,4,9,22,6,88,12,5,105,0.017420221276505696,0.9214
1,f20e350664bf,angle,4,12,27,7,88,12,5,105,0.01811555743447805,0.9651
1,f2442c369b58,angle,4,7,16,4,88,12,5,105,0.03566788918905451,0.7805
1,f3946428153d,angle,4,9,19,7,88,12,5,105,0.016682026486313166,0.8697
1,f486337d4cac,angle,4,8,20,4,88,12,5,105,0.021700212823766104,0.8749
1,f48d1936b4fa,angle,4,13,25,9,88,12,5,105,0.021755037467244998,0.9142
1,f4b3cdf949d9,angle,4,15,24,12,88,12,5,105,0.03316817028109201,1.0382
1,f4cb7a4c121f,angle,4,11,23,7,88,12,5,105,0.02637590638833104,0.8973
1,f4f35784d93a,angle,4,5,20,0,88,12,5,105,0.03415610447300253,0.867
1,f564e1094a08,angle,4,7,16,4,88,12,5,105,0.03650367464786754,1.0504
1,f58e85e5f2fc,angle,4,7,16,4,88,12,5,105,0.03923145875736777,1.2004
1,f5c22e9e174c,angle,4,13,22,10,88,12,5,105,0.01849891043115071,0.9398
1,f638f42f9bb0,angle,4,12,24,8,88,12,5,105,0.02566715084558704,0.9255
1,f67ac31cfe05,angle,4,17,27,15,88,12,5,105,0.017212068489381113,1.0481
1,f68fa1af234f,angle,4,11,23,7,88,12,5,105,0.017730448006980114,0.9653
1,f6d5cf7986b4,angle,4,15,26,14,88,12,5,105,0.019415646139431163,1.1544
1,f6dabfafe938,angle,4,15,27,11,88,12,5,105,0.028467824484465717,1.0823
1,f7d45e3155b1,angle,4,17,26,14,88,12,5,105,0.026382166645883158,1.0556
1,f7f82da2af20,angle,4,13,26,10,88,12,5,105,0.01750975200247632,1.0181
1,f807f337afdd,angle,4,8,20,4,88,12,5,105,0.018702446853987042,0.8905
1,f807f337afdd,angle,4,8,20,4,88,12,5,105,0.021246440699745548,0.8452
1,f89ac54dcd0d,angle,4,8,20,4,88,12,5,105,0.04378204701942923,0.8203
1,fa06773d3a57,angle,4,12,22,10,88,12,5,105,0.024491445498806087,0.966
1,fadef7f4fb6f,angle,4,11,23,7,88,12,5,105,0.01804694532566074,0.8852
1,fb72e52136a0,angle,4,13,26,10,88,12,5,105,0.046204833262208145,0.9445
1,fcd00a891457,angle,4,13,22,10,88,12,5,105,0.042310263002299967,1.1056
1,fd044cd6d4a9,angle,4,15,27,11,88,12,5,105,0.028888292083410514,1.1216
1,fd117a0e6b5b,angle,4,16,25,13,88,12,5,105,0.0350420902386995,1.1281
1,fd38c32207f6,angle,4,9,24,4,88,12,5,105,0.019889590574988937,0.8183
1,fd3a4c66b0ba,angle,4,10,22,6,88,12,5,105,0.02946563942845887,0.8528
1,fd621d1188ea,angle,4,9,22,6,88,12,5,105,0.024369960304385267,0.8979
1,fd77ebb0115c,angle,4,7,19,3,88,12,5,105,0.023935731926266992,0.8444
1,fdad693dfd24,angle,4,14,26,10,88,12,5,105,0.015147111950330387,0.9758
1,fdc24dab8f35,angle,4,16,26,14,88,12,5,105,0.030498521312926064,1.0274
1,fe55878266ac,angle,4,8,23,3,88,12,5,105,0.021008999270148723,0.8367
1,ff2f9a8f2620,angle,4,14,26,10,88,12,5,105,0.028423558433061845,1.0678
1,ff3e68a10d2c,angle,4,13,26,10,88,12,5,105,0.018169909983416055,1.1148
1,ff72664cf329,angle,4,10,23,7,88,12,5,105,0.021192059634347008,0.8125
2,0008a0d620c9,angle,4,11,23,7,88,12,5,105,0.025688993136956845,0.9952
2,005d7b264dde,angle,4,8,20,4,88,12,5,105,0.02515961184916241,0.8256
2,00ec21ca9888,angle,4,7,19,3,88,12,5,105,0.023702645399805718,0.8175
2,0197b783381d,angle,4,9,22,6,88,12,5,105,0.019615994982069354,0.8603
2,0247d2e45f19,angle,4,15,25,13,88,12,5,105,0.015085236448727628,0.9803
2,0357d06265f9,angle,4,5,20,0,88,12,5,105,0.027503735501716243,0.7885
2,037d845b6f99,angle,4,10,26,6,88,12,5,105,0.04142001302103813,0.9477
2,03cc380b0e3f,angle,4,9,22,6,88,12,5,105,0.01445259283216204,0.9603
2,063c0eeb8615,angle,4,10,22,6,88,12,5,105,0.02157468881721861,0.8569
2,06ebe2dafb11,angle,4,11,27,7,88,12,5,105,0.027290369051352095,1.0016
2,072cfdb1254a,angle,4,10,23,7,88,12,5,105,0.01657849219001139,0.9556
2,07b16a99f569,angle,4,4,16,0,88,12,5,105,0.03556944051263917,0.7208
2,07b16a99f569,angle,4,4,16,0,88,12,5,105,0.02775922979559498,0.7907
2,07b16a99f569,angle,4,4,16,0,88,12,5,105,0.035134045698362364,0.7471
2,0829f65f5f26,angle,4,13,25,9,88,12,5,105,0.0251341937521753,0.8913
2,0886c9e45db4,angle,4,11,27,7,88,12,5,105,0.020219077951641063,0.9456
2,08e20ad7d716,angle,4,4,16,0,88,12,5,105,0.03513788569825897,0.7338
2,08e20ad7d716,angle,4,4,16,0,88,12,5,105,0.028367813307563064,0.723
2,08e20ad7d716,angle,4,4,16,0,88,12,5,105,0.037096941008852156,0.7516
2,09b2eccb019d,angle,4,15,24,12,88,12,5,105,0.02367550039941177,0.9942
2,09cac52e03c5,angle,4,8,23,3,88,12,5,105,0.026499907771105873,0.893
2,0a0ec1d37b3a,angle,4,11,20,8,88,12,5,105,0.03109056691606309,0.9187
2,0ace4c49ce0d,angle,4,10,19,7,88,12,5,105,0.028586499584589538,0.9056
2,0ace4c49ce0d,angle,4,10,19,7,88,12,5,105,0.02700688084204727,0.984
2,0b972c38d39d,angle,4,14,27,11,88,12,5,105,0.027623178350453456,0.9819
2,0bd5b31e17e0,angle,4,9,22,6,88,12,5,105,0.01962816170013507,0.8845
2,0c281b3aae0f,angle,4,7,19,3,88,12,5,105,0.020436984159953517,0.7753
2,0c31e9be9350,angle,4,12,24,8,88,12,5,105,0.022750034887591156,1.0126
2,0c9441d55004,angle,4,17,27,15,88,12,5,105,0.029133298057151414,1.0476
2,0d0fbe56dd45,angle,4,15,24,12,88,12,5,105,0.017069822361526616,1.0224
2,0d3379fcd92e,angle,4,9,24,4,88,12,5,105,0.011160424850843979,0.8974
2,0dd79ee59bf3,angle,4,18,27,15,88,12,5,105,0.015295937936183975,1.073
2,0e56b2abc334,angle,4,13,22,10,88,12,5,105,0.01785388937217834,0.9296
2,0edee90dea52,angle,4,5,20,0,88,12,5,105,0.033989919126661924,0.7571
2,0fab89b9ba2c,angle,4,8,20,4,88,12,5,105,0.032151274739451396,0.8237
2,0fcaab25711c,angle,4,12,25,9,88,12,5,105,0.03118405735887427,0.9152
2,106feecd14a4,angle,4,7,16,4,88,12,5,105,0.02378703303627732,0.79
2,112756abbc7a,angle,4,7,16,4,88,12,5,105,0.01873508553302904,0.7879
2,112756abbc7a,angle,4,7,16,4,88,12,5,105,0.018222487899616883,0.8017
2,119ab852ae4c,angle,4,4,16,0,88,12,5,105,0.03207752835969221,0.688
2,119ab852ae4c,angle,4,4,16,0,88,12,5,105,0.0310476655892547,0.7527
2,119ab852ae4c,angle,4,4,16,0,88,12,5,105,0.034866209530415186,0.7047
2,11f6f2515a34,angle,4,7,16,4,88,12,5,105,0.018445002129507993,0.7938
2,12d30fb7db45,angle,4,7,19,3,88,12,5,105,0.01792772198327076,0.7691
2,135ab604808f,angle,4,16,26,14,88,12,5,105,0.02896315811836911,1.0521
2,13a182f8b672,angle,4,10,19,7,88,12,5,105,0.01718193313491424,0.8112
2,13b3a2e1d851,angle,4,9,19,7,88,12,5,105,0.0243447192802449,0.8699
2,13e3290c60c3,angle,4,8,20,4,88,12,5,105,0.012685988187249612,0.8299
2,15ca6a6d1d8f,angle,4,10,26,6,88,12,5,105,0.031219291932421556,0.9601
2,16676d173e8c,angle,4,10,19,7,88,12,5,105,0.029666694558508563,0.8727
2,16c4ff224e0a,angle,4,8,23,3,88,12,5,105,0.03938934124251877,0.8575
2,16c8f06a610b,angle,4,12,24,8,88,12,5,105,0.017365655505769163,0.9444
2,16f87bc16973,angle,4,11,23,7,88,12,5,105,0.024881613140270684,0.8791
2,1827a6c2cf9b,angle,4,21,27,19,88,12,5,105,0.02930964767352992,1.0923
2,184bfc843a77,angle,4,10,19,7,88,12,5,105,0.029380125089417206,0.8963
2,185fb8c393f2,angle,4,16,25,13,88,12,5,105,0.020325457455260515,1.0251
2,193665688700,angle,4,8,20,4,88,12,5,105,0.014633914201627735,0.753
2,1948d84cfc99,angle,4,7,19,3,88,12,5,105,0.02517512214307591,0.7924
2,19f564e45cac,angle,4,13,19,11,88,12,5,105,0.02165463120479452,0.8934
2,1a1d8a079840,angle,4,13,22,10,88,12,5,105,0.017967746701805527,0.9644
2,1aa0ae9eefb6,angle,4,13,26,10,88,12,5,105,0.022000307604556516,0.9582
2,1bdce3023e4f,angle,4,11,23,7,88,12,5,105,0.020524952159610966,0.8097
2,1c43b76b8fdb,angle,4,15,27,11,88,12,5,105,0.015912939316726587,1.1128
2,1ce0686581db,angle,4,9,22,6,88,12,5,105,0.01985675574398482,0.8921
2,1e1994f37498,angle,4,13,26,10,88,12,5,105,0.01460593801401673,0.9704
2,1f5a90aee832,angle,4,14,25,13,88,12,5,105,0.013206939906285861,1.0073
2,1fcd0d0909d3,angle,4,9,19,7,88,12,5,105,0.020240447319985626,0.8442
2,1fd0ce4ce998,angle,4,11,23,7,88,12,5,105,0.023748484797155717,1.0029
2,1fd167cfe543,angle,4,8,20,4,88,12,5,105,0.035740078371587276,0.8027
2,2039b6043638,angle,4,11,20,8,88,12,5,105,0.017832413009342653,0.92
2,2088c4f0d60c,angle,4,4,16,0,88,12,5,105,0.03399246164046279,0.6897
2,209a062f91f5,angle,4,12,27,7,88,12,5,105,0.01640246087881436,0.9323
2,209e12eeb266,angle,4,11,27,7,88,12,5,105,0.024525641263102062,0.9549
2,20a3711e08de,angle,4,14,25,13,88,12,5,105,0.024224668379486534,1.0007
2,21265dc60d6e,angle,4,10,22,6,88,12,5,105,0.015721304995997446,0.8465
2,213090c063d7,angle,4,14,26,10,88,12,5,105,0.02092005262366928,0.9766
2,2138a8de9aee,angle,4,19,25,17,88,12,5,105,0.025930236861481715,1.0705
2,2185516ab6ff,angle,4,9,22,6,88,12,5,105,0.01661334355421346,0.8819
2,22d92a4329d5,angle,4,7,19,3,88,12,5,105,0.024316090467962445,0.8349
2,22d92a4329d5,angle,4,7,19,3,88,12,5,105,0.016425885885928866,0.8499
2,2325f02d575f,angle,4,8,20,4,88,12,5,105,0.02348163436793445,0.8379
2,2378ee5e7b8d,angle,4,12,26,10,88,12,5,105,0.015528286759601297,0.9561
2,23879c0a4276,angle,4,12,22,10,88,12,5,105,0.023676316887169434,0.9424
2,243b31831aec,angle,4,11,23,7,88,12,5,105,0.025642015441248073,0.895
2,24a3ca388134,angle,4,11,20,8,88,12,5,105,0.02112150370660727,0.8617
2,24c4c8767a2b,angle,4,11,25,9,88,12,5,105,0.02046684333568159,1.0477
2,2506a1bb4520,angle,4,8,23,3,88,12,5,105,0.020136188542190417,0.901
2,25b99d13984e,angle,4,12,27,7,88,12,5,105,0.01825170563584356,0.9711
2,25e6099d1a62,angle,4,14,26,10,88,12,5,105,0.01326682682488065,0.9524
2,27c9434c93f8,angle,4,11,26,6,88,12,5,105,0.02798880896683423,0.9224
2,2809196352c7,angle,4,11,27,7,88,12,5,105,0.014611011199339047,0.947
2,282036c31ebb,angle,4,12,25,9,88,12,5,105,0.01928971733705807,0.9157
2,28255a3d80bb,angle,4,12,26,10,88,12,5,105,0.027395832098116562,0.986
2,28f0834842bc,angle,4,11,23,7,88,12,5,105,0.016758903449384605,0.8255
2,28f62c07b961,angle,4,17,27,15,88,12,5,105,0.020112614566458676,1.0644
2,293cc854ffbe,angle,4,4,16,0,88,12,5,105,0.027482498702104754,0.7097
2,294ab4c83231,angle,4,13,16,12,88,12,5,105,0.041252858621517605,0.9431
2,29d612c5dcdd,angle,4,7,19,3,88,12,5,105,0.016959890999203562,0.8742
2,2b8362192d2d,angle,4,11,20,8,88,12,5,105,0.020562081947576537,0.8617
2,2c1434f76ff4,angle,4,9,27,3,88,12,5,105,0.019569660133113776,0.9352
2,2c4de2057240,angle,4,10,19,7,88,12,5,105,0.020968601638499913,0.8342
2,2cd183b329d6,angle,4,7,16,4,88,12,5,105,0.02894756137302969,0.8065
2,2cd183b329d6,angle,4,7,16,4,88,12,5,105,0.03266622876188782,0.8327
2,2d051ba70fed,angle,4,9,22,6,88,12,5,105,0.01803807348793013,0.995
2,2d9b307ebc54,angle,4,15,24,12,88,12,5,105,0.02649541985888126,1.0204
2,2e67f4f8e425,angle,4,12,24,8,88,12,5,105,0.027108018841358664,0.8924
2,2e90bdb61e7d,angle,4,15,26,14,88,12,5,105,0.01845440887032624,1.1464
2,2eefeeff5c11,angle,4,11,23,7,88,12,5,105,0.02039732902648062,0.8689
2,2f32cd0a3c4d,angle,4,16,26,14,88,12,5,105,0.017112554818238205,0.9867
2,2f5c662571f4,angle,4,16,26,14,88,12,5,105,0.017551102846905715,0.9765
2,2f98d15d3c75,angle,4,15,27,11,88,12,5,105,0.018652975416789126,0.9899
2,30f4a97eb136,angle,4,12,24,8,88,12,5,105,0.04893108463856771,0.9611
2,313beb228912,angle,4,7,19,3,88,12,5,105,0.01879784245204262,0.7517
2,313beb228912,angle,4,7,19,3,88,12,5,105,0.02883089567596916,0.8256
2,3180c8c8ba0f,angle,4,12,22,10,88,12,5,105,0.04089217838879536,0.9259
2,31b5d3061b59,angle,4,14,27,11,88,12,5,105,0.030952630384037297,0.9986
2,31fa90a63c7b,angle,4,7,19,3,88,12,5,105,0.04196314749356216,0.7476
2,32063825c19b,angle,4,8,20,4,88,12,5,105,0.011621257103383771,0.7813
2,32b4d3fc16fc,angle,4,12,27,7,88,12,5,105,0.015050857122595962,0.9795
2,331fa36366c6,angle,4,16,25,13,88,12,5,105,0.02635010617882118,1.0022
2,333ab963d46a,angle,4,21,27,19,88,12,5,105,0.02914668209358276,0.9929
2,334efc4fcf23,angle,4,16,22,14,88,12,5,105,0.019972181164423713,0.9929
2,33d5aafc3cc0,angle,4,7,19,3,88,12,5,105,0.016953186477733147,0.7537
2,34f123fd3ec6,angle,4,13,28,8,88,12,5,105,0.026719261483779438,1.0053
2,35b8d5af0007,angle,4,14,27,11,88,12,5,105,0.02656670262300954,1.0675
2,35db80de5ba2,angle,4,5,20,0,88,12,5,105,0.030013692189435618,0.844
2,3756de7a9ff8,angle,4,13,26,10,88,12,5,105,0.020305255554843176,0.9675
2,38027171551f,angle,4,7,19,3,88,12,5,105,0.02130112416749814,0.9385
2,38034bcca173,angle,4,8,20,4,88,12,5,105,0.026420540208416454,0.8451
2,38ab6812c74e,angle,4,11,25,9,88,12,5,105,0.017589534380074164,0.9275
2,39885a05e694,angle,4,12,27,7,88,12,5,105,0.01739170224334117,0.887
2,39d826a64d6e,angle,4,12,24,8,88,12,5,105,0.021284167992194312,1.0624
2,3b5295f798ae,angle,4,12,27,7,88,12,5,105,0.01834635647764954,0.977
2,3b7c3105dcd1,angle,4,4,16,0,88,12,5,105,0.030972023353069787,0.8231
2,3b7c3105dcd1,angle,4,4,16,0,88,12,5,105,0.03153990026577729,0.6957
2,3b7c3105dcd1,angle,4,4,16,0,88,12,5,105,0.033216487404991626,0.8645
2,3bdb74a459a0,angle,4,7,19,3,88,12,5,105,0.023539731897574183,0.7401
2,3c0450d675a3,angle,4,11,20,8,88,12,5,105,0.031110946867609346,1.094
2,3c440e336342,angle,4,7,19,3,88,12,5,105,0.020742848998345772,0.9511
2,3ce4f42a7ae6,angle,4,7,19,3,88,12,5,105,0.016514523348998084,0.8217
2,3cfcf1eac104,angle,4,7,19,3,88,12,5,105,0.025814501122526676,0.7644
2,3dad662f670d,angle,4,7,19,3,88,12,5,105,0.0155363551016472,0.7862
2,3dad662f670d,angle,4,7,19,3,88,12,5,105,0.014735895641985564,0.7495
2,3dc4f3b3316b,angle,4,7,19,3,88,12,5,105,0.015730061752680855,0.7766
2,3e69b76e29d8,angle,4,8,23,3,88,12,5,105,0.013441675577962957,0.9982
2,3f8cdf05c306,angle,4,13,26,10,88,12,5,105,0.017025179696083408,1.0227
2,3fa44805a8fb,angle,4,11,25,9,88,12,5,105,0.01527408963819493,0.8987
2,3ff0891a23b4,angle,4,11,23,7,88,12,5,105,0.017646692139002426,0.8548
2,400279313e64,angle,4,8,20,4,88,12,5,105,0.024286478968128043,0.9404
2,413faa5bcf58,angle,4,8,20,4,88,12,5,105,0.02471898290014049,0.8295
2,416d695ef2a9,angle,4,12,24,8,88,12,5,105,0.03349311644226897,0.8998
2,41af7cfb0346,angle,4,8,20,4,88,12,5,105,0.034529351757925014,0.7801
2,41e2fae5a8c6,angle,4,8,23,3,88,12,5,105,0.02276666292101996,0.8557
2,421152573760,angle,4,14,23,11,88,12,5,105,0.01434084389034066,0.9691
2,424f11391ed6,angle,4,7,19,3,88,12,5,105,0.01631556935107691,0.7904
2,426f7e467397,angle,4,14,27,11,88,12,5,105,0.028763089392440926,1.0603
2,42a89b455fa3,angle,4,7,19,3,88,12,5,105,0.021801556652007496,0.8242
2,4395c8eef00a,angle,4,11,26,6,88,12,5,105,0.024679096632225693,0.858
2,43e4afecd68d,angle,4,12,26,10,88,12,5,105,0.03503892732715761,0.9555
2,44231a1db87f,angle,4,16,26,14,88,12,5,105,0.02174184392961402,1.0434
2,44692e12d6d2,angle,4,7,19,3,88,12,5,105,0.017029291736516756,0.772
2,44daed1f0a18,angle,4,11,23,7,88,12,5,105,0.016080757352612697,1.0955
2,4530be8601cb,angle,4,8,23,3,88,12,5,105,0.021387073899951033,0.9076
2,453606cc3383,angle,4,9,22,6,88,12,5,105,0.014277713890710557,0.8531
2,45b93cb425a2,angle,4,12,19,11,88,12,5,105,0.035901572502604416,0.9127
2,4642ee0fe6a1,angle,4,18,26,18,88,12,5,105,0.031047276197929182,1.3164
2,4770bff84363,angle,4,11,26,6,88,12,5,105,0.028501511316953578,0.9821
2,47b08eee68f5,angle,4,9,22,6,88,12,5,105,0.02391705009407149,0.8682
2,4927a376e934,angle,4,9,22,6,88,12,5,105,0.016798765978726163,1.4436
2,4949e7289a07,angle,4,16,23,15,88,12,5,105,0.016926506837690546,1.2202
2,49591bcf125d,angle,4,8,23,3,88,12,5,105,0.03188065197929179,0.8837
2,495fa5efc0fb,angle,4,11,23,7,88,12,5,105,0.015436231158011376,0.9911
2,49b0db014e4c,angle,4,11,23,7,88,12,5,105,0.019070847412332077,0.876
2,4a79d176dbb6,angle,4,15,25,13,88,12,5,105,0.014496764216603982,1.0776
2,4a81dc62cff5,angle,4,10,19,7,88,12,5,105,0.024258358513065716,0.8624
2,4b0a53601342,angle,4,10,19,7,88,12,5,105,0.030191088008419846,0.9342
2,4b4672d8aa22,angle,4,7,19,3,88,12,5,105,0.01740248959174473,0.8023
2,4b8bfdff4376,angle,4,13,26,10,88,12,5,105,0.019201384686439796,1.0649
2,4c4b0116498b,angle,4,10,22,6,88,12,5,105,0.01947304215018309,0.8524
2,4c9aa7f0d8ee,angle,4,9,19,7,88,12,5,105,0.031169043784544395,0.9131
2,4d1ca99d4624,angle,4,10,23,7,88,12,5,105,0.01871981095443717,0.9462
2,4da117fd5f9e,angle,4,9,24,4,88,12,5,105,0.0244467662174102,0.8756
2,4dce2ec33ea4,angle,4,14,25,13,88,12,5,105,0.01744532984611027,1.0641
2,4dd29eee6719,angle,4,11,25,9,88,12,5,105,0.016764421327685585,1.0818
2,4e69cf5bb4b7,angle,4,14,23,11,88,12,5,105,0.013871167315491697,0.9031
2,4e7e4f9b6524,angle,4,8,20,4,88,12,5,105,0.03698656629911198,0.7469
2,4f1a149f8c61,angle,4,11,20,8,88,12,5,105,0.04016804968341242,0.8733
2,4fd56b79d588,angle,4,11,26,6,88,12,5,105,0.017058391099591123,0.9676
2,4fd62dfe69e3,angle,4,16,26,14,88,12,5,105,0.01594310865620317,1.1164
2,4fdf564dce60,angle,4,16,26,14,88,12,5,105,0.02663902383151318,1.3203
2,505e705e80b3,angle,4,10,16,8,88,12,5,105,0.017041711260330696,0.8483
2,5175689b7be0,angle,4,16,28,12,88,12,5,105,0.017387709023274127,1.0482
2,517e842924a6,angle,4,13,26,10,88,12,5,105,0.011420235034118731,0.865
2,51e30cebf66d,angle,4,14,26,10,88,12,5,105,0.03206883434661551,0.955
2,52143ae4ac4b,angle,4,7,16,4,88,12,5,105,0.025563849352939275,0.8781
2,52143ae4ac4b,angle,4,7,16,4,88,12,5,105,0.017588430696038743,0.7751
2,52143ae4ac4b,angle,4,7,16,4,88,12,5,105,0.02411998477807329,0.7876
2,529f94be7b94,angle,4,13,22,10,88,12,5,105,0.015101140108383876,0.8908
2,52c79fc740cf,angle,4,11,25,9,88,12,5,105,0.018883718088342143,0.9884
2,53c62d7cf705,angle,4,8,20,4,88,12,5,105,0.031908283248982185,1.0422
2,5434f6036ce1,angle,4,8,20,4,88,12,5,105,0.022062204421371634,0.7773
2,544dc771adae,angle,4,14,23,11,88,12,5,105,0.025670229856153196,0.9771
2,550c12d300b3,angle,4,12,24,8,88,12,5,105,0.01853265159158989,0.8919
2,55844bffa227,angle,4,15,25,13,88,12,5,105,0.021485969663495415,1.0662
2,567df35fe74e,angle,4,10,16,8,88,12,5,105,0.026817406256404563,0.8882
2,569e46bdc2c3,angle,4,16,26,14,88,12,5,105,0.020196456774475773,1.0505
2,57042f8c2ffb,angle,4,12,27,7,88,12,5,105,0.01808771199420545,0.9518
2,572651f3c593,angle,4,10,19,7,88,12,5,105,0.021644970686479206,1.0263
2,57b754f43185,angle,4,11,23,7,88,12,5,105,0.027558943982982486,0.9069
2,57c11ac5d6ff,angle,4,15,27,11,88,12,5,105,0.015618929660845616,0.9936
2,581655648b3f,angle,4,14,23,11,88,12,5,105,0.021428636181724248,1.003
2,584130c28827,angle,4,7,19,3,88,12,5,105,0.026616545992599487,0.7643
2,586f94ba5274,angle,4,15,27,11,88,12,5,105,0.020180499688444486,1.0228
2,590fd8f97cfb,angle,4,17,27,15,88,12,5,105,0.013888051633339,1.0845
2,59dcd8cde037,angle,4,16,26,14,88,12,5,105,0.019037723848969023,0.994
2,5a05c3a7a0ad,angle,4,11,27,7,88,12,5,105,0.015273950311323144,0.9417
2,5a30ba13e6e1,angle,4,18,25,17,88,12,5,105,0.018101975623911085,1.0196
2,5a433251a78f,angle,4,9,19,7,88,12,5,105,0.022337951537654534,0.8266
2,5acab7ae27f6,angle,4,16,26,14,88,12,5,105,0.026029246190932987,1.186
2,5c110cd4d3ad,angle,4,13,23,11,88,12,5,105,0.02692344089733813,0.9352
2,5c4be7d0867a,angle,4,14,20,12,88,12,5,105,0.029743682639087783,0.944
2,5c8acd9c9626,angle,4,13,26,10,88,12,5,105,0.019272444255774797,1.0693
2,5d59ab539dcc,angle,4,13,28,8,88,12,5,105,0.02080945744559418,1.2063
2,5dd4dd1121eb,angle,4,10,26,6,88,12,5,105,0.02132383183245234,0.9463
2,5de6aa6fb843,angle,4,11,23,7,88,12,5,105,0.019494921781297123,0.8524
2,5e5726ad35fe,angle,4,14,25,13,88,12,5,105,0.017708138924884806,1.0189
2,5edd8b055e68,angle,4,7,16,4,88,12,5,105,0.018481523922596655,0.8295
2,5edd8b055e68,angle,4,7,16,4,88,12,5,105,0.01851902359992556,0.8106
2,5f29ae24be0e,angle,4,12,26,10,88,12,5,105,0.015031129612303412,0.9774
2,5f60874932a6,angle,4,4,16,0,88,12,5,105,0.022975740052602087,0.7113
2,5f60874932a6,angle,4,4,16,0,88,12,5,105,0.02980570161499692,0.709
2,5f9ab3d67747,angle,4,15,27,11,88,12,5,105,0.014163058652133461,1.0234
2,6075780720d8,angle,4,8,20,4,88,12,5,105,0.016648041991666408,0.7713
2,6075780720d8,angle,4,8,20,4,88,12,5,105,0.023378551033181566,0.7782
2,6075780720d8,angle,4,8,20,4,88,12,5,105,0.022877247485921143,0.7803
2,6075780720d8,angle,4,8,20,4,88,12,5,105,0.01738166932690702,0.7775
2,60a8006fddac,angle,4,7,16,4,88,12,5,105,0.038433587323845934,0.774
2,60fa7be04927,angle,4,8,20,4,88,12,5,105,0.023872866394906343,0.8744
2,6190c1fd75d3,angle,4,9,22,6,88,12,5,105,0.014809146589547038,0.8531
2,61aae058a7dd,angle,4,15,25,13,88,12,5,105,0.02403514376113938,1.0514
2,61d8ee298451,angle,4,14,20,12,88,12,5,105,0.018027148739309197,0.9142
2,6236f2ef2b52,angle,4,10,23,7,88,12,5,105,0.01864751703064892,0.8004
2,631ea99bc43c,angle,4,12,24,8,88,12,5,105,0.02233061341670064,0.9064
2,6366951523ba,angle,4,8,23,3,88,12,5,105,0.03073765250779761,0.9205
2,6367f12b0a3b,angle,4,14,23,11,88,12,5,105,0.031825780093707505,0.99
2,63ce19775f51,angle,4,14,23,11,88,12,5,105,0.02691315568597767,1.0148
2,63f91ae70bc9,angle,4,13,26,10,88,12,5,105,0.024574573706035975,0.9909
2,648dcfd39060,angle,4,10,23,7,88,12,5,105,0.0258639932856292,0.912
2,6500db73b157,angle,4,11,23,7,88,12,5,105,0.022569291640555822,0.8221
2,654ce9a713ec,angle,4,17,26,14,88,12,5,105,0.034742567607280894,1.0031
2,657f31733286,angle,4,12,25,9,88,12,5,105,0.02022581564960963,0.9689
2,65afebf81c5a,angle,4,11,22,10,88,12,5,105,0.019284921691189127,0.9517
2,660686604c65,angle,4,10,22,6,88,12,5,105,0.013039853238082018,0.8231
2,6614dee5aff8,angle,4,16,25,13,88,12,5,105,0.0298267836817478,1.0239
2,6656ca701b62,angle,4,15,25,13,88,12,5,105,0.024171958826875634,0.9398
2,668165de5932,angle,4,15,26,14,88,12,5,105,0.02651116737741944,0.9863
2,66f573445933,angle,4,16,28,12,88,12,5,105,0.020205054709216536,1.0526
2,67d58a8439aa,angle,4,4,16,0,88,12,5,105,0.03625435783825486,0.7262
2,687b4205590d,angle,4,14,26,10,88,12,5,105,0.01773189096566476,1.0168
2,68ad74bbf251,angle,4,12,22,10,88,12,5,105,0.03109239317657455,0.8618
2,6a4e45974819,angle,4,8,23,3,88,12,5,105,0.018901316495986555,0.879
2,6a96a11ef624,angle,4,10,23,7,88,12,5,105,0.022710828892306495,0.9577
2,6ab1691a31fa,angle,4,13,26,10,88,12,5,105,0.021904679392880905,1.0218
2,6b6d095e1354,angle,4,12,24,8,88,12,5,105,0.018815226110135027,0.9617
2,6bb08e12002d,angle,4,9,24,4,88,12,5,105,0.02259231167982085,0.8654
2,6bced5a08fbb,angle,4,7,19,3,88,12,5,105,0.01851177756680513,0.7933
2,6bfef1f2f990,angle,4,12,27,7,88,12,5,105,0.01474543536601266,0.9205
2,6c06e2848b17,angle,4,11,26,6,88,12,5,105,0.020267325366506574,0.9222
2,6c1699daf1ec,angle,4,16,23,15,88,12,5,105,0.03544881807529931,1.1778
2,6c506eb59214,angle,4,11,27,7,88,12,5,105,0.027801235750990052,1.0355
2,6c71145ed992,angle,4,8,20,4,88,12,5,105,0.027026502143717206,0.8446
2,6cc7e7dd8d50,angle,4,17,26,14,88,12,5,105,0.019188618590016464,1.0708
2,6d6a31ff0afd,angle,4,10,19,7,88,12,5,105,0.03144500665930319,0.8855
2,6dd137af510f,angle,4,7,19,3,88,12,5,105,0.013520724409708045,0.864
2,6de30d805df0,angle,4,7,19,3,88,12,5,105,0.02266371055874369,0.7696
2,6df3d7537ca4,angle,4,7,16,4,88,12,5,105,0.03182121325640975,0.7742
2,6e0013b3a498,angle,4,15,24,12,88,12,5,105,0.02041764330305768,0.9723
2,6e24630f70db,angle,4,4,16,0,88,12,5,105,0.0319411974627234,0.708
2,6e24630f70db,angle,4,4,16,0,88,12,5,105,0.031206800438623332,0.7384
2,6e24630f70db,angle,4,4,16,0,88,12,5,105,0.025246220270167576,0.7025
2,6e561e4494db,angle,4,13,26,10,88,12,5,105,0.01481201284917694,1.1655
2,6eb43188335e,angle,4,10,23,7,88,12,5,105,0.024701395962844378,1.0325
2,6f35829dac41,angle,4,9,24,4,88,12,5,105,0.020161477663183144,0.9719
2,6f6c133d5ace,angle,4,15,27,11,88,12,5,105,0.01898377400055837,0.9567
2,6f8da0858071,angle,4,15,27,11,88,12,5,105,0.018655637684715693,1.0618
2,6f9e3de2037d,angle,4,13,26,10,88,12,5,105,0.018380795553997253,0.865
2,6fd834c8cb22,angle,4,10,19,7,88,12,5,105,0.03646187005533581,0.8721
2,708f27a9af05,angle,4,11,23,7,88,12,5,105,0.019302883511141115,0.8219
2,70b367710f7e,angle,4,10,19,7,88,12,5,105,0.026101610694702314,0.9334
2,712d8aea6e74,angle,4,15,24,12,88,12,5,105,0.01697153113893536,0.9786
2,7153c5bd5f0c,angle,4,15,27,11,88,12,5,105,0.013273484589189482,1.0603
2,718b5ae24e65,angle,4,13,26,10,88,12,5,105,0.014823327001407292,0.8594
2,72f7705457f9,angle,4,15,22,14,88,12,5,105,0.0215870623367045,0.9852
2,739e89a9eafc,angle,4,13,28,8,88,12,5,105,0.016704908333353096,1.0021
2,73d29ae4e3f7,angle,4,10,23,7,88,12,5,105,0.018110360735531763,0.8785
2,745de1e38a7b,angle,4,14,27,11,88,12,5,105,0.018411933009221913,0.9427
2,74ffdff890fb,angle,4,10,19,7,88,12,5,105,0.015575689283060664,0.8685
2,7527dbd5648c,angle,4,17,25,17,88,12,5,105,0.030004432940366664,1.1545
2,7623f278a174,angle,4,7,16,4,88,12,5,105,0.01950444318628944,0.7814
2,7623f278a174,angle,4,7,16,4,88,12,5,105,0.03488366452487874,0.7948
2,7623f278a174,angle,4,7,16,4,88,12,5,105,0.02640202549827426,0.8606
2,76c74b79cb97,angle,4,7,16,4,88,12,5,105,0.036663795951006585,0.772
2,76c74b79cb97,angle,4,7,16,4,88,12,5,105,0.03503468098481188,0.7906
2,76fc8f24a10b,angle,4,8,20,4,88,12,5,105,0.040824881232685316,0.7896
2,772495a64140,angle,4,7,16,4,88,12,5,105,0.03188360317896636,0.7956
2,772495a64140,angle,4,7,16,4,88,12,5,105,0.02411741421285575,0.8647
2,772495a64140,angle,4,7,16,4,88,12,5,105,0.01670720670730129,0.7836
2,774a8d6dafec,angle,4,9,22,6,88,12,5,105,0.013778603808222519,0.8702
2,77b54622c966,angle,4,11,27,7,88,12,5,105,0.03654245995143123,0.9631
2,77f2f49a44ef,angle,4,14,27,11,88,12,5,105,0.018246130303302383,1.0361
2,78556f4a8a17,angle,4,12,24,8,88,12,5,105,0.025054134275826794,0.9515
2,787e08f12526,angle,4,9,24,4,88,12,5,105,0.03028378107251374,0.8862
2,7aa4385c2757,angle,4,14,20,12,88,12,5,105,0.01670063841573322,0.9684
2,7ab9957880a7,angle,4,17,26,14,88,12,5,105,0.018781803435692294,0.9667
2,7b272e518e38,angle,4,19,25,17,88,12,5,105,0.01923151137149026,1.1832
2,7cd6c5556418,angle,4,12,24,8,88,12,5,105,0.027810173804819958,0.9004
2,7dd1a7018bf1,angle,4,13,26,10,88,12,5,105,0.01830729538195831,0.9585
2,7e428a0a1e55,angle,4,13,19,11,88,12,5,105,0.030087545997184703,0.9481
2,7e6e5f8e3987,angle,4,11,23,7,88,12,5,105,0.020432140571501965,0.9201
2,7eee3561c3e2,angle,4,13,26,10,88,12,5,105,0.01774350191642728,0.9717
2,7f3aed384f51,angle,4,4,16,0,88,12,5,105,0.03093124881546328,0.7107
2,7f64892d4b48,angle,4,12,22,10,88,12,5,105,0.01898483057475952,1.1728
2,7f730f43f251,angle,4,8,20,4,88,12,5,105,0.016631182440920014,0.8559
2,7fbb3daf8f7e,angle,4,8,23,3,88,12,5,105,0.02692449195287151,0.8407
2,7fe64746228a,angle,4,12,24,8,88,12,5,105,0.0326645513664977,0.9861
2,8003fa6cf58d,angle,4,13,26,10,88,12,5,105,0.019993494204052498,1.0176
2,80586054e68d,angle,4,14,27,11,88,12,5,105,0.021760947673884715,1.1405
2,80efcde460dd,angle,4,4,16,0,88,12,5,105,0.028750522648514097,0.7461
2,82385199fc7f,angle,4,17,27,15,88,12,5,105,0.021446634730542643,1.1403
2,82741cbc2658,angle,4,14,23,11,88,12,5,105,0.026486634716153305,0.9653
2,82a6995d4eda,angle,4,16,28,12,88,12,5,105,0.030237178247960957,1.0039
2,83095b4f86b5,angle,4,10,23,7,88,12,5,105,0.015086164313634326,0.8764
2,833cec06db74,angle,4,19,28,16,88,12,5,105,0.023076094591894226,1.0437
2,836b48983d5f,angle,4,12,22,10,88,12,5,105,0.030688762602235766,0.9185
2,84073a800780,angle,4,11,23,7,88,12,5,105,0.028440005894732633,0.8005
2,8467e083f3ce,angle,4,11,20,8,88,12,5,105,0.015159946841421478,0.9319
2,8521b1d2733c,angle,4,14,27,11,88,12,5,105,0.015593743242895862,0.8748
2,8569d1e51d98,angle,4,10,26,6,88,12,5,105,0.015473728245926445,1.1123
2,86190013eba1,angle,4,11,20,8,88,12,5,105,0.030725488838537266,0.9172
2,864e56a16b70,angle,4,14,27,11,88,12,5,105,0.022826043404458218,0.9838
2,87e4d55c667d,angle,4,12,26,10,88,12,5,105,0.019143383202096645,0.9688
2,880b6af94720,angle,4,10,19,7,88,12,5,105,0.016859472937623327,0.8713
2,88ed7fd37325,angle,4,15,27,11,88,12,5,105,0.01667702248502484,1.0624
2,890084d30a7b,angle,4,10,23,7,88,12,5,105,0.019692561492826586,0.9043
2,895e9dfea88f,angle,4,9,22,6,88,12,5,105,0.025745128621950504,0.991
2,8a1b91cc9467,angle,4,4,16,0,88,12,5,105,0.029638102273149745,0.7068
2,8aecfdf42bdc,angle,4,8,23,3,88,12,5,105,0.02816783090831116,0.9103
2,8b00213559ef,angle,4,10,23,7,88,12,5,105,0.03616873048938903,0.8223
2,8b3f5c70e7ed,angle,4,13,23,11,88,12,5,105,0.023558687479894376,0.8948
2,8b975a728ca1,angle,4,7,16,4,88,12,5,105,0.03325767157466151,0.7819
2,8b975a728ca1,angle,4,7,16,4,88,12,5,105,0.027497514667510405,0.7932
2,8b975a728ca1,angle,4,7,16,4,88,12,5,105,0.02978013823083754,0.7997
2,8e0481ec0a5f,angle,4,9,22,6,88,12,5,105,0.016482073125093838,0.8964
2,8e249f067bad,angle,4,18,27,15,88,12,5,105,0.03226384185437121,1.0854
2,8e6c56226a8f,angle,4,14,23,11,88,12,5,105,0.021853183117837603,0.9024
2,8f2509c10eaf,angle,4,19,28,16,88,12,5,105,0.022618392225450094,1.0713
2,8f459dd91eb7,angle,4,12,27,7,88,12,5,105,0.02010345327151113,0.9602
2,8f904981d265,angle,4,16,25,13,88,12,5,105,0.01628788055364951,0.981
2,8fce9c4dd46c,angle,4,11,25,9,88,12,5,105,0.017389387595357422,0.9113
2,8fea3c837ab6,angle,4,15,24,12,88,12,5,105,0.01484309862212055,0.9865
2,8ffe8c370083,angle,4,15,27,11,88,12,5,105,0.02196250911855866,1.0662
2,9004f02d23b4,angle,4,11,20,8,88,12,5,105,0.03481837080700787,0.9527
2,901194a2d8a8,angle,4,9,24,4,88,12,5,105,0.022411418416428474,0.8885
2,909e61b5b215,angle,4,14,27,11,88,12,5,105,0.017230339015444282,0.941
2,90da8d402416,angle,4,8,20,4,88,12,5,105,0.021391402887173463,0.8793
2,919ae2e29f5e,angle,4,13,26,10,88,12,5,105,0.029966160934047758,1.0846
2,92341d8b55dd,angle,4,12,26,10,88,12,5,105,0.028725510905849558,1.0219
2,9258b879a16a,angle,4,7,19,3,88,12,5,105,0.01886795294652762,0.7467
2,9298c6e7278a,angle,4,12,25,9,88,12,5,105,0.019426223773732855,0.842
2,92d93c657da5,angle,4,13,26,10,88,12,5,105,0.022308380319306223,0.9204
2,92d9bd8faf1f,angle,4,12,24,8,88,12,5,105,0.03829282538392102,0.94
2,93181e4c0d94,angle,4,5,20,0,88,12,5,105,0.03415330668735891,0.8078
2,93181e4c0d94,angle,4,5,20,0,88,12,5,105,0.025895015096371647,0.8118
2,9330fb05b7cd,angle,4,8,23,3,88,12,5,105,0.018217938825258274,0.8285
2,93916413df33,angle,4,12,25,9,88,12,5,105,0.014858349495808193,0.8612
2,939bb31f6c5f,angle,4,13,26,10,88,12,5,105,0.01705390072069789,0.9591
2,946257930d05,angle,4,13,26,10,88,12,5,105,0.019207574414062588,1.0541
2,94fb7639dec4,angle,4,13,26,10,88,12,5,105,0.023883024477095654,1.038
2,95253be08eb4,angle,4,8,20,4,88,12,5,105,0.02610440006150232,0.7695
2,954f08311368,angle,4,12,24,8,88,12,5,105,0.020895934027577417,0.9686
2,955c5b530f49,angle,4,15,27,11,88,12,5,105,0.028449335011335754,1.1254
2,955df1cb61af,angle,4,13,22,10,88,12,5,105,0.018340802547482122,0.9987
2,95b94d178edd,angle,4,10,16,8,88,12,5,105,0.026811220996979367,0.8358
2,95b94d178edd,angle,4,10,16,8,88,12,5,105,0.030266862499405644,0.951
2,95bd492161a0,angle,4,11,20,8,88,12,5,105,0.02971028755245833,0.9415
2,95fb1c41a4bb,angle,4,8,20,4,88,12,5,105,0.027548129799700567,0.8721
2,96918e80950e,angle,4,10,23,7,88,12,5,105,0.01787742587266156,0.9071
2,97a9fea463c4,angle,4,7,19,3,88,12,5,105,0.030832262143796235,0.7908
2,97fc797ea1be,angle,4,8,20,4,88,12,5,105,0.018308765092549924,0.7972
2,9897b38621dc,angle,4,14,25,13,88,12,5,105,0.02210529784323458,1.0406
2,9904b7b570f4,angle,4,11,20,8,88,12,5,105,0.02670355664428338,0.8883
2,992f6d004432,angle,4,11,23,7,88,12,5,105,0.03777907469464986,0.8939
2,99bd7cb33a0a,angle,4,14,22,14,88,12,5,105,0.025957380037667444,1.0892
2,9ac0b7067721,angle,4,16,25,13,88,12,5,105,0.02048748145925855,0.9948
2,9ad604f29ffc,angle,4,10,22,6,88,12,5,105,0.014590345836348209,0.8845
2,9aef9de3e788,angle,4,7,19,3,88,12,5,105,0.02864748206711669,0.7945
2,9b6b11601674,angle,4,15,24,12,88,12,5,105,0.014620447114827817,0.9725
2,9b6f85eb7e91,angle,4,17,26,14,88,12,5,105,0.01608941298644338,1.0578
2,9bcb22147d98,angle,4,10,19,7,88,12,5,105,0.024635886409649737,0.89
2,9be970aecb47,angle,4,17,27,15,88,12,5,105,0.017297903592504542,1.214
2,9c016f2794c9,angle,4,12,27,7,88,12,5,105,0.01829385186652108,0.9535
2,9ceb2d4f4a42,angle,4,7,16,4,88,12,5,105,0.020668080419663958,0.7768
2,9ceb2d4f4a42,angle,4,7,16,4,88,12,5,105,0.019382149316136545,0.8256
2,9ceb2d4f4a42,angle,4,7,16,4,88,12,5,105,0.024772607867870774,0.7762
2,9cf7469ba589,angle,4,14,26,10,88,12,5,105,0.017652017437563616,0.8967
2,9d3d9df7db75,angle,4,9,22,6,88,12,5,105,0.020268108705610802,0.8237
2,9d5a063356a2,angle,4,17,23,15,88,12,5,105,0.03260736932159493,0.9911
2,9d7fc7de647b,angle,4,10,23,7,88,12,5,105,0.01791351019609817,0.8865
2,9d9d50464259,angle,4,11,23,7,88,12,5,105,0.022185990707900317,0.9192
2,9ddfdfa6e9d4,angle,4,14,27,11,88,12,5,105,0.015153427500659664,0.8948
2,9eaeedb418c6,angle,4,13,22,10,88,12,5,105,0.027469817334530584,0.8713
2,9ff596b18dd0,angle,4,9,19,7,88,12,5,105,0.021097390161537576,0.8412
2,a12aeb89b7f5,angle,4,13,26,10,88,12,5,105,0.018891666777167186,0.8993
2,a16094152700,angle,4,12,27,7,88,12,5,105,0.016345859444080006,0.9577
2,a183b3279a53,angle,4,14,27,11,88,12,5,105,0.011512926262814239,1.0321
2,a25f93fd063d,angle,4,15,27,11,88,12,5,105,0.01648693656372306,1.0038
2,a2fe832011fe,angle,4,15,27,11,88,12,5,105,0.026895567431930206,1.1958
2,a3953059e72f,angle,4,11,20,8,88,12,5,105,0.03552677003116913,0.8776
2,a3b5207cc038,angle,4,7,19,3,88,12,5,105,0.01778765102844948,0.8101
2,a48dc69424a3,angle,4,16,26,14,88,12,5,105,0.016450754961557727,1.0689
2,a5678618d742,angle,4,13,23,11,88,12,5,105,0.02559934164927622,0.9158
2,a57b9bfff4ea,angle,4,4,16,0,88,12,5,105,0.027962075560920265,0.6956
2,a57b9bfff4ea,angle,4,4,16,0,88,12,5,105,0.03258248863839386,0.6769
2,a57e3eb79998,angle,4,11,25,9,88,12,5,105,0.018571930100091543,0.9666
2,a5d4bf93423d,angle,4,12,22,10,88,12,5,105,0.016744350794113922,0.9352
2,a6c78bdc6771,angle,4,11,23,7,88,12,5,105,0.016825392786376375,0.8939
2,a7031cced22d,angle,4,10,23,7,88,12,5,105,0.022828496210201027,0.9822
2,a70ed100eec4,angle,4,7,19,3,88,12,5,105,0.02772153782266733,0.8241
2,a70ed100eec4,angle,4,7,19,3,88,12,5,105,0.021624152039229228,0.865
2,a7b79167a48b,angle,4,7,16,4,88,12,5,105,0.02652025957627442,0.7792
2,a7e735c5993c,angle,4,15,27,11,88,12,5,105,0.019179572844700354,1.0458
2,a8e149fd417b,angle,4,14,27,11,88,12,5,105,0.019226959453632193,1.0116
2,a97d940df2b6,angle,4,10,22,6,88,12,5,105,0.02565695860957905,0.8533
2,a9ddf26dfed5,angle,4,16,28,12,88,12,5,105,0.016160219999474236,1.0117
2,a9ea3292bd0a,angle,4,7,19,3,88,12,5,105,0.017524721065986123,0.8954
2,aa1428fbe200,angle,4,14,26,10,88,12,5,105,0.02088125379078289,1.0715
2,aa66db1b62cd,angle,4,14,23,11,88,12,5,105,0.0404821406001004,0.9596
2,aac25e7d8468,angle,4,4,16,0,88,12,5,105,0.026690422602893463,0.6768
2,aac25e7d8468,angle,4,4,16,0,88,12,5,105,0.03238440893043271,0.7016
2,aac25e7d8468,angle,4,4,16,0,88,12,5,105,0.02757078948928763,0.7012
2,aaf73147edc8,angle,4,10,19,7,88,12,5,105,0.030154845711947664,0.8546
2,ab0f72e83e4e,angle,4,10,23,7,88,12,5,105,0.01910256432861424,0.8478
2,ab2c06f480d3,angle,4,14,25,13,88,12,5,105,0.020256180174963976,1.0094
2,ab8c52707bed,angle,4,16,25,13,88,12,5,105,0.017404061062032027,1.0162
2,ac17c4ac89ed,angle,4,11,27,7,88,12,5,105,0.023369268578137252,1.0439
2,ad31888f15f0,angle,4,10,19,7,88,12,5,105,0.015157369393066538,0.8606
2,ad35fb96e790,angle,4,9,19,7,88,12,5,105,0.01911650039039763,0.8092
2,ae6343d66770,angle,4,7,16,4,88,12,5,105,0.03113486891744429,0.7865
2,ae6343d66770,angle,4,7,16,4,88,12,5,105,0.02930880738629112,0.7664
2,aea67b7c2242,angle,4,9,22,6,88,12,5,105,0.03321985695098536,0.8798
2,aec03884f9bf,angle,4,12,22,10,88,12,5,105,0.030892408752878107,0.9151
2,af0a201762aa,angle,4,10,16,8,88,12,5,105,0.035409172372496946,0.9272
2,af394da31636,angle,4,10,19,7,88,12,5,105,0.03733667218371,0.998
2,af690659f625,angle,4,13,26,10,88,12,5,105,0.01939248692863889,0.8786
2,afecaca1e9fd,angle,4,11,25,9,88,12,5,105,0.013542227754817636,0.9086
2,aff2f1d6be55,angle,4,12,27,7,88,12,5,105,0.01906542393531495,1.028
2,aff83a26b7af,angle,4,10,23,7,88,12,5,105,0.018780143466169748,0.8945
2,b06fc036c87f,angle,4,11,20,8,88,12,5,105,0.021841596354320824,0.8626
2,b07d432ca4e4,angle,4,13,19,11,88,12,5,105,0.022315010118303495,1.1398
2,b0fc08291f0f,angle,4,7,16,4,88,12,5,105,0.02566889718122419,0.789
2,b0fc08291f0f,angle,4,7,16,4,88,12,5,105,0.022602530174437627,0.906
2,b106f7475eb3,angle,4,11,23,7,88,12,5,105,0.018316336321881666,0.9275
2,b2beed92b819,angle,4,8,20,4,88,12,5,105,0.02017445836235717,0.8483
2,b2d9e07aaee9,angle,4,7,19,3,88,12,5,105,0.02217062838519592,0.7584
2,b32fafe168d4,angle,4,13,26,10,88,12,5,105,0.02288265737594048,0.8682
2,b38162d761bf,angle,4,11,25,9,88,12,5,105,0.017003465745190825,0.9193
2,b393daf5dc0a,angle,4,7,19,3,88,12,5,105,0.02227568725378852,0.8055
2,b393daf5dc0a,angle,4,7,19,3,88,12,5,105,0.014538131505821696,0.7478
2,b39ac086e971,angle,4,7,19,3,88,12,5,105,0.01724530497918581,0.8372
2,b39ac086e971,angle,4,7,19,3,88,12,5,105,0.016223193975658946,0.7684
2,b3fe9a6f4d36,angle,4,14,23,11,88,12,5,105,0.01715212746247517,0.9112
2,b46576ec76bb,angle,4,9,22,6,88,12,5,105,0.017131207720875962,0.9145
2,b4bf26200f1f,angle,4,13,19,11,88,12,5,105,0.028760857371768703,0.8916
2,b57e1d722d11,angle,4,8,23,3,88,12,5,105,0.01836212394688598,0.8598
2,b5e9d7ed7c74,angle,4,13,28,8,88,12,5,105,0.015278623085738267,1.0111
2,b5fd42562ab6,angle,4,13,28,8,88,12,5,105,0.022839669960953792,0.9943
2,b62ea45650c8,angle,4,20,26,18,88,12,5,105,0.01963558949276631,1.0486
2,b687edc80564,angle,4,20,26,18,88,12,5,105,0.02378925829965537,1.0575
2,b750c99070ef,angle,4,15,24,12,88,12,5,105,0.015333508865250499,0.9827
2,b75ccb812196,angle,4,10,23,7,88,12,5,105,0.015544631124374615,0.884
2,b78b6445a2dd,angle,4,7,16,4,88,12,5,105,0.03173758954945815,0.8585
2,b7af79f0e80a,angle,4,12,22,10,88,12,5,105,0.019714850622064725,0.9872
2,b821f81dc69a,angle,4,10,23,7,88,12,5,105,0.01584399247020354,0.8899
2,b911c67dae93,angle,4,12,27,7,88,12,5,105,0.017310026719591913,1.0015
2,b9c7c884bb1c,angle,4,15,25,13,88,12,5,105,0.029433910242255425,1.0664
2,ba61f3c9c28a,angle,4,12,24,8,88,12,5,105,0.01503399754428386,0.9047
2,ba6656b5fe12,angle,4,12,25,9,88,12,5,105,0.016629583240340966,0.9835
2,ba93c591a12a,angle,4,7,19,3,88,12,5,105,0.022779906031131034,0.8007
2,bb215d5b0cd3,angle,4,10,19,7,88,12,5,105,0.03283562008470373,0.9167
2,bb7d47401a79,angle,4,12,26,10,88,12,5,105,0.02106010230527178,1.058
2,bbcc7e586c11,angle,4,5,20,0,88,12,5,105,0.03187188061724609,0.8153
2,bc5333edd5f4,angle,4,15,27,11,88,12,5,105,0.016481153587414338,1.207
2,bd1259358abc,angle,4,12,25,9,88,12,5,105,0.017866756369437527,0.9271
2,bd3dd1537429,angle,4,11,23,7,88,12,5,105,0.017312085507854996,0.8792
2,bd716f2b2ffd,angle,4,11,27,7,88,12,5,105,0.01673521295536175,0.944
2,bdcad8be0e2e,angle,4,16,22,14,88,12,5,105,0.03329778046285715,1.0081
2,be2d3fd6e5a9,angle,4,4,16,0,88,12,5,105,0.027371602410630084,0.7285
2,be2d3fd6e5a9,angle,4,4,16,0,88,12,5,105,0.02477394478684717,0.7176
2,be2d3fd6e5a9,angle,4,4,16,0,88,12,5,105,0.03411542324031754,0.7078
2,be2d3fd6e5a9,angle,4,4,16,0,88,12,5,105,0.028858538545336772,0.7172
2,be2e4b782fed,angle,4,7,19,3,88,12,5,105,0.018866974334004312,0.768
2,be389d001c2b,angle,4,7,19,3,88,12,5,105,0.015857352417058233,0.7576
2,be389d001c2b,angle,4,7,19,3,88,12,5,105,0.013359448909075528,0.8555
2,bf1593c370d7,angle,4,13,23,11,88,12,5,105,0.02071087535874992,0.9964
2,c027b3ff6837,angle,4,16,28,12,88,12,5,105,0.028381872570426226,0.9747
2,c0547c26c8ab,angle,4,10,23,7,88,12,5,105,0.024688926172679603,0.8221
2,c06044b25e7e,angle,4,8,23,3,88,12,5,105,0.02039128695546142,0.8983
2,c06e1edf1233,angle,4,13,23,11,88,12,5,105,0.018731826063314787,0.9524
2,c179f37e9c4c,angle,4,13,26,10,88,12,5,105,0.013979065460671555,1.0024
2,c17c8e5b9747,angle,4,14,25,13,88,12,5,105,0.017224747917209095,1.0428
2,c1ac7d024ebd,angle,4,10,26,6,88,12,5,105,0.03533777417143364,1.0752
2,c20ea6c3cdd3,angle,4,13,22,10,88,12,5,105,0.022560593096313242,0.9134
2,c21bfdf20f3d,angle,4,13,26,10,88,12,5,105,0.016001903557677177,1.0139
2,c2253a68002c,angle,4,14,27,11,88,12,5,105,0.018936179069515113,0.881
2,c269e72b7a58,angle,4,13,26,10,88,12,5,105,0.027402565048630933,0.9287
2,c3cf5b416bf8,angle,4,13,26,10,88,12,5,105,0.019523897781893087,0.9977
2,c3f3e61f1634,angle,4,10,23,7,88,12,5,105,0.018278838966115,0.8903
2,c4a6e0705920,angle,4,10,19,7,88,12,5,105,0.03418870770415315,0.9357
2,c527d4e4bea6,angle,4,5,20,0,88,12,5,105,0.02882896892221542,0.7497
2,c5dcc3e3b64f,angle,4,13,26,10,88,12,5,105,0.0226026531201633,1.0271
2,c675b26216e4,angle,4,9,22,6,88,12,5,105,0.023906203303281155,0.888
2,c675b26216e4,angle,4,9,22,6,88,12,5,105,0.020717324347817374,0.8627
2,c67c2d007731,angle,4,7,19,3,88,12,5,105,0.023796755222096018,0.9221
2,c67c2d007731,angle,4,7,19,3,88,12,5,105,0.01736467632864735,0.7617
2,c6833a880aad,angle,4,12,27,7,88,12,5,105,0.014876557368850407,0.994
2,c6d8df5ab1cf,angle,4,14,20,12,88,12,5,105,0.028661862330457394,0.9891
2,c6fd38d31747,angle,4,19,26,18,88,12,5,105,0.02231179423356038,1.1273
2,c7e02d89194a,angle,4,10,26,6,88,12,5,105,0.019113741710662113,0.9021
2,c7f863da692b,angle,4,12,19,11,88,12,5,105,0.022031254823778303,0.947
2,c89047151e05,angle,4,11,25,9,88,12,5,105,0.021727990494104534,1.0366
2,c90a530e4042,angle,4,7,16,4,88,12,5,105,0.02307015240883893,0.7829
2,c90a530e4042,angle,4,7,16,4,88,12,5,105,0.015244614276942726,0.7843
2,c90ba2e68606,angle,4,7,19,3,88,12,5,105,0.026480116578449262,0.7682
2,c967fb877bca,angle,4,15,25,13,88,12,5,105,0.016379873503308717,0.973
2,c9892a4ff469,angle,4,11,23,7,88,12,5,105,0.023324821426891733,0.885
2,c9a6c51f2952,angle,4,15,27,11,88,12,5,105,0.01727335999087233,1.0223
2,c9b078dfbfd4,angle,4,8,23,3,88,12,5,105,0.016431565322769726,0.8522
2,ca9ca5aa1589,angle,4,13,26,10,88,12,5,105,0.032889681103858,1.0145
2,cadf23df0810,angle,4,10,23,7,88,12,5,105,0.015382986002241373,0.8655
2,cc1cca102354,angle,4,8,20,4,88,12,5,105,0.012830589362167726,0.7701
2,cc4fd13f446c,angle,4,9,24,4,88,12,5,105,0.011557465671054206,0.907
2,cc7ef5e32419,angle,4,10,16,8,88,12,5,105,0.024549153248644946,0.9277
2,cc7ef5e32419,angle,4,10,16,8,88,12,5,105,0.025976419668624764,0.8383
2,cce5a1d96070,angle,4,12,22,10,88,12,5,105,0.01944096200205935,0.9786
2,cd763c399386,angle,4,10,19,7,88,12,5,105,0.016648810322930186,0.8602
2,cd83f6e9cb10,angle,4,10,28,4,88,12,5,105,0.015089270295245455,1.069
2,cddf0a6c3042,angle,4,14,26,10,88,12,5,105,0.02634758103477293,0.9632
2,cde25b47c799,angle,4,12,24,8,88,12,5,105,0.024596231041752122,0.9315
2,ce0d4d1fefd4,angle,4,12,26,10,88,12,5,105,0.014591447524828901,1.0134
2,ce15b78f8ea5,angle,4,12,24,8,88,12,5,105,0.018475372319354165,0.9432
2,ce2203b998be,angle,4,10,23,7,88,12,5,105,0.014736311039932639,0.9321
2,ce4140f80c79,angle,4,21,25,21,88,12,5,105,0.017063934706537793,1.0663
2,cf001b4bb01d,angle,4,16,28,12,88,12,5,105,0.022064326087953955,1.0407
2,cf3a21ca2436,angle,4,10,19,7,88,12,5,105,0.015655625466583032,1.0847
2,d0505626bf76,angle,4,17,27,15,88,12,5,105,0.019382273795739476,1.0835
2,d1aec288c20a,angle,4,15,26,14,88,12,5,105,0.01517601139396744,1.0333
2,d1b5248a49c2,angle,4,11,20,8,88,12,5,105,0.012215071556148387,0.8907
2,d22dab9e40da,angle,4,16,26,14,88,12,5,105,0.016087297463309752,1.0616
2,d234f1a9d0ca,angle,4,11,23,7,88,12,5,105,0.01961142614351472,1.0954
2,d23e1dca3c85,angle,4,9,22,6,88,12,5,105,0.014460962449436081,0.8127
2,d26f97ba10b6,angle,4,19,25,17,88,12,5,105,0.02232262969945905,1.0296
2,d28bc0c48242,angle,4,10,19,7,88,12,5,105,0.027974280638120033,0.8848
2,d2f93a67c322,angle,4,7,19,3,88,12,5,105,0.013087157410340772,0.7937
2,d3bc3f578367,angle,4,13,26,10,88,12,5,105,0.015885253869098455,1.0015
2,d45c1574c4c0,angle,4,5,20,0,88,12,5,105,0.026086613240264962,0.8046
2,d4770c6298a7,angle,4,19,28,16,88,12,5,105,0.017932510262624074,0.9792
2,d4a0a85e103c,angle,4,14,27,11,88,12,5,105,0.03684225674586681,1.0218
2,d5a8e3ef56a6,angle,4,14,26,10,88,12,5,105,0.027361881767195458,0.9812
2,d5bb027f1e42,angle,4,10,22,6,88,12,5,105,0.01845926997160708,0.8842
2,d775ddc99f99,angle,4,8,23,3,88,12,5,105,0.0235890342085408,0.8677
2,d7c23801a9ff,angle,4,8,20,4,88,12,5,105,0.02885305569780116,0.7721
2,d87f6b00d8b8,angle,4,7,19,3,88,12,5,105,0.018471858821429998,0.7516
2,d885d2bef868,angle,4,10,16,8,88,12,5,105,0.02660319081064878,0.833
2,d885d2bef868,angle,4,10,16,8,88,12,5,105,0.021820590874212908,0.8921
2,d919d11a154d,angle,4,8,20,4,88,12,5,105,0.028893686552337126,0.7654
2,d974cc95229f,angle,4,19,28,16,88,12,5,105,0.01956659961140031,1.1022
2,d97ccd04f4f5,angle,4,7,16,4,88,12,5,105,0.023376894112555287,0.7762
2,d97ccd04f4f5,angle,4,7,16,4,88,12,5,105,0.031628168298802446,0.7687
2,d9e4656c858c,angle,4,10,23,7,88,12,5,105,0.018035966881349227,0.8721
2,da139ba8a183,angle,4,13,26,10,88,12,5,105,0.02748989869392729,1.0763
2,da6b62ffa4da,angle,4,11,23,7,88,12,5,105,0.022332858448522754,0.8292
2,db5dbee8ace8,angle,4,14,23,11,88,12,5,105,0.01674783887425654,0.9808
2,dbdb4e339197,angle,4,10,22,6,88,12,5,105,0.02075110606012889,0.8572
2,dc63c6e12cac,angle,4,11,23,7,88,12,5,105,0.04265011086411176,0.8822
2,dc7d1f8d2a4e,angle,4,9,22,6,88,12,5,105,0.013711907593210886,0.8827
2,dcf9126f1869,angle,4,12,22,10,88,12,5,105,0.01995105796728523,0.9321
2,dd3d12e5859e,angle,4,13,26,10,88,12,5,105,0.025731930658595217,0.9843
2,dde25f1dcc48,angle,4,18,27,15,88,12,5,105,0.0225552687897914,0.9548
2,de968222edba,angle,4,13,22,10,88,12,5,105,0.029253314657331837,0.8758
2,df8b5c1b09c7,angle,4,13,26,10,88,12,5,105,0.018505340836760892,0.9541
2,e13f09b8a58a,angle,4,4,16,0,88,12,5,105,0.02955740758705064,0.6977
2,e13f09b8a58a,angle,4,4,16,0,88,12,5,105,0.03133450690827363,0.693
2,e13f09b8a58a,angle,4,4,16,0,88,12,5,105,0.03184230657447337,0.7611
2,e1cdc22c5981,angle,4,10,26,6,88,12,5,105,0.013808596356806443,0.9752
2,e2cdb1fcca06,angle,4,10,23,7,88,12,5,105,0.015532450999530814,1.1279
2,e2f20e7bf367,angle,4,8,20,4,88,12,5,105,0.016368299136834977,0.8695
2,e32577ced69b,angle,4,12,22,10,88,12,5,105,0.015135645953224013,0.9173
2,e3cb5e229ee2,angle,4,15,25,13,88,12,5,105,0.016894552061880078,1.1193
2,e3f13f7f4e6d,angle,4,11,20,8,88,12,5,105,0.035871134438755684,0.9159
2,e40bfcf340cb,angle,4,8,23,3,88,12,5,105,0.02956055056526173,0.8296
2,e425705d298f,angle,4,10,26,6,88,12,5,105,0.023594733643578208,0.9501
2,e436c77dbcb9,angle,4,15,27,11,88,12,5,105,0.02719444623345079,1.1483
2,e45d92571457,angle,4,11,20,8,88,12,5,105,0.025274877565557057,0.832
2,e556967495b4,angle,4,7,19,3,88,12,5,105,0.03164932074836909,0.7472
2,e5eb108f43cd,angle,4,4,16,0,88,12,5,105,0.03402895668889002,0.6997
2,e5eb108f43cd,angle,4,4,16,0,88,12,5,105,0.028874141184709094,0.8039
2,e603adab834b,angle,4,8,20,4,88,12,5,105,0.02052505052271478,0.9251
2,e63d377f086f,angle,4,7,19,3,88,12,5,105,0.025732208623759096,0.7847
2,e69df03d0c42,angle,4,8,23,3,88,12,5,105,0.02823098479989762,0.8792
2,e6d3c1ca478a,angle,4,12,26,10,88,12,5,105,0.015734266248846503,0.9623
2,e6ef0fc23911,angle,4,4,16,0,88,12,5,105,0.023021308805536288,0.7058
2,e6ef0fc23911,angle,4,4,16,0,88,12,5,105,0.02355577676925568,0.7482
2,e6ef0fc23911,angle,4,4,16,0,88,12,5,105,0.022428598901070348,0.7088
2,e73fa6caf4bb,angle,4,11,20,8,88,12,5,105,0.035162298688916786,0.9084
2,e7a113149909,angle,4,12,19,11,88,12,5,105,0.01713827151185252,0.9536
2,e7ac6a0d561e,angle,4,14,26,10,88,12,5,105,0.03414916548099162,1.2526
2,e8e8325475cb,angle,4,17,26,14,88,12,5,105,0.03216864913531124,1.0694
2,e8f6593a0acd,angle,4,16,26,14,88,12,5,105,0.019160484787091814,1.1445
2,e93029d0dbde,angle,4,5,20,0,88,12,5,105,0.02877791399259806,0.7788
2,e9f9c2469831,angle,4,15,27,11,88,12,5,105,0.0207898084354883,1.2639
2,ec3d3cfa1e99,angle,4,13,19,11,88,12,5,105,0.014628702068729372,0.8704
2,ed55b9d6c907,angle,4,12,24,8,88,12,5,105,0.017872307343787107,0.9887
2,ed66b631b537,angle,4,10,19,7,88,12,5,105,0.030292869909384196,0.9302
2,ed9992583ace,angle,4,14,27,11,88,12,5,105,0.01966021590157111,1.0201
2,edb832558599,angle,4,10,19,7,88,12,5,105,0.02207887388695567,0.9317
2,ee0b75f485f5,angle,4,11,23,7,88,12,5,105,0.02236327599603029,0.9152
2,eec8e118e0a9,angle,4,10,26,6,88,12,5,105,0.020197119983441335,0.9793
2,ef34cf24eca2,angle,4,14,26,10,88,12,5,105,0.01923463226180007,0.9985
2,ef80c0c8a825,angle,4,12,27,7,88,12,5,105,0.016895601740968852,0.9582
2,ef95093779d6,angle,4,13,22,10,88,12,5,105,0.01557936310050359,1.0217
2,effb0556a789,angle,4,11,23,7,88,12,5,105,0.02588170434985984,0.9401
2,f01b47bd0a4e,angle,4,4,16,0,88,12,5,105,0.02400478407813415,0.7027
2,f04bb4cf9438,angle,4,10,19,7,88,12,5,105,0.030329452887336253,0.8684
2,f0c871b09485,angle,4,15,27,11,88,12,5,105,0.017461415704004436,0.9751
2,f0f54d37bab2,angle,4,4,16,0,88,12,5,105,0.036380853492845956,0.7062
2,f0f54d37bab2,angle,4,4,16,0,88,12,5,105,0.02985912642447376,0.7096
2,f114b77ea4ca,angle,4,14,26,10,88,12,5,105,0.02361382523228754,0.9982
2,f21fb4387ffc,angle,4,11,27,7,88,12,5,105,0.02008893541937432,0.9974
2,f2442c369b58,angle,4,7,16,4,88,12,5,105,0.024586620456206063,1.0781
2,f25f539a00a9,angle,4,9,27,3,88,12,5,105,0.018309621991055156,0.9116
2,f38c41398a6d,angle,4,10,22,6,88,12,5,105,0.023097711872592575,0.8566
2,f486337d4cac,angle,4,8,20,4,88,12,5,105,0.030199197548958598,0.8805
2,f4977f255152,angle,4,10,23,7,88,12,5,105,0.02088910888747662,0.8325
2,f4cb7a4c121f,angle,4,11,23,7,88,12,5,105,0.024636362633942848,0.8898
2,f4f35784d93a,angle,4,5,20,0,88,12,5,105,0.02557850561252824,0.7775
2,f58e85e5f2fc,angle,4,7,16,4,88,12,5,105,0.03713301465549318,0.7945
2,f5c22e9e174c,angle,4,13,22,10,88,12,5,105,0.024262544607220476,0.9311
2,f6dabfafe938,angle,4,15,27,11,88,12,5,105,0.02410991982972652,1.0235
2,f76e6cafe916,angle,4,13,26,10,88,12,5,105,0.016386992970424407,0.9229
2,f792aa040bda,angle,4,15,27,11,88,12,5,105,0.021803129817522766,1.0026
2,f7d45e3155b1,angle,4,17,26,14,88,12,5,105,0.01889223063165846,1.0975
2,f7f82da2af20,angle,4,13,26,10,88,12,5,105,0.013525812667509842,0.9527
2,f807f337afdd,angle,4,8,20,4,88,12,5,105,0.02317409732715199,0.8159
2,f807f337afdd,angle,4,8,20,4,88,12,5,105,0.025078853560861585,0.8372
2,f89ac54dcd0d,angle,4,8,20,4,88,12,5,105,0.033345317431606535,0.9035
2,fadef7f4fb6f,angle,4,11,23,7,88,12,5,105,0.01895052365820879,0.864
2,fd044cd6d4a9,angle,4,15,27,11,88,12,5,105,0.014634468789639313,1.0487
2,fd117a0e6b5b,angle,4,16,25,13,88,12,5,105,0.026734062585083106,0.961
2,fd38c32207f6,angle,4,9,24,4,88,12,5,105,0.02232215673815436,0.8258
2,fd621d1188ea,angle,4,9,22,6,88,12,5,105,0.02575491186563012,0.8522
2,fd77ebb0115c,angle,4,7,19,3,88,12,5,105,0.024898031173058614,0.9311
2,fdad693dfd24,angle,4,14,26,10,88,12,5,105,0.0169484562424179,1.1164
2,fdc24dab8f35,angle,4,16,26,14,88,12,5,105,0.015058743994799452,1.1633
2,fe55878266ac,angle,4,8,23,3,88,12,5,105,0.018618539684633107,0.8402
2,ff144f884097,angle,4,14,26,10,88,12,5,105,0.02335723890021385,0.9478
