arch_seed,block,embed_params,epochs_run,failed,frozen_quantum_params,head_params,input_dim,logical_two_qubit,model,q_unchanged,quantum_params,representation,runtime_s,swap_est,test_auroc,test_balanced_accuracy,test_brier,test_classification_error,test_ece,test_logloss,total_params,total_trainable_params,train_size,transpiled_depth,transpiled_two_qubit,val_auroc,val_balanced_accuracy,val_brier,val_classification_error,val_ece,val_logloss
,0,,,False,,,21,,M0_class_prior,,,R1_raw21,0.0,,0.5,0.5,0.24921599999999994,0.472,1.1102230246251565e-16,0.691578359988849,0,0,500,,,0.5,0.5,0.24921599999999994,0.472,2.220446049250313e-16,0.6915783599888489
,0,,,False,,,21,,M1_logreg,,,R1_raw21,0.03,,0.533006709039548,0.5234142270159219,0.25304796024485277,0.4706,0.060584196308802414,0.6997091596538813,22,22,500,,,0.548053696391885,0.536707113507961,0.2497394040967772,0.4575,0.058491335946765324,0.6924622802105458
,0,,,False,,,21,,M2_mlp,,,R1_raw21,1.48,,0.5270615048793015,0.5153858500256805,0.25088865454062154,0.4796,0.04490373348856671,0.6950123820658637,93,93,500,,,0.5425263626733436,0.5412814586543401,0.24905661472884394,0.4535,0.03797033886150197,0.6912907599700467
5000,0,88,10,False,0,5,21,0,M3_product,False,12,R1_raw21,1.41,0,0.5012100346687212,0.5009598099640473,0.2531812411264663,0.488,0.04995181682379873,0.6997720536806495,105,105,500,4,0,0.5237996356574216,0.5228155495634309,0.25012530968527236,0.466,0.03199853986472656,0.6934780299364905
5000,0,88,11,False,0,5,21,8,M4_entangled,False,12,R1_raw21,1.88,5,0.5270191319979456,0.5232537236774525,0.2500736785282691,0.466,0.030123000732518872,0.6934100670374187,105,105,500,38,32,0.5397366140215717,0.5246934386235234,0.24839653145382595,0.4655,0.0335638967988636,0.6899386493614912
5000,0,88,11,False,12,5,21,8,M5_frozen,True,12,R1_raw21,1.84,5,0.5271127054442732,0.5236357216230098,0.25001717591244815,0.4646,0.0293137485213226,0.6933019444320561,105,93,500,38,32,0.5393463902799178,0.5264670005136107,0.2483890879537816,0.4625,0.031567435595634984,0.6899310880074239
5001,0,88,12,False,0,5,21,0,M3_product,False,12,R1_raw21,1.87,0,0.526507447354905,0.5201913199794556,0.24922602890003126,0.4708,0.022182194029646385,0.6916122925938311,105,105,500,4,0,0.5518656506805342,0.5323333975346687,0.24671239617538102,0.4585,0.011116332401615133,0.6865290756671586
5001,0,88,25,False,0,5,21,4,M4_entangled,False,12,R1_raw21,4.33,1,0.5191929892141756,0.5175398048279404,0.25073182029457436,0.4708,0.03124418373472477,0.6947434421956393,105,105,500,18,12,0.5479724415767848,0.523481638418079,0.24780083657722501,0.465,0.02865049113778178,0.6887437233273178
5001,0,88,36,False,12,5,21,4,M5_frozen,True,12,R1_raw21,5.93,1,0.5172769003595274,0.5184161530559835,0.24915690325011247,0.4638,0.0035824115543295035,0.6914653788407849,105,93,500,18,12,0.5407106686569081,0.5212345916795069,0.24806801827745334,0.4615,0.006336527064284612,0.6892765411498268
5002,0,88,11,False,0,5,21,0,M3_product,False,12,R1_raw21,1.67,0,0.5111959103749358,0.5072932717000513,0.2513694938667614,0.4806,0.045340925160374135,0.6960304469121161,105,105,500,4,0,0.5315930758859785,0.5168448253723678,0.24938591185528416,0.471,0.03326095719980507,0.6919917275790018
5002,0,88,13,False,0,5,21,4,M4_entangled,False,12,R1_raw21,2.49,2,0.5185496918335901,0.5156009244992296,0.25094342458414237,0.4742,0.03408728791230334,0.6951467425334513,105,105,500,20,14,0.5428935140600925,0.5462570621468926,0.24836772657998596,0.4435,0.022404243133078372,0.6899296414753894
5002,0,88,13,False,12,5,21,4,M5_frozen,True,12,R1_raw21,2.2,2,0.5170191319979456,0.5135689522342064,0.25076942605070723,0.4758,0.03393961444689153,0.6947794557946155,105,93,500,20,14,0.5423939474191062,0.5378386620441705,0.24821541488627966,0.4515,0.0159969902034432,0.6896144630920883
5003,0,88,13,False,0,5,21,0,M3_product,False,12,R1_raw21,2.81,0,0.5345223420647149,0.517379301489471,0.24840172083304188,0.4648,0.0027627947262095537,0.6899549616793281,105,105,500,4,0,0.533864198125321,0.5329031843862353,0.2479551649924632,0.449,0.014734364159665022,0.6890494977430791
5003,0,88,12,False,0,5,21,4,M4_entangled,False,12,R1_raw21,2.23,1,0.515680373651772,0.514464560862866,0.24940789621102216,0.467,0.009969411001874397,0.6919801396160689,105,105,500,17,12,0.5327627439650745,0.5254638546481767,0.24828537801284675,0.4565,0.008875080080773057,0.6897193803783774
5003,0,88,13,False,12,5,21,4,M5_frozen,True,12,R1_raw21,1.83,1,0.5191868900873138,0.5157100667693888,0.24919533434821423,0.4654,0.011111930009198584,0.6915510270477631,105,93,500,17,12,0.5364232232280431,0.5256564586543401,0.2480856959383493,0.456,0.0103978576504931,0.6893166079240509
5004,0,88,12,False,0,5,21,0,M3_product,False,12,R1_raw21,1.93,0,0.5170990626605033,0.506349512069851,0.2517984387962256,0.489,0.051305008433107334,0.6968153992271214,105,105,500,4,0,0.5361654147406266,0.5274059450436569,0.2491995663640652,0.4675,0.033776245307922836,0.691498127057624
5004,0,88,13,False,0,5,21,4,M4_entangled,False,12,R1_raw21,2.99,1,0.5132188944530046,0.5163681304571135,0.24973640419189425,0.469,0.018062474942575776,0.692647296128644,105,105,500,17,12,0.5379349640472522,0.5245971366204417,0.24745841576618255,0.4605,0.01448958917716395,0.6880360845350755
5004,0,88,13,False,12,5,21,4,M5_frozen,True,12,R1_raw21,2.7,1,0.513321937596302,0.517568695428865,0.24969569002945144,0.4674,0.015755888618513673,0.6925667869090543,105,93,500,17,12,0.5383893891242938,0.5226710965588084,0.24748207916778728,0.462,0.013199159041207309,0.6880871280357443
,0,,,False,,,21,,M0_class_prior,,,R1_raw21,0.0,,0.5,0.5,0.24921599999999994,0.472,1.1102230246251565e-16,0.691578359988849,0,0,2000,,,0.5,0.5,0.24921599999999994,0.472,2.220446049250313e-16,0.6915783599888489
,0,,,False,,,21,,M1_logreg,,,R1_raw21,0.01,,0.5734919106317411,0.542116076014381,0.24417690271001566,0.449,0.024463206242759616,0.6811198066982135,22,22,2000,,,0.5887593493194658,0.5467947483307652,0.24202557512924597,0.444,0.03279630945156492,0.6765050813978793
,0,,,False,,,21,,M2_mlp,,,R1_raw21,0.62,,0.575146379044684,0.5463629943502825,0.2444677340955689,0.4476,0.02823672384759669,0.6818050099403011,93,93,2000,,,0.5902951656394453,0.5522197611710324,0.24239321065911665,0.441,0.023017386041870473,0.6775170876481186
5000,0,88,17,False,0,5,21,0,M3_product,False,12,R1_raw21,11.87,0,0.5886577105803801,0.5626348228043143,0.24333672717633018,0.4298,0.015749645192911332,0.6796751820130519,105,105,2000,4,0,0.6075171738572163,0.575677324088341,0.24011564202146268,0.417,0.009995662183104489,0.672981740598921
5000,0,88,17,False,0,5,21,8,M4_entangled,False,12,R1_raw21,14.01,5,0.5905461928608116,0.5593509244992296,0.24233424430404507,0.4336,0.017431543887721373,0.6774241938763602,105,105,2000,38,32,0.586866413071392,0.5578775038520801,0.24273845611957093,0.4355,0.022147814166197967,0.6783173921976717
5000,0,88,17,False,12,5,21,8,M5_frozen,True,12,R1_raw21,12.78,5,0.5906527670775552,0.5563591422701593,0.24233010170338107,0.4374,0.020510303281528662,0.6774088966889692,105,93,2000,38,32,0.587305790960452,0.5563767976373909,0.24289089912562922,0.4375,0.024406671186776065,0.6786823495096563
5001,0,88,15,False,0,5,21,0,M3_product,False,12,R1_raw21,10.92,0,0.5947030688238315,0.5591711607601438,0.24175141512846,0.4322,0.0184526293564128,0.6762164223708235,105,105,2000,4,0,0.6069293303800719,0.5734383025166924,0.2396405830049993,0.418,0.014241664331060692,0.6718116208299263
5001,0,88,13,False,0,5,21,4,M4_entangled,False,12,R1_raw21,10.23,1,0.5821701656394452,0.5610651001540832,0.24354825300045377,0.4302,0.013222332820755973,0.6801123146210445,105,105,2000,18,12,0.5910846414355417,0.5708702491011813,0.24248226794053201,0.42,0.03066361914138984,0.6779640705653546
5001,0,88,15,False,12,5,21,4,M5_frozen,True,12,R1_raw21,9.26,1,0.5891929892141756,0.5638193374422188,0.2428817099338962,0.4248,0.014350971727307748,0.6787772805343677,105,93,2000,18,12,0.5938021635850026,0.5758699280945043,0.24197397878010402,0.413,0.024545631364101365,0.676966916819892
5002,0,88,17,False,0,5,21,0,M3_product,False,12,R1_raw21,9.94,0,0.5840032742681047,0.5555662557781202,0.2432447399963703,0.4366,0.012722098502651775,0.6792801439249286,105,105,2000,4,0,0.5954834360554699,0.5556705829481253,0.2412701842800314,0.437,0.02515687691529493,0.6752221374957582
5002,0,88,15,False,0,5,21,4,M4_entangled,False,12,R1_raw21,8.32,2,0.6035408641499743,0.5748780174627632,0.24082471250599846,0.4196,0.010798997805964303,0.6743813653770114,105,105,2000,20,14,0.6134848886106832,0.5746019517205958,0.23868047825340075,0.4195,0.013433700788015682,0.6698215634296075
5002,0,88,17,False,12,5,21,4,M5_frozen,True,12,R1_raw21,8.7,2,0.6060068374422188,0.5779661016949152,0.24066110571684518,0.4152,0.015761664125462732,0.6740337535506699,105,93,2000,20,14,0.6163829770159219,0.5753482922444787,0.2384337551014082,0.418,0.0158731303213063,0.6692585034170159
5003,0,88,17,False,0,5,21,0,M3_product,False,12,R1_raw21,11.85,0,0.5859103749357987,0.5585676682074987,0.24429694125039697,0.4354,0.028546149345783388,0.6817317936290851,105,105,2000,4,0,0.608524332306112,0.5779484463276836,0.2402482168255998,0.4165,0.018774783816479502,0.6733305996885681
5003,0,88,16,False,0,5,21,4,M4_entangled,False,12,R1_raw21,12.54,1,0.590147021058038,0.5623427067283,0.2427244012976438,0.4298,0.017164727361602978,0.6783698451653422,105,105,2000,17,12,0.5994368339111453,0.5755970724191063,0.24113802358776545,0.4175,0.02087746948751978,0.6750969716908926
5003,0,88,17,False,12,5,21,4,M5_frozen,True,12,R1_raw21,11.34,1,0.5901507126348229,0.5599929378531073,0.24261568639786865,0.4324,0.018389274895905916,0.6781409128332472,105,93,2000,17,12,0.6009796722521829,0.5584874165382641,0.2409933398429201,0.4345,0.029705162802936724,0.6748841564977751
5004,0,88,50,False,0,5,21,0,M3_product,False,12,R1_raw21,33.73,0,0.5819971430405753,0.5512069851052902,0.24426694296966325,0.4422,0.029273225369801287,0.6814900683637003,105,105,2000,4,0,0.5971436424627632,0.5658705701078582,0.24193576970115896,0.427,0.01800949232545561,0.6766329443778184
5004,0,88,14,False,0,5,21,4,M4_entangled,False,12,R1_raw21,10.38,1,0.5849821841294298,0.5523433487416538,0.2437975313526131,0.4382,0.014080209710456,0.6805983102647255,105,105,2000,17,12,0.5918520480225988,0.5605900102722137,0.24257036777941468,0.4305,0.00986014176614329,0.6780797562910109
5004,0,88,14,False,12,5,21,4,M5_frozen,True,12,R1_raw21,7.13,1,0.583208461736004,0.5527510272213662,0.24398108475772345,0.4386,0.00947842168570244,0.6809671152018482,105,93,2000,17,12,0.5911267735618901,0.560204802259887,0.2429053348197389,0.4315,0.010788590499284535,0.6787847716471317
,0,,,False,,,21,,M0_class_prior,,,R1_raw21,0.0,,0.5,0.5,0.24921599999999994,0.472,1.1102230246251565e-16,0.691578359988849,0,0,5000,,,0.5,0.5,0.24921599999999994,0.472,2.220446049250313e-16,0.6915783599888489
,0,,,False,,,21,,M1_logreg,,,R1_raw21,0.01,,0.589180469953775,0.5532678479712378,0.24255691911009908,0.4386,0.01233664027326594,0.67783318000381,22,22,5000,,,0.5956228733307654,0.5533593348741654,0.2408633611063982,0.4395,0.030030000381589525,0.6739836586860866
,0,,,False,,,21,,M2_mlp,,,R1_raw21,4.54,,0.6086557845403184,0.5736581920903955,0.2402341448464219,0.4202,0.01316849490069183,0.6731736039087763,93,93,5000,,,0.6195850186183872,0.5779083204930663,0.23738004587190534,0.415,0.015549862849800119,0.6669441244128055
5000,0,88,15,False,0,5,21,0,M3_product,False,12,R1_raw21,26.93,0,0.6348017783769903,0.5930662557781202,0.2359070821572224,0.3984,0.022411601228426874,0.6641914204200863,105,105,5000,4,0,0.6279442331150488,0.5872656651258346,0.23585860083503737,0.405,0.02051031749970471,0.6637425558551531
5000,0,88,15,False,0,5,21,8,M4_entangled,False,12,R1_raw21,31.64,5,0.6177107408834104,0.581885593220339,0.23859501736043967,0.415,0.01030291517438072,0.6698153012096182,105,105,5000,38,32,0.6272701190934772,0.5903473292244479,0.23666882460742447,0.4075,0.02008002488846005,0.6657381991384161
5000,0,88,14,False,12,5,21,8,M5_frozen,True,12,R1_raw21,23.67,5,0.6139175654853621,0.5769581407293272,0.2391513694202009,0.4198,0.010246199786633594,0.6709021451401982,105,93,5000,38,32,0.625411289804828,0.5892880071905495,0.23696177986043815,0.4085,0.01661463675443254,0.666245548789346
5001,0,88,16,False,0,5,21,0,M3_product,False,12,R1_raw21,24.91,0,0.6142528569594248,0.5838084232152029,0.2389082465069363,0.411,0.013258726840281735,0.6704581100166587,105,105,5000,4,0,0.6167310686312275,0.5800189393939394,0.23894666234348966,0.4155,0.024052951364722547,0.6707802712269452
5001,0,88,22,False,0,5,21,4,M4_entangled,False,12,R1_raw21,41.39,1,0.6077272727272727,0.5745634309193631,0.2404140660027694,0.4196,0.012425003643017208,0.673694926510424,105,105,5000,18,12,0.611265929956343,0.5792324730354391,0.24021021740608703,0.4155,0.008562049324671864,0.6733870071040958
5001,0,88,22,False,12,5,21,4,M5_frozen,True,12,R1_raw21,34.93,1,0.5930550205444274,0.5690934771443246,0.24291873902237393,0.4254,0.022837787106772613,0.6788714792903483,105,93,5000,18,12,0.6021694032485876,0.5765520672829995,0.24163823715242996,0.4175,0.01763073766982723,0.6763247074182521
5002,0,88,18,False,0,5,21,0,M3_product,False,12,R1_raw21,27.41,0,0.625176393168978,0.5834103749357986,0.2371460822248845,0.4104,0.011760985827882502,0.6667126626701997,105,105,5000,4,0,0.6476570525166924,0.603917886492039,0.2328043973920265,0.3905,0.009926711725040357,0.6579553074027211
5002,0,88,18,False,0,5,21,4,M4_entangled,False,12,R1_raw21,33.27,2,0.6219104712378019,0.5771700051361068,0.23771518398620692,0.4168,0.020137901747437275,0.6679439773079916,105,105,5000,20,14,0.6361650134822804,0.5889589753466872,0.2341932250060093,0.406,0.01735908123983056,0.6600968808337987
5002,0,88,18,False,12,5,21,4,M5_frozen,True,12,R1_raw21,30.03,2,0.6202608179250129,0.5768136877247046,0.23807560454103235,0.4172,0.021188820932334016,0.668658699760937,105,93,5000,20,14,0.6305253274268104,0.5811585130970724,0.23546167986353564,0.414,0.02753592541432636,0.6627447609657491
5003,0,88,17,False,0,5,21,0,M3_product,False,12,R1_raw21,31.08,0,0.6046632639958911,0.5709167950693375,0.24021321271837365,0.4244,0.02276664500442423,0.6729838931115376,105,105,5000,4,0,0.6148351229455573,0.5694096687211094,0.23818729461453206,0.427,0.029064911942916,0.6686519496527215
5003,0,88,21,False,0,5,21,4,M4_entangled,False,12,R1_raw21,38.62,1,0.6272293913713405,0.5847393425783256,0.2365600079415859,0.408,0.012235574963446962,0.6654752517884533,105,105,5000,17,12,0.6321343733949666,0.5853797508988187,0.2340787491687688,0.408,0.02151120106150535,0.6597051438050257
5003,0,88,50,False,12,5,21,4,M5_frozen,True,12,R1_raw21,74.13,1,0.630800751155624,0.5954384951206986,0.23583226881348154,0.4,0.01190349531104565,0.6640875249329143,105,93,5000,17,12,0.6225322611710323,0.5695220210580381,0.2358705989970724,0.427,0.03843460476085631,0.6633340584278501
5004,0,88,50,False,0,5,21,0,M3_product,False,12,R1_raw21,76.15,0,0.6048821905495635,0.5691063174114022,0.24010340319478696,0.4256,0.017207602091847886,0.6725816815324567,105,105,5000,4,0,0.6032578165125835,0.5502616204417052,0.23914807749502384,0.4455,0.04123945318193375,0.6702101921880669
5004,0,88,27,False,0,5,21,4,M4_entangled,False,12,R1_raw21,50.88,1,0.629380136106831,0.582694530046225,0.23620760368569413,0.4122,0.02037768428828935,0.6647826083488979,105,105,5000,17,12,0.6349201094632768,0.5859495377503852,0.23333685953625355,0.409,0.030980753724980856,0.6574933709137024
5004,0,88,27,False,12,5,21,4,M5_frozen,True,12,R1_raw21,40.63,1,0.6295684065228557,0.589027991782229,0.23645274147762785,0.4062,0.01202221331223419,0.6653823158446742,105,93,5000,17,12,0.6314813254365691,0.5833654340010272,0.23442100846971203,0.4125,0.03167744913133974,0.6599740829542419
,0,,,False,,,21,,M0_class_prior,,,R1_raw21,0.0,,0.5,0.5,0.24921599999999994,0.472,1.1102230246251565e-16,0.691578359988849,0,0,10000,,,0.5,0.5,0.24921599999999994,0.472,2.220446049250313e-16,0.6915783599888489
,0,,,False,,,21,,M1_logreg,,,R1_raw21,0.03,,0.5938150038520802,0.5546610169491525,0.24190274509139262,0.4372,0.010500644585225712,0.6765048377054356,22,22,10000,,,0.5939014750256806,0.5566576784797124,0.2414160378038224,0.4375,0.023398708510273238,0.6751759293703765
,0,,,False,,,21,,M2_mlp,,,R1_raw21,7.21,,0.6231954609655881,0.5858211350796096,0.23761325974623032,0.4098,0.013189572730614467,0.6678560722864865,93,93,10000,,,0.623176280816641,0.5763674884437596,0.23733351238790765,0.419,0.02504685332381435,0.6667043568927873
5000,0,88,33,False,0,5,21,0,M3_product,False,12,R1_raw21,105.05,0,0.6593716294298922,0.6091743708269132,0.22988814992078369,0.3868,0.009669421036681183,0.651409935606251,105,105,10000,4,0,0.6470100234334875,0.5911418207498715,0.23216452486131203,0.405,0.027788257125193998,0.6557112487451324
5000,0,88,50,False,0,5,21,8,M4_entangled,False,12,R1_raw21,178.95,5,0.640207209809964,0.5906875963020031,0.23396128040758504,0.4044,0.019055538795300843,0.6600436583716375,105,105,10000,38,32,0.6482469022855676,0.5999695043656907,0.23245608009611823,0.3955,0.00963427082415957,0.6568277489287306
5000,0,88,37,False,12,5,21,8,M5_frozen,True,12,R1_raw21,110.38,5,0.6389567282999487,0.5945653569594247,0.23410598925949486,0.4004,0.0056867447680904425,0.6601616776267876,105,93,10000,38,32,0.6276573333975347,0.5818567026194145,0.23640046352657654,0.4135,0.014540320472159932,0.6649367641112989
5001,0,88,25,False,0,5,21,0,M3_product,False,12,R1_raw21,79.49,0,0.6532752311248073,0.6080476373908577,0.23137417538776864,0.3864,0.012452699625873283,0.6545520718287796,105,105,10000,4,0,0.6572110137390857,0.6123122110939907,0.2304123617851039,0.383,0.01465914887992575,0.6523886294270435
5001,0,88,50,False,0,5,21,4,M4_entangled,False,12,R1_raw21,177.96,1,0.637255874422188,0.6020095017976375,0.2350787761507474,0.3942,0.012239642430847882,0.6627054391653905,105,105,10000,18,12,0.6397753354519774,0.6026820107858244,0.23442598158875125,0.394,0.012240147975250469,0.6612912580412161
5001,0,88,50,False,12,5,21,4,M5_frozen,True,12,R1_raw21,151.28,1,0.6368013289676425,0.5994350282485876,0.23508633213634816,0.3968,0.00905051871711293,0.662646249303891,105,93,10000,18,12,0.6363225073831535,0.5952105803800719,0.23489995711187445,0.401,0.012154106202458,0.6621838885941156
5002,0,88,25,False,0,5,21,0,M3_product,False,12,R1_raw21,72.3,0,0.6410402221366205,0.6006773240883411,0.23376238882145334,0.3934,0.010599128721055274,0.6596055653042604,105,105,10000,4,0,0.6316749325885979,0.5879799049820236,0.23568959267523876,0.4065,0.01248411525872517,0.6635209254018212
5002,0,88,24,False,0,5,21,4,M4_entangled,False,12,R1_raw21,77.74,2,0.6313629943502825,0.5888642783769902,0.23566818229397496,0.4068,0.009939268810367101,0.6637261826931624,105,105,10000,20,14,0.6487815790318439,0.5983002696456087,0.2318953417378974,0.3975,0.018077456249992616,0.6555154451338258
5002,0,88,50,False,12,5,21,4,M5_frozen,True,12,R1_raw21,120.03,2,0.6383582113507962,0.5973067539804828,0.23482794034052298,0.3976,0.01389304894621735,0.662142103952817,105,93,10000,20,14,0.6502421594119158,0.6087731124807396,0.2309546832770663,0.3865,0.01986279387916329,0.6528733064172729
5003,0,88,31,False,0,5,21,0,M3_product,False,12,R1_raw21,79.25,0,0.6377052837699024,0.5958814843348741,0.23464564012685754,0.3992,0.026146538492244072,0.6612141287986995,105,105,10000,4,0,0.6655802596944017,0.60378145865434,0.22833166440678349,0.391,0.0250410886745098,0.6477270380036584
5003,0,88,50,False,0,5,21,4,M4_entangled,False,12,R1_raw21,153.74,1,0.6288349062660503,0.5948927837699025,0.23676161383704689,0.4006,0.01641398019781573,0.66629302872223,105,105,10000,17,12,0.6629660615690807,0.6170791602465331,0.22908827305359178,0.3785,0.028795101934224472,0.6498000986375262
5003,0,88,50,False,12,5,21,4,M5_frozen,True,12,R1_raw21,139.78,1,0.6234458461736004,0.5931079866461222,0.23782617047964918,0.4022,0.018699644279855324,0.6684388556587307,105,93,10000,17,12,0.6480693454673856,0.6047926296866974,0.23174503966253074,0.391,0.01763803103124878,0.6550171967144084
5004,0,88,50,False,0,5,21,0,M3_product,False,12,R1_raw21,142.84,0,0.6235984848484848,0.5822772213662044,0.23671040151490705,0.4106,0.009702135104106946,0.6655419508011816,105,105,10000,4,0,0.6357497110939907,0.5974977529532615,0.23322893019744292,0.3955,0.027675727967612855,0.6577939167409907
5004,0,88,48,False,0,5,21,4,M4_entangled,False,12,R1_raw21,151.94,1,0.6455017334360554,0.6080508474576272,0.23347051205752822,0.3882,0.010615984954596317,0.6592876608659163,105,105,10000,17,12,0.6474624422187982,0.5993916923472008,0.23261050310362397,0.397,0.01873363953504185,0.65692137650011
5004,0,88,47,False,12,5,21,4,M5_frozen,True,12,R1_raw21,125.21,1,0.6401702940421161,0.5958911145351824,0.2343296472739089,0.399,0.014320336574758216,0.6607864325529516,105,93,10000,17,12,0.6452234206471494,0.6051778376990241,0.23365011244283987,0.39,0.01768326031531089,0.6593509747976206
,1,,,False,,,21,,M0_class_prior,,,R1_raw21,0.0,,0.5,0.5,0.24921599999999994,0.472,1.1102230246251565e-16,0.691578359988849,0,0,500,,,0.5,0.5,0.24921599999999994,0.472,2.220446049250313e-16,0.6915783599888489
,1,,,False,,,21,,M1_logreg,,,R1_raw21,0.01,,0.57043833461736,0.5461992809450437,0.2462698562865174,0.4468,0.03323699695626726,0.6855993557007825,22,22,500,,,0.5614597377375449,0.5443631227529533,0.2488967065553009,0.449,0.036067741006606445,0.6914801659380315
,1,,,False,,,21,,M2_mlp,,,R1_raw21,0.11,,0.5600064201335387,0.5404789419619929,0.247088438813366,0.4494,0.02239729727648068,0.6873798572806084,93,93,500,,,0.5532319353492552,0.5282806882383153,0.24777133068708718,0.461,0.03525609824341622,0.688705921219788
5000,1,88,13,False,0,5,21,0,M3_product,False,12,R1_raw21,2.67,0,0.578046032357473,0.5533705701078582,0.2443555740504722,0.4374,0.011769600164743148,0.6817357370726241,105,105,500,4,0,0.5720078165125835,0.5481590267077555,0.24509309340927501,0.4425,0.008092685459579899,0.6832316148796087
5000,1,88,11,False,0,5,21,8,M4_entangled,False,12,R1_raw21,2.25,5,0.5628413906009245,0.5422123780174628,0.24585373609715716,0.4484,0.011769497408353036,0.6847958790135693,105,105,500,38,32,0.5449930983564457,0.539716551104263,0.24764668720627883,0.451,0.019040390463333168,0.6884057508843664
5000,1,88,11,False,12,5,21,8,M5_frozen,True,12,R1_raw21,1.54,5,0.5647091679506934,0.5452844119157678,0.24562450399319297,0.4462,0.011323302170846742,0.6843237654708398,105,93,500,38,32,0.5476965764637904,0.5433439265536724,0.24739887547026423,0.448,0.018685906224784284,0.6878995681222672
5001,1,88,14,False,0,5,21,0,M3_product,False,12,R1_raw21,2.54,0,0.5619599062660503,0.538466230097586,0.2466783648545785,0.4548,0.022851557160627076,0.6864899688952806,105,105,500,4,0,0.5566636973549051,0.5444754750898819,0.2474663744099417,0.449,0.017823187287202592,0.6880955893197395
5001,1,88,13,False,0,5,21,4,M4_entangled,False,12,R1_raw21,3.19,1,0.5250542501284027,0.5066576784797124,0.24874294962752455,0.4672,0.0052130609010674605,0.6906302750055288,105,105,500,18,12,0.5061031394453005,0.5061151771956857,0.24910819218372648,0.4675,0.005506877650227701,0.691363525421735
5001,1,88,13,False,12,5,21,4,M5_frozen,True,12,R1_raw21,2.71,1,0.5310260978428352,0.5021122239342578,0.24872819254333922,0.4706,0.009409912667891629,0.690599429613701,105,93,500,18,12,0.507151426874679,0.5028168335901387,0.24918846460370758,0.4695,0.009647159293337405,0.691525103765166
5002,1,88,12,False,0,5,21,0,M3_product,False,12,R1_raw21,1.8,0,0.5659153505392912,0.5409861325115563,0.24593966449084506,0.4482,0.018697775170193092,0.6850166758663097,105,105,500,4,0,0.5676290848099641,0.5542501284026707,0.24609485120564017,0.435,0.016833588597213803,0.6853432133955041
5002,1,88,14,False,0,5,21,4,M4_entangled,False,12,R1_raw21,2.29,2,0.5484405495634309,0.5346366204417052,0.2474093533075855,0.4522,0.013694577095720518,0.6879769176157658,105,105,500,20,14,0.5468770062917309,0.5300943759630201,0.24768250555363513,0.456,0.016399750147148232,0.6885443242971163
5002,1,88,14,False,12,5,21,4,M5_frozen,True,12,R1_raw21,2.16,2,0.5539113058551618,0.5383538777606575,0.24686163349869902,0.4492,0.011397478763657555,0.6868514055854679,105,93,500,20,14,0.5504421866974833,0.5312419748330766,0.2472694381161478,0.4555,0.01726277294220047,0.6876971996010861
5003,1,88,13,False,0,5,21,0,M3_product,False,12,R1_raw21,2.84,0,0.5577499036979969,0.5290960451977401,0.24681704803843013,0.4548,0.014244606574427634,0.6867674988658331,105,105,500,4,0,0.5512577442860811,0.528072033898305,0.2471531528498889,0.456,0.01366564899989632,0.6874358814633674
5003,1,88,12,False,0,5,21,4,M4_entangled,False,12,R1_raw21,2.33,1,0.5516474062660502,0.5354391371340524,0.24706024463870072,0.4514,0.006749821326784681,0.6872577317554047,105,105,500,17,12,0.5432817315100155,0.5370682460195172,0.24773673049791362,0.45,0.005462517793544116,0.6886059483611334
5003,1,88,12,False,12,5,21,4,M5_frozen,True,12,R1_raw21,1.66,1,0.5508838918849512,0.5353974062660504,0.24712974489675443,0.4518,0.00625273078181721,0.6874020603281411,105,93,500,17,12,0.5424782116718028,0.5346446456086287,0.24785146526509166,0.4525,0.009244868731384224,0.6888409229328764
5004,1,88,14,False,0,5,21,0,M3_product,False,12,R1_raw21,2.43,0,0.5615350539291217,0.5464111453518233,0.2466427390262982,0.4452,0.006491091994576641,0.6864362551995804,105,105,500,4,0,0.5508956086286594,0.5334569209039548,0.24789754872608233,0.4585,0.01994078591425537,0.6889937761222544
5004,1,88,17,False,0,5,21,4,M4_entangled,False,12,R1_raw21,3.97,1,0.5508983371854134,0.5400455829481253,0.2471415743242613,0.4486,0.007980936829684829,0.6874298417783776,105,105,500,17,12,0.543137278505393,0.5396443246019518,0.2480377049052798,0.449,0.01444463836144626,0.6892483403506178
5004,1,88,19,False,12,5,21,4,M5_frozen,True,12,R1_raw21,2.82,1,0.5515417950693374,0.5389124293785311,0.24710662456326918,0.4516,0.011301854303286715,0.6873541759818208,105,93,500,17,12,0.5473193936183873,0.5431994735490497,0.24778030226354505,0.4475,0.0128969471808449,0.6887285691163085
,1,,,False,,,21,,M0_class_prior,,,R1_raw21,0.0,,0.5,0.5,0.24921599999999994,0.472,1.1102230246251565e-16,0.691578359988849,0,0,2000,,,0.5,0.5,0.24921599999999994,0.472,2.220446049250313e-16,0.6915783599888489
,1,,,False,,,21,,M1_logreg,,,R1_raw21,0.01,,0.5841218862352338,0.5536594761171032,0.24382501190164138,0.4398,0.023308458123858497,0.6804216574952029,22,22,2000,,,0.5802596944016436,0.5431994735490497,0.24536216551681905,0.451,0.04860098554180674,0.6840653042537089
,1,,,False,,,21,,M2_mlp,,,R1_raw21,0.3,,0.5842082370313302,0.5507993066255779,0.24372204044237641,0.4418,0.019562640575849274,0.6803129029697303,93,93,2000,,,0.5784429972393426,0.5368916923472008,0.2448060316144386,0.456,0.03645729374986126,0.6825409194763645
5000,1,88,16,False,0,5,21,0,M3_product,False,12,R1_raw21,9.99,0,0.5963840202876219,0.5657004365690806,0.24185333775440276,0.431,0.00959455520805365,0.6764851973431302,105,105,2000,4,0,0.5935433519517206,0.5601967770929634,0.24225787116260958,0.4375,0.021116197533148553,0.6775102724916175
5000,1,88,17,False,0,5,21,8,M4_entangled,False,12,R1_raw21,11.24,5,0.5973807460195172,0.5711029789419619,0.2418718013658691,0.4252,0.009433995427554008,0.6764979432784367,105,105,2000,38,32,0.5945424852336929,0.5572916666666667,0.24245550917279585,0.4395,0.04233332794075151,0.6778131717808976
5000,1,88,19,False,12,5,21,8,M5_frozen,True,12,R1_raw21,11.1,5,0.5977638674884438,0.5705508474576271,0.24212185796754676,0.425,0.014011315571257064,0.6770910549001646,105,93,2000,38,32,0.5966099688623523,0.5539692475603493,0.24231828262305635,0.442,0.043324466235574725,0.6775074013177965
5001,1,88,15,False,0,5,21,0,M3_product,False,12,R1_raw21,8.16,0,0.5863323382126349,0.5594408063687725,0.2434797564254087,0.4378,0.01598804543476231,0.6798243579001518,105,105,2000,4,0,0.5883701287236773,0.5561841936312275,0.24308115498167177,0.4415,0.035180717154128086,0.6791281446621933
5001,1,88,14,False,0,5,21,4,M4_entangled,False,12,R1_raw21,9.42,1,0.5837395672829995,0.5489599383667181,0.24390968232016252,0.438,0.016193216146442247,0.6808233353104847,105,105,2000,18,12,0.5777096976117103,0.5592498073959938,0.24457298454081042,0.428,0.021742312710803707,0.6821627850695877
5001,1,88,17,False,12,5,21,4,M5_frozen,True,12,R1_raw21,9.67,1,0.5751791217257319,0.5428608115048793,0.24465791920841784,0.4508,0.01143135971458388,0.682332904142062,105,93,2000,18,12,0.5708451704545454,0.551465395480226,0.24513702800833387,0.4415,0.006929327602366196,0.6832972575958799
5002,1,88,13,False,0,5,21,0,M3_product,False,12,R1_raw21,6.54,0,0.5931657678479713,0.5628787878787879,0.24301177171606186,0.4336,0.01461371964951438,0.6789822606276477,105,105,2000,4,0,0.5829491284668721,0.5514974961479199,0.244456412482255,0.4455,0.03616890301628644,0.6819244060077224
5002,1,88,13,False,0,5,21,4,M4_entangled,False,12,R1_raw21,6.74,2,0.5912979904982023,0.5592610426296867,0.2429081034205944,0.4364,0.017562845290031336,0.6786913380185106,105,105,2000,20,14,0.5827495024396507,0.5390344119157678,0.24441886843484045,0.457,0.042596198839379595,0.6818384505237802
5002,1,88,11,False,12,5,21,4,M5_frozen,True,12,R1_raw21,4.69,2,0.582707209809964,0.5614663585002568,0.24420353206742476,0.4326,0.013206140709189813,0.6814101827435234,105,93,2000,20,14,0.5816530640087314,0.540976502311248,0.2444612732370906,0.454,0.035925465653928686,0.6819329848294152
5003,1,88,12,False,0,5,21,0,M3_product,False,12,R1_raw21,6.14,0,0.5759946391884951,0.5492552645095018,0.24478681050300488,0.4454,0.01742397782945011,0.6825358189069162,105,105,2000,4,0,0.5766293095146379,0.5445156009244992,0.24521557035429878,0.4505,0.03335230635416204,0.6834581723342403
5003,1,88,12,False,0,5,21,4,M4_entangled,False,12,R1_raw21,6.79,1,0.57585885336415,0.5492199537750385,0.24506457637185777,0.4438,0.016965371405315094,0.683139033840611,105,105,2000,17,12,0.5766152654725218,0.5387936569080637,0.24545168782442472,0.455,0.03597580065571964,0.6839902030551746
5003,1,88,12,False,12,5,21,4,M5_frozen,True,12,R1_raw21,6.83,1,0.576840812788906,0.5505168207498716,0.244850375008467,0.4416,0.015170354863501743,0.6826870468086426,105,93,2000,17,12,0.5763123154211608,0.535415061633282,0.24545294991014596,0.4575,0.04008099434865494,0.6839807488481658
5004,1,88,15,False,0,5,21,0,M3_product,False,12,R1_raw21,7.46,0,0.584190742167437,0.5539612223934258,0.24441725460530725,0.4354,0.020933256992768278,0.6818254718562424,105,105,2000,4,0,0.5827575276065742,0.5380713918849512,0.24513252439299588,0.4525,0.043296625177966716,0.6834295219460751
5004,1,88,13,False,0,5,21,4,M4_entangled,False,12,R1_raw21,7.12,1,0.5995493066255778,0.5691833590138675,0.24194461515622298,0.4254,0.010383933766380013,0.6768058282607091,105,105,2000,17,12,0.5957181721879815,0.5573879686697483,0.24315709431258098,0.4375,0.03199438397821961,0.6793867364327739
5004,1,88,16,False,12,5,21,4,M5_frozen,True,12,R1_raw21,7.33,1,0.6018660118130457,0.573093220338983,0.2415322233470134,0.4184,0.016507802889978045,0.6758785572825443,105,93,2000,17,12,0.5959047573189522,0.5621549178222907,0.24303761856269965,0.4295,0.030622162878973302,0.6791345033097563
,1,,,False,,,21,,M0_class_prior,,,R1_raw21,0.0,,0.5,0.5,0.24921599999999994,0.472,1.1102230246251565e-16,0.691578359988849,0,0,5000,,,0.5,0.5,0.24921599999999994,0.472,2.220446049250313e-16,0.6915783599888489
,1,,,False,,,21,,M1_logreg,,,R1_raw21,0.01,,0.5937309001027222,0.5606542116076014,0.2419934876837884,0.4322,0.013673270897072804,0.676607903082861,22,22,5000,,,0.5932805277349769,0.5541779019003595,0.24339922888481258,0.44,0.035188267853332636,0.6800531798582999
,1,,,False,,,21,,M2_mlp,,,R1_raw21,0.82,,0.6011583525937338,0.5664836928608115,0.2411677714862808,0.4306,0.02020153240114942,0.6750455228632016,93,93,5000,,,0.5976622688751926,0.5697306753980482,0.24263265577401677,0.4285,0.01710256934471,0.6783504865930114
5000,1,88,13,False,0,5,21,0,M3_product,False,12,R1_raw21,16.32,0,0.6127104198767334,0.5763450179763738,0.23898543585960452,0.4176,0.008081948315899043,0.6704434486336535,105,105,5000,4,0,0.6124185445557269,0.577836093990755,0.23946289792889833,0.4165,0.012340381582283639,0.6718751663636108
5000,1,88,13,False,0,5,21,8,M4_entangled,False,12,R1_raw21,20.53,5,0.6123207177709297,0.5734880585516179,0.2391238533557905,0.4214,0.008078059660605165,0.6707620758723577,105,105,5000,38,32,0.6130394918464304,0.5730771700051361,0.23951607697401087,0.422,0.025100314489019962,0.6719059254748561
5000,1,88,13,False,12,5,21,8,M5_frozen,True,12,R1_raw21,17.82,5,0.6129155431432973,0.5751284026707756,0.23900670186259207,0.42,0.008397635247127156,0.6705005144079949,105,93,5000,38,32,0.6128047557139188,0.5715202876219825,0.23960587371298792,0.424,0.027304817888469564,0.6721316540645828
5001,1,88,14,False,0,5,21,0,M3_product,False,12,R1_raw21,25.93,0,0.6201544042116076,0.5810252953261428,0.23770748632891292,0.4156,0.009993343749261032,0.6676463213009042,105,105,5000,4,0,0.6296515873780175,0.5937981510015409,0.23699723610640058,0.4035,0.0213978353095139,0.6669147408480507
5001,1,88,11,False,0,5,21,4,M4_entangled,False,12,R1_raw21,20.3,1,0.6044404853620955,0.578913071391885,0.24128402576333197,0.4184,0.021044911648696207,0.6754374287678595,105,105,5000,18,12,0.6008011122881356,0.5610313944530045,0.24137410128704395,0.4365,0.034201888281134,0.6755766141920883
5001,1,88,14,False,12,5,21,4,M5_frozen,True,12,R1_raw21,19.59,1,0.6041721237801747,0.5687756805341551,0.2410583305210619,0.425,0.007056824857804416,0.6749787269167762,105,93,5000,18,12,0.5937891226887518,0.555189072932717,0.24205399173656578,0.44,0.03038142280130134,0.6770013364794789
5002,1,88,12,False,0,5,21,0,M3_product,False,12,R1_raw21,15.34,0,0.609884437596302,0.5729808680020545,0.23957295592839054,0.4198,0.01617015062313716,0.6716353504729056,105,105,5000,4,0,0.6182518377632255,0.576102657935285,0.2392742759056833,0.4175,0.007024741422489463,0.6713754205677676
5002,1,88,12,False,0,5,21,4,M4_entangled,False,12,R1_raw21,18.62,2,0.6133575693374421,0.572589239856189,0.23902182374584657,0.4186,0.01794938595033423,0.6705102230827451,105,105,5000,20,14,0.6177974126861838,0.5723870056497176,0.239241378335797,0.42,0.02979928024529006,0.6713228300963505
5002,1,88,12,False,12,5,21,4,M5_frozen,True,12,R1_raw21,14.85,2,0.6131877568053415,0.57106124807396,0.23885671548581017,0.4214,0.01310275698537573,0.6701635429876774,105,93,5000,20,14,0.6168644870313302,0.5803961222393426,0.23921019538344482,0.4135,0.027060622113714072,0.6712625938078658
5003,1,88,18,False,0,5,21,0,M3_product,False,12,R1_raw21,25.07,0,0.6086838726245506,0.5792083975346687,0.239917331464364,0.4188,0.01630417920066974,0.6723038321515569,105,105,5000,4,0,0.618851718990755,0.5826913199794556,0.2391228514618745,0.416,0.018532916169711536,0.671201581359613
5003,1,88,42,False,0,5,21,4,M4_entangled,False,12,R1_raw21,60.18,1,0.605425333846944,0.5756388032871084,0.24179195802457,0.4206,0.027467803277246402,0.676549319755798,105,105,5000,17,12,0.617127311248074,0.5863828967642527,0.24036108410596654,0.4105,0.02000752435412207,0.6744083098988148
5003,1,88,18,False,12,5,21,4,M5_frozen,True,12,R1_raw21,19.75,1,0.6065111389316898,0.5788488700564971,0.24083149734852213,0.4202,0.017525420458576395,0.6744244818334937,105,93,5000,17,12,0.6130404949922958,0.5837827426810478,0.24027540505598155,0.4155,0.020220097621898865,0.6736332727483214
5004,1,88,18,False,0,5,21,0,M3_product,False,12,R1_raw21,21.16,0,0.6007290061633282,0.5668400102722136,0.2410010158227461,0.4288,0.010550181483734433,0.6746584191153435,105,105,5000,4,0,0.6073235667051875,0.5717209167950693,0.24105398449848486,0.4245,0.014968262469725258,0.6751688759714553
5004,1,88,44,False,0,5,21,4,M4_entangled,False,12,R1_raw21,63.83,1,0.6126921224961479,0.5708365434001027,0.23891306219028885,0.4242,0.019161358972314538,0.6701116906112564,105,105,5000,17,12,0.6232404821520288,0.5838629943502824,0.2379717323636868,0.4115,0.013574129834727423,0.6689312500353648
5004,1,88,18,False,12,5,21,4,M5_frozen,True,12,R1_raw21,22.33,1,0.6131709039548023,0.5769485105290191,0.23930541149931542,0.4186,0.016120061180443884,0.671068836145563,105,93,5000,17,12,0.6201889124293785,0.5883009116589625,0.23939306695987067,0.408,0.01857644689782571,0.6722681416196024
,1,,,False,,,21,,M0_class_prior,,,R1_raw21,0.0,,0.5,0.5,0.24921599999999994,0.472,1.1102230246251565e-16,0.691578359988849,0,0,10000,,,0.5,0.5,0.24921599999999994,0.472,2.220446049250313e-16,0.6915783599888489
,1,,,False,,,21,,M1_logreg,,,R1_raw21,0.02,,0.596917693888033,0.5604038263995891,0.24135376789935525,0.4318,0.012267442891056341,0.6752882555675216,22,22,10000,,,0.5926214609013867,0.5511122881355932,0.24320774920265245,0.443,0.035381674142288676,0.6795825528666956
,1,,,False,,,21,,M2_mlp,,,R1_raw21,1.39,,0.6000686954288649,0.5692764509501798,0.24123355023270387,0.4244,0.009158348704050915,0.6752480782369338,93,93,10000,,,0.6018463902799178,0.5749149332306112,0.2417435898455206,0.42,0.006846963149428626,0.6765815380440448
5000,1,88,50,False,0,5,21,0,M3_product,False,12,R1_raw21,118.61,0,0.6457556497175141,0.5975282485875706,0.23246324185501338,0.4,0.015503449570452684,0.6563545400672519,105,105,10000,4,0,0.6519154067154597,0.6041104904982023,0.23255807861300673,0.3935,0.02914900128272536,0.6583113548492845
5000,1,88,14,False,0,5,21,8,M4_entangled,False,12,R1_raw21,41.51,5,0.6317873651771957,0.5952266307139189,0.23575084939016114,0.3988,0.01383842134055341,0.6638010650033553,105,105,10000,38,32,0.6321765055213149,0.5982922444786851,0.23597743136546157,0.3965,0.019530894100659904,0.6646682021292677
5000,1,88,50,False,12,5,21,8,M5_frozen,True,12,R1_raw21,111.85,5,0.6378327234206471,0.5983949666153056,0.23511970178766892,0.3988,0.013091287012616425,0.6627300597832304,105,93,10000,38,32,0.6268798953518233,0.5914066512583462,0.23762954054244148,0.4065,0.016500775243278507,0.6683588085913975
5001,1,88,50,False,0,5,21,0,M3_product,False,12,R1_raw21,114.6,0,0.6329723613251155,0.5927934001027222,0.23601372826817932,0.4036,0.013784671714042202,0.6646021953791984,105,105,10000,4,0,0.6391252969311761,0.6081471494607087,0.23534926034854084,0.389,0.02114944571794954,0.6636442975811128
5001,1,88,50,False,0,5,21,4,M4_entangled,False,12,R1_raw21,143.96,1,0.6447030688238315,0.5985201592193118,0.233191561586213,0.3976,0.0187277518119479,0.6582467245355343,105,105,10000,18,12,0.6481857103877761,0.6080588726245506,0.23291401304187467,0.3885,0.01767977059339324,0.6585078764852976
5001,1,88,13,False,12,5,21,4,M5_frozen,True,12,R1_raw21,39.62,1,0.6127617809450436,0.5767944273240884,0.23968324080851475,0.4162,0.009853207832724474,0.6721609061965585,105,93,10000,18,12,0.6116942732408834,0.5846253852080123,0.24011277054834013,0.4085,0.02014409993128305,0.6731708880228047
5002,1,88,16,False,0,5,21,0,M3_product,False,12,R1_raw21,39.33,0,0.6181673728813559,0.5798247303543913,0.23831070099799875,0.4158,0.011704616692795962,0.6690664591132672,105,105,10000,4,0,0.6081140456471495,0.5781009244992296,0.2413912487040217,0.418,0.02304716691872723,0.6762141031899656
5002,1,88,18,False,0,5,21,4,M4_entangled,False,12,R1_raw21,46.17,2,0.6369098292244479,0.5929603235747303,0.23491788076568737,0.4048,0.011867770555781648,0.6620265643559246,105,105,10000,20,14,0.6367227625834617,0.6018473934257833,0.23590871385504505,0.395,0.024243578233543818,0.6646914051190073
5002,1,88,22,False,12,5,21,4,M5_frozen,True,12,R1_raw21,45.75,2,0.6388278441191577,0.595945685670262,0.23469926102985428,0.3988,0.015554020728544555,0.6616303936881438,105,93,10000,20,14,0.6406871950436568,0.5942475603492553,0.2352694004799317,0.4,0.02219694252557068,0.6636413845426307
5003,1,88,50,False,0,5,21,0,M3_product,False,12,R1_raw21,116.25,0,0.6491398626091422,0.6000802516692347,0.2318373680001945,0.396,0.01700633987090699,0.6551058013325656,105,105,10000,4,0,0.6544764381099126,0.6109318823831535,0.23189256044894194,0.386,0.01825831830889062,0.6569073961030584
5003,1,88,21,False,0,5,21,4,M4_entangled,False,12,R1_raw21,53.66,1,0.6232601438109913,0.5805469953775039,0.23705657706034608,0.4148,0.010906102100475686,0.6663261766055101,105,105,10000,17,12,0.6303397454417052,0.5952346558808423,0.23718111622848492,0.4005,0.026114563837588898,0.6672726326906502
5003,1,88,17,False,12,5,21,4,M5_frozen,True,12,R1_raw21,37.8,1,0.6249677388289676,0.5896764252696456,0.23720060465447113,0.4058,0.011339660823009952,0.6667740417081314,105,93,10000,17,12,0.6173590379429892,0.5831728299948639,0.23958231342888048,0.413,0.015023261512359715,0.6722242866904713
5004,1,88,50,False,0,5,21,0,M3_product,False,12,R1_raw21,116.0,0,0.6225763995891114,0.5833333333333333,0.23763636614483594,0.4106,0.015435173184006489,0.667577791001662,105,105,10000,4,0,0.6310519790061633,0.5890151515151515,0.23658093114455614,0.406,0.020423323050842965,0.6656896406096133
5004,1,88,50,False,0,5,21,4,M4_entangled,False,12,R1_raw21,132.9,1,0.6365303993323062,0.5902125064201336,0.23479451664672318,0.4054,0.018256361523860877,0.6616169433878983,105,105,10000,17,12,0.6415840074473549,0.5961575500770416,0.2347086330214859,0.4,0.015012795830152382,0.6626851375221563
5004,1,88,50,False,12,5,21,4,M5_frozen,True,12,R1_raw21,104.57,1,0.6245716165896251,0.5890344119157678,0.2376030891309583,0.407,0.022414026557007846,0.6676515840490503,105,93,10000,17,12,0.6328215283127889,0.6002584103749358,0.23698551940805176,0.3965,0.027381686379397016,0.667216076802674
,2,,,False,,,21,,M0_class_prior,,,R1_raw21,0.0,,0.5,0.5,0.24921599999999994,0.472,1.1102230246251565e-16,0.691578359988849,0,0,500,,,0.5,0.5,0.24921599999999994,0.472,2.220446049250313e-16,0.6915783599888489
,2,,,False,,,21,,M1_logreg,,,R1_raw21,0.03,,0.5564470980996404,0.5381805341551105,0.2517642130445167,0.4556,0.05702243181990773,0.6977058600740631,22,22,500,,,0.5624418175398048,0.5473725603492553,0.2491038784655612,0.446,0.05651946496376723,0.6917959095028701
,2,,,False,,,21,,M2_mlp,,,R1_raw21,1.47,,0.546216133795583,0.5254686697483308,0.24971635182895452,0.4676,0.046625434935277356,0.6927190814665442,93,93,500,,,0.5532540045582949,0.5446119029275809,0.24819474595687785,0.4485,0.04241697564837302,0.6896187342770635
5000,2,88,14,False,0,5,21,0,M3_product,False,12,R1_raw21,2.07,0,0.5428280688238315,0.5323382126348228,0.24833282462561246,0.457,0.017477653825773813,0.6898569000478859,105,105,500,4,0,0.5495694497945557,0.5513771186440678,0.24736824040493527,0.4375,0.026600434888559524,0.6879237128736091
5000,2,88,11,False,0,5,21,8,M4_entangled,False,12,R1_raw21,2.01,5,0.5305762069851052,0.5195396764252697,0.2497576774353386,0.4736,0.030020192509175557,0.6927238281106285,105,105,500,38,32,0.5590672348484849,0.5440581664098614,0.2466489945330971,0.4495,0.02737268133065593,0.6864577024871777
5000,2,88,11,False,12,5,21,8,M5_frozen,True,12,R1_raw21,1.77,5,0.5305797380585516,0.5183038007190549,0.24986193743935622,0.4736,0.032456370940126385,0.6929568131495751,105,93,500,38,32,0.5587121212121212,0.5454144196199281,0.24669495760539564,0.447,0.027909258569312537,0.6865705750234324
5001,2,88,13,False,0,5,21,0,M3_product,False,12,R1_raw21,2.05,0,0.5370712955829481,0.523240883410375,0.24887426214308034,0.4658,0.018005378936487335,0.6909169236256479,105,105,500,4,0,0.5558330925783256,0.5449088341037494,0.2466197146951024,0.4435,0.005539929580476992,0.6863729068307021
5001,2,88,13,False,0,5,21,4,M4_entangled,False,12,R1_raw21,2.79,1,0.5197645416024653,0.5169940934771443,0.24867835416665499,0.4602,0.011505762462574889,0.6905023203081122,105,105,500,18,12,0.5236682235490498,0.5200789676425269,0.24857773665503374,0.4575,0.013889025414045266,0.6903003667280304
5001,2,88,13,False,12,5,21,4,M5_frozen,True,12,R1_raw21,2.96,1,0.5207556497175141,0.5163488700564972,0.24865690668915985,0.4596,0.011334119521207022,0.6904590790964427,105,93,500,18,12,0.5262663713405239,0.5141644196199281,0.24852683292791397,0.4625,0.008257391108443434,0.6901981491301177
5002,2,88,12,False,0,5,21,0,M3_product,False,12,R1_raw21,1.91,0,0.5363198189522342,0.5155688238315357,0.24833269760599802,0.4702,0.028754896987807914,0.6897897819474109,105,105,500,4,0,0.5557779195557268,0.5389782357473035,0.24618981020461705,0.4465,0.007772506886155778,0.6854688518981914
5002,2,88,14,False,0,5,21,4,M4_entangled,False,12,R1_raw21,2.35,2,0.5561721558808423,0.5327298407806882,0.24764883178387964,0.4582,0.030815642313410226,0.6884438724819392,105,105,500,20,14,0.5626243900873139,0.5453181176168465,0.24600011061815275,0.4455,0.028800506181739217,0.6850752355390435
5002,2,88,14,False,12,5,21,4,M5_frozen,True,12,R1_raw21,2.27,2,0.5555532550077042,0.5316865690806369,0.24747006768877428,0.4584,0.027843518554375113,0.6880685562075523,105,93,500,20,14,0.5614757880713919,0.5425815356959425,0.24594749638290345,0.4475,0.028035655290231744,0.6849701575198791
5003,2,88,10,False,0,5,21,0,M3_product,False,12,R1_raw21,1.67,0,0.5419422508988188,0.5352946841294299,0.24834285784795943,0.453,0.011990149952197982,0.6898728555744404,105,105,500,4,0,0.5594925686954288,0.539275166923472,0.24625184662810393,0.4485,0.006263639363957607,0.6856020030814503
5003,2,88,13,False,0,5,21,4,M4_entangled,False,12,R1_raw21,2.95,1,0.544816063174114,0.5302741397021058,0.24896114661087276,0.463,0.030438016218297993,0.6911300000729239,105,105,500,17,12,0.5598587169363123,0.5500690164355418,0.24639545218714154,0.4425,0.033296133125600355,0.6859055923168035
5003,2,88,13,False,12,5,21,4,M5_frozen,True,12,R1_raw21,2.4,1,0.5452545582948125,0.5306336671802774,0.2488760533543542,0.463,0.029513446573107796,0.69095314895899,105,93,500,17,12,0.5596771475346687,0.551296866974833,0.24639789640302762,0.4415,0.03176721978626056,0.6859069287472971
5004,2,88,11,False,0,5,21,0,M3_product,False,12,R1_raw21,1.81,0,0.5235360490498202,0.5168913713405239,0.24995988182583573,0.4796,0.024767876411926265,0.6930806891690556,105,105,500,4,0,0.5401378723677452,0.5278633795582948,0.24847340484527633,0.4685,0.023489412367660067,0.6900949501873922
5004,2,88,12,False,0,5,21,4,M4_entangled,False,12,R1_raw21,2.2,1,0.5338578582434514,0.5216647406266051,0.24868316658569256,0.4668,0.021744098732969352,0.6905258716848337,105,105,500,17,12,0.5452167998844376,0.5436809835644582,0.24730398860159328,0.4445,0.018371977617717715,0.6877751282618287
5004,2,88,13,False,12,5,21,4,M5_frozen,True,12,R1_raw21,2.06,1,0.5363708590138675,0.5237352336928608,0.2485593318365528,0.463,0.020283693034251152,0.6902800590349243,105,93,500,17,12,0.5482332595017976,0.5403264637904468,0.24699058827091216,0.4465,0.013904408860591532,0.6871456243665769
,2,,,False,,,21,,M0_class_prior,,,R1_raw21,0.0,,0.5,0.5,0.24921599999999994,0.472,1.1102230246251565e-16,0.691578359988849,0,0,2000,,,0.5,0.5,0.24921599999999994,0.472,2.220446049250313e-16,0.6915783599888489
,2,,,False,,,21,,M1_logreg,,,R1_raw21,0.01,,0.573492552645095,0.5502439650744735,0.2457026332347219,0.4426,0.023456741031152372,0.6845237082950388,22,22,2000,,,0.5941743307010785,0.562243194658449,0.24228995433137893,0.43,0.010034536952652795,0.6774609022641493
,2,,,False,,,21,,M2_mlp,,,R1_raw21,0.71,,0.5670078967642527,0.5404179506933744,0.24698177756821352,0.453,0.034886078103400164,0.6871462704766729,93,93,2000,,,0.5933999020929636,0.5644501155624037,0.24274028246451565,0.4285,0.011583360559523222,0.6784447333863848
5000,2,88,17,False,0,5,21,0,M3_product,False,12,R1_raw21,12.49,0,0.5892692282999487,0.5554057524396507,0.2439656293713512,0.439,0.02909013550038171,0.6811411215694572,105,105,2000,4,0,0.6087971879815101,0.577258281972265,0.24053769601114094,0.418,0.012015514422741912,0.673911589652742
5000,2,88,14,False,0,5,21,8,M4_entangled,False,12,R1_raw21,11.97,5,0.573116814329738,0.5485297894196199,0.24588989013248183,0.446,0.024321835468018457,0.6849280100983081,105,105,2000,38,32,0.5945625481510015,0.5599158962506421,0.24230204796869148,0.434,0.013661427772256797,0.6775197269595397
5000,2,88,12,False,12,5,21,8,M5_frozen,True,12,R1_raw21,8.16,5,0.5708436055469954,0.5426457370313302,0.24575197575100205,0.4492,0.0214448765195004,0.684606378978824,105,93,2000,38,32,0.5942184691191577,0.564490241397021,0.24231986242503228,0.4265,0.01006342853673066,0.6775860226035784
5001,2,88,15,False,0,5,21,0,M3_product,False,12,R1_raw21,10.76,0,0.5852648305084746,0.5622207241910632,0.24443199378559774,0.4342,0.01613456933547144,0.6819450917247569,105,105,2000,4,0,0.6083688446969697,0.5793046995377504,0.2408677690265501,0.4175,0.015939268896356423,0.6747461201105276
5001,2,88,13,False,0,5,21,4,M4_entangled,False,12,R1_raw21,11.36,1,0.5678062403697997,0.5382736260914227,0.24592347377275992,0.449,0.018305154700452006,0.6849238646844283,105,105,2000,18,12,0.5830945846173601,0.5425654853620956,0.24387714066192634,0.4455,0.01972738753567552,0.6807475926749745
5001,2,88,19,False,12,5,21,4,M5_frozen,True,12,R1_raw21,12.31,1,0.5695229840780688,0.53996854134566,0.24538423912314403,0.4502,0.008989462262029558,0.6838278086099278,105,93,2000,18,12,0.5794541682717,0.5559675141242938,0.24464769144078433,0.4355,0.012802784900473232,0.682359899695383
5002,2,88,12,False,0,5,21,0,M3_product,False,12,R1_raw21,7.12,0,0.5730224383667181,0.5460002568053415,0.24554256709481714,0.4444,0.027285172502794715,0.6841555855105638,105,105,2000,4,0,0.6046100571391885,0.562652478171546,0.24063691943988835,0.4285,0.019560096696271966,0.6740762557177246
5002,2,88,15,False,0,5,21,4,M4_entangled,False,12,R1_raw21,10.15,2,0.5724892462763226,0.5440100154083205,0.2460469231947206,0.447,0.030387966641319906,0.6851935163672799,105,105,2000,20,14,0.5982220242681048,0.5642093605546995,0.2417236773846497,0.4265,0.014131356350528123,0.6762639020794643
5002,2,88,15,False,12,5,21,4,M5_frozen,True,12,R1_raw21,6.95,2,0.5773523369286081,0.5464271956856702,0.24530218026505268,0.4444,0.028263859458671995,0.6836636682084547,105,93,2000,20,14,0.5998952715716487,0.5608387904468413,0.24145404623269703,0.43,0.015235981309309693,0.6756863059933157
5003,2,88,16,False,0,5,21,0,M3_product,False,12,R1_raw21,8.99,0,0.5708066897791474,0.5423536209553159,0.24673582666667307,0.452,0.03948397779896829,0.6866989515725426,105,105,2000,4,0,0.5940710066769389,0.5576287236774524,0.2423697409209174,0.436,0.024388939905055782,0.6776518748567101
5003,2,88,16,False,0,5,21,4,M4_entangled,False,12,R1_raw21,11.87,1,0.5739703710837185,0.5466743708269132,0.24579103361289703,0.4472,0.02853454048168495,0.6847158829142882,105,105,2000,17,12,0.604003153890601,0.5796979327170005,0.24114496863439752,0.414,0.01944955557845759,0.6751577287495941
5003,2,88,16,False,12,5,21,4,M5_frozen,True,12,R1_raw21,11.1,1,0.5768534925526451,0.5537108371854135,0.24534610298157672,0.4406,0.02297054920847585,0.6838368712331494,105,93,2000,17,12,0.5997799097971237,0.565236581920904,0.24169864749668699,0.4285,0.014810966246690375,0.6763719235944301
5004,2,88,13,False,0,5,21,0,M3_product,False,12,R1_raw21,8.2,0,0.567297926296867,0.5447001797637391,0.24631205311136067,0.449,0.020576713467626715,0.6857159844328305,105,105,2000,4,0,0.599313446969697,0.5658143939393939,0.24156560973802954,0.427,0.011582556004856758,0.6760098810363927
5004,2,88,16,False,0,5,21,4,M4_entangled,False,12,R1_raw21,12.42,1,0.5936614021571649,0.5674499229583976,0.24321514202615407,0.4264,0.024496435599533788,0.6794224795155824,105,105,2000,17,12,0.6191346061248074,0.5757254750898819,0.23810436162615659,0.4195,0.01877436554459644,0.6687111139263363
5004,2,88,15,False,12,5,21,4,M5_frozen,True,12,R1_raw21,10.26,1,0.5869772406266051,0.5573189522342065,0.24406132119481153,0.4352,0.026279214632180112,0.6811666619822632,105,93,2000,17,12,0.6123493274910118,0.5681898433487417,0.2394440233245779,0.4255,0.031279783025250446,0.6716184190552194
,2,,,False,,,21,,M0_class_prior,,,R1_raw21,0.0,,0.5,0.5,0.24921599999999994,0.472,1.1102230246251565e-16,0.691578359988849,0,0,5000,,,0.5,0.5,0.24921599999999994,0.472,2.220446049250313e-16,0.6915783599888489
,2,,,False,,,21,,M1_logreg,,,R1_raw21,0.02,,0.580235618900873,0.5477336928608115,0.24469279760442847,0.4448,0.026100089168231786,0.6823588347520572,22,22,5000,,,0.6027301617873653,0.563639573703133,0.24064780487039872,0.429,0.013140274940771638,0.6739463510391954
,2,,,False,,,21,,M2_mlp,,,R1_raw21,1.07,,0.5826879494093478,0.5557973805855162,0.2445241375822617,0.4416,0.024100548941467445,0.6821192350575022,93,93,5000,,,0.6054246115819208,0.5747383795582948,0.24042016583164055,0.4225,0.020237064606672146,0.6735840623817101
5000,2,88,15,False,0,5,21,0,M3_product,False,12,R1_raw21,25.64,0,0.5890233371854134,0.562037750385208,0.24478812803454908,0.4338,0.029881542451474785,0.6830709323259151,105,105,5000,4,0,0.61807729038264,0.5748908577298408,0.23837850427105264,0.4205,0.02610878474171988,0.6694521176234132
5000,2,88,21,False,0,5,21,8,M4_entangled,False,12,R1_raw21,38.51,5,0.5935835580380072,0.5671321263482281,0.2456038965602626,0.4288,0.03884099662964418,0.6854184609294779,105,105,5000,38,32,0.6241573574730355,0.5871292372881356,0.23787135876280124,0.409,0.020596797165572917,0.6682420610126506
5000,2,88,46,False,12,5,21,8,M5_frozen,True,12,R1_raw21,61.71,5,0.5984317218798151,0.5663777606574216,0.24441335429627126,0.4272,0.03862245032198134,0.6827515039903055,105,93,5000,38,32,0.6305965507832563,0.5887824216743709,0.23656107972818302,0.405,0.023395899750010996,0.6654926921976325
5001,2,88,16,False,0,5,21,0,M3_product,False,12,R1_raw21,21.74,0,0.6027482986646122,0.5634533898305084,0.24227045727465835,0.4324,0.035679878830469,0.6777150328379921,105,105,5000,4,0,0.6286444289291218,0.5845932845403183,0.2366080916709975,0.4115,0.018597001120697107,0.6656621821669051
5001,2,88,15,False,0,5,21,4,M4_entangled,False,12,R1_raw21,25.09,1,0.6059140665125835,0.5718573446327684,0.24117433376771713,0.4226,0.0194964538500602,0.6752835345383572,105,105,5000,18,12,0.6171132672059579,0.5814072932717,0.23880827507046637,0.4135,0.015332544091451605,0.6702262250093
5001,2,88,50,False,12,5,21,4,M5_frozen,True,12,R1_raw21,67.18,1,0.6025261620441705,0.5763963790446841,0.24375829446484149,0.4184,0.03879304808929686,0.6812247911417777,105,93,5000,18,12,0.6326710564329738,0.5987737544940934,0.23667754185713288,0.397,0.01590118419174649,0.6661356876426885
5002,2,88,15,False,0,5,21,0,M3_product,False,12,R1_raw21,19.23,0,0.5977478171545968,0.5742648947098099,0.24255236592144175,0.4216,0.01754392848665773,0.6781506632387511,105,105,5000,4,0,0.6199270913585002,0.5774589111453519,0.23825428043836533,0.4185,0.013705788409187994,0.669147261349075
5002,2,88,15,False,0,5,21,4,M4_entangled,False,12,R1_raw21,22.34,2,0.5873252118644068,0.5673022598870057,0.2442355755661646,0.4276,0.02263388744904352,0.6816485117926957,105,105,5000,20,14,0.6123934659090909,0.584023497688752,0.23969966766767412,0.4105,0.020459755733593616,0.6722977550446145
5002,2,88,15,False,12,5,21,4,M5_frozen,True,12,R1_raw21,19.93,2,0.5883593348741654,0.5670261941448382,0.24424418961243335,0.4282,0.02471976386333127,0.6817483327062122,105,93,5000,20,14,0.6102146330893683,0.5884935156651259,0.2403763534289422,0.4075,0.019306497001332912,0.6737419898799852
5003,2,88,18,False,0,5,21,0,M3_product,False,12,R1_raw21,26.12,0,0.6059601309707242,0.573356445814073,0.24159324139926167,0.4218,0.029351746175523767,0.6762003446007359,105,105,5000,4,0,0.6295081375192604,0.582972200821777,0.2359476889068046,0.4125,0.02567186866560429,0.6639331578486437
5003,2,88,23,False,0,5,21,4,M4_entangled,False,12,R1_raw21,36.03,1,0.6077160374935798,0.5763867488443759,0.24169275021380213,0.4186,0.03084230378182942,0.6767698854145107,105,105,5000,17,12,0.6238845017976373,0.5902751027221367,0.23810648839704504,0.4055,0.01765319520917795,0.6692101686426021
5003,2,88,14,False,12,5,21,4,M5_frozen,True,12,R1_raw21,17.09,1,0.5979251733436055,0.5718445043656908,0.24237203405217478,0.4252,0.030149641841313798,0.6778104439183514,105,93,5000,17,12,0.61660968798151,0.5874823446327684,0.2391766851920159,0.411,0.023962828711972518,0.6712262009455621
5004,2,88,10,False,0,5,21,0,M3_product,False,12,R1_raw21,13.77,0,0.5772494542886493,0.5437756805341551,0.24507883849723183,0.4472,0.025073948097189727,0.6832484558310663,105,105,5000,4,0,0.6058820460965588,0.5725154083204931,0.2405893656425931,0.4185,0.010841902830319841,0.6740191641178224
5004,2,88,19,False,0,5,21,4,M4_entangled,False,12,R1_raw21,35.3,1,0.6146252247046738,0.5787108371854135,0.23995991650407386,0.4156,0.022705055997379663,0.6728453599127764,105,105,5000,17,12,0.6367267751669234,0.5901065742167437,0.23537176373961194,0.4055,0.016555624453757835,0.6631464145335819
5004,2,88,19,False,12,5,21,4,M5_frozen,True,12,R1_raw21,28.08,1,0.6113967000513612,0.5742199537750385,0.2405931631534503,0.4202,0.028925286363996282,0.6740586706402831,105,93,5000,17,12,0.6421648289034412,0.6007720210580381,0.23423855767874033,0.394,0.022130374841708676,0.6605843100438269
,2,,,False,,,21,,M0_class_prior,,,R1_raw21,0.0,,0.5,0.5,0.24921599999999994,0.472,1.1102230246251565e-16,0.691578359988849,0,0,10000,,,0.5,0.5,0.24921599999999994,0.472,2.220446049250313e-16,0.6915783599888489
,2,,,False,,,21,,M1_logreg,,,R1_raw21,0.02,,0.5850755970724191,0.5502856959424756,0.24364995048278223,0.4422,0.017081458089746877,0.6801451993818175,22,22,10000,,,0.5966852048022598,0.56347104519774,0.2415388477178604,0.429,0.006761820934752606,0.6758458880641321
,2,,,False,,,21,,M2_mlp,,,R1_raw21,3.41,,0.60154677067283,0.5743130457113508,0.2419540186142888,0.4192,0.020775099289918216,0.6768256079886327,93,93,10000,,,0.6259921112609143,0.5849142912172574,0.23680979985701436,0.4095,0.005858354783246916,0.6659607952934464
5000,2,88,50,False,0,5,21,0,M3_product,False,12,R1_raw21,164.2,0,0.6244873523369286,0.5855900102722137,0.23806453612133865,0.409,0.020087238595149836,0.6691148748360535,105,105,10000,4,0,0.6424105996404725,0.5931481124807396,0.23368359670379568,0.403,0.023712790895668343,0.6595546692036799
5000,2,88,50,False,0,5,21,8,M4_entangled,False,12,R1_raw21,182.25,5,0.6283800398048279,0.5854327170005136,0.2364724205850671,0.4104,0.025014987839885584,0.6652341685103115,105,105,10000,38,32,0.6476961752054443,0.608813238315357,0.2327042300084584,0.388,0.014851674621751703,0.6576833821047353
5000,2,88,37,False,12,5,21,8,M5_frozen,True,12,R1_raw21,110.34,5,0.6138101887519261,0.5804635336414997,0.2397474409802062,0.4142,0.0211968393029825,0.6723002944643328,105,93,10000,38,32,0.6311342369671289,0.580572675911659,0.23642628198925048,0.4145,0.02836909136483214,0.6654275464671402
5001,2,88,50,False,0,5,21,0,M3_product,False,12,R1_raw21,153.78,0,0.6253958012326656,0.5885208012326657,0.23751526158261185,0.406,0.011232821965079109,0.667674044279485,105,105,10000,4,0,0.6359332867873652,0.5956118387262456,0.23468747896593925,0.3985,0.01388916185733506,0.6614381211893718
5001,2,88,18,False,0,5,21,4,M4_entangled,False,12,R1_raw21,65.87,1,0.6238008795582948,0.5917501284026707,0.2376811263649636,0.4024,0.01508557354404932,0.667940392754317,105,105,10000,18,12,0.6435792645737032,0.6086848356445814,0.23340222104581673,0.386,0.024134031147974123,0.6590066664035628
5001,2,88,18,False,12,5,21,4,M5_frozen,True,12,R1_raw21,53.68,1,0.6248793014894709,0.5836671802773498,0.2375558078209473,0.4102,0.016795900880619045,0.6677497978928492,105,93,10000,18,12,0.6442935044298921,0.6045839753466872,0.23343011501029096,0.3895,0.016021671868923018,0.659035680327178
5002,2,88,18,False,0,5,21,0,M3_product,False,12,R1_raw21,51.5,0,0.6332880713918849,0.5954192347200822,0.23639199023411483,0.399,0.0200837712455376,0.6655327236073557,105,105,10000,4,0,0.649364406779661,0.6007960965588084,0.23261852378902922,0.3935,0.013143632092521442,0.6575767292221671
5002,2,88,16,False,0,5,21,4,M4_entangled,False,12,R1_raw21,51.93,2,0.6304073574730354,0.595178479712378,0.23637604100726003,0.4012,0.019856372040796176,0.6652488641943141,105,105,10000,20,14,0.6510356477914742,0.6068310220852593,0.23201321253531368,0.3895,0.02168984689153339,0.6559460728254011
5002,2,88,19,False,12,5,21,4,M5_frozen,True,12,R1_raw21,52.08,2,0.633268971494607,0.5936569080636878,0.23579619130437796,0.402,0.013614421846382684,0.6641174455086944,105,93,10000,20,14,0.6462055004494094,0.6013097072419107,0.23271391520691728,0.3945,0.011214571347622892,0.6573086153696848
5003,2,88,16,False,0,5,21,0,M3_product,False,12,R1_raw21,48.86,0,0.6199298600410889,0.5874229583975347,0.23846322771812092,0.4092,0.015752610847321675,0.6696984728309511,105,105,10000,4,0,0.6287858724961479,0.5844889573703134,0.23646071337244312,0.4125,0.017016059194122583,0.6654376994089455
5003,2,88,20,False,0,5,21,4,M4_entangled,False,12,R1_raw21,65.35,1,0.6257152028762198,0.5908802003081663,0.23784327610746614,0.4032,0.016663368629996372,0.668555452205337,105,105,10000,17,12,0.6424537349126862,0.596318053415511,0.23374881136052297,0.399,0.012217311903087408,0.6596217563006587
5003,2,88,50,False,12,5,21,4,M5_frozen,True,12,R1_raw21,136.01,1,0.6120563687724705,0.5784829224447868,0.23988925273126638,0.4152,0.01680655618660947,0.672652979938506,105,93,10000,17,12,0.6322587634822805,0.5930758859784283,0.23606933832806834,0.401,0.011578018822867202,0.6648461276396789
5004,2,88,50,False,0,5,21,0,M3_product,False,12,R1_raw21,150.22,0,0.6247642205957884,0.5916313559322034,0.2375428537043972,0.4044,0.014191241070364593,0.6678093091151862,105,105,10000,4,0,0.6283585323574731,0.5989503081664098,0.23720728981917288,0.398,0.021692642961695235,0.6672819574274661
5004,2,88,50,False,0,5,21,4,M4_entangled,False,12,R1_raw21,168.72,1,0.6336536979969183,0.5923151001540832,0.23623873281513216,0.4028,0.013269116064308098,0.6652637198998331,105,105,10000,17,12,0.6539227015921931,0.6146555598356446,0.23170380910047952,0.381,0.018549516736760176,0.6556617161909333
5004,2,88,21,False,12,5,21,4,M5_frozen,True,12,R1_raw21,58.62,1,0.6219051746276323,0.5835355675398048,0.23867384325200783,0.4106,0.019763152995557344,0.6702646752508483,105,93,10000,17,12,0.6381091101694916,0.5913825757575757,0.23533786068552262,0.4035,0.026072811192578694,0.6633475141846202
,3,,,False,,,21,,M0_class_prior,,,R1_raw21,0.0,,0.5,0.5,0.24921599999999994,0.472,1.1102230246251565e-16,0.691578359988849,0,0,500,,,0.5,0.5,0.24921599999999994,0.472,2.220446049250313e-16,0.6915783599888489
,3,,,False,,,21,,M1_logreg,,,R1_raw21,0.01,,0.580861260914227,0.5616429121725732,0.24520906383880037,0.4308,0.02269928873882994,0.6839369481170239,22,22,500,,,0.5738084633410375,0.5564490241397021,0.24718037699225795,0.436,0.03172028491358673,0.6885920988358872
,3,,,False,,,21,,M2_mlp,,,R1_raw21,0.14,,0.5744724255264511,0.5507062146892655,0.2462970659447993,0.4428,0.03179129779751644,0.6859368963348761,93,93,500,,,0.5720680052645095,0.5569305341551104,0.24680698586367772,0.4365,0.03795160981405485,0.6871972920534366
5000,3,88,13,False,0,5,21,0,M3_product,False,12,R1_raw21,2.02,0,0.5788432524396507,0.5501251926040062,0.24445305685275717,0.439,0.009229071260562412,0.6819595086422638,105,105,500,4,0,0.5759040350539292,0.5525006420133539,0.2452718355471846,0.4375,0.016119068347644743,0.6837178267850379
5000,3,88,14,False,0,5,21,8,M4_entangled,False,12,R1_raw21,3.0,5,0.570863668464304,0.5472778633795583,0.24553335936797677,0.444,0.01683226079988854,0.6841791070027995,105,105,500,38,32,0.5661865610554699,0.5457675269645609,0.24585340388301255,0.4455,0.023333027586200976,0.6848793916714433
5000,3,88,14,False,12,5,21,8,M5_frozen,True,12,R1_raw21,2.83,5,0.5713485490498202,0.5475571391884951,0.2454608894035221,0.4438,0.01732135573101907,0.6840280951267896,105,93,500,38,32,0.5665135866076014,0.5478299948638932,0.24577044655491154,0.4435,0.026307630268603117,0.6847089992097404
5001,3,88,14,False,0,5,21,0,M3_product,False,12,R1_raw21,2.27,0,0.5743940998972779,0.5481895223420648,0.24519715580085286,0.4428,0.015802465454963846,0.6834467953581994,105,105,500,4,0,0.5660491300719055,0.5458798793014895,0.24690044338637193,0.4455,0.01810519098896236,0.6872021232209398
5001,3,88,16,False,0,5,21,4,M4_entangled,False,12,R1_raw21,2.81,1,0.5431789291217257,0.5104327170005136,0.24776003081989312,0.4658,0.011802150664684666,0.6886381633552248,105,105,500,18,12,0.5277490209296354,0.5022309964047252,0.24868172296709146,0.4735,0.010915281550121125,0.6905056706412275
5001,3,88,18,False,12,5,21,4,M5_frozen,True,12,R1_raw21,2.93,1,0.5435923857216229,0.5175269645608629,0.2476401446655761,0.4622,0.0104948345260233,0.688392719464575,105,93,500,18,12,0.5279085211222393,0.5033705701078582,0.24873226588950975,0.4755,0.015064601433840231,0.6906060250156774
5002,3,88,13,False,0,5,21,0,M3_product,False,12,R1_raw21,2.69,0,0.5562926938880329,0.5351662814586544,0.2472821859689074,0.458,0.02113732177177079,0.6877554384386252,105,105,500,4,0,0.5565322852465331,0.5399011299435028,0.24768375974777737,0.453,0.024019587358143343,0.6886844518103915
5002,3,88,13,False,0,5,21,4,M4_entangled,False,12,R1_raw21,2.8,2,0.5806863122752953,0.5589239856189009,0.24439407752964717,0.4322,0.018162772173692214,0.6818737451460642,105,105,500,20,14,0.5720820493066255,0.5483837313816128,0.2457394627141507,0.4425,0.01828304475411251,0.6847425174982675
5002,3,88,13,False,12,5,21,4,M5_frozen,True,12,R1_raw21,1.7,2,0.5818202683615818,0.5585484078068824,0.2442891534564506,0.433,0.017610462517236664,0.681660938841112,105,93,500,20,14,0.5728655062275295,0.5426778376990241,0.24566774051525456,0.449,0.020482744105517724,0.6845934269026234
5003,3,88,12,False,0,5,21,0,M3_product,False,12,R1_raw21,1.9,0,0.5808135914227016,0.5567218798151001,0.24401960788047927,0.435,0.005758148690313194,0.6810553409264617,105,105,500,4,0,0.567478612930149,0.5407517976373909,0.24571816192515444,0.4505,0.010430597300782685,0.6845587110274685
5003,3,88,11,False,0,5,21,4,M4_entangled,False,12,R1_raw21,1.71,1,0.5764390729327171,0.5547701592193117,0.24454736992446843,0.4368,0.010070689902724368,0.682146379991602,105,105,500,17,12,0.5689622656651259,0.54590395480226,0.24544590658394894,0.445,0.008825030660310908,0.6839882242857083
5003,3,88,11,False,12,5,21,4,M5_frozen,True,12,R1_raw21,1.52,1,0.5781280495634309,0.5557428094504365,0.24437199082569086,0.4362,0.008969475004225097,0.6817864548921331,105,93,500,17,12,0.5692902943631227,0.5486646122239343,0.2454675615928011,0.4425,0.010707912816321604,0.6840365178951754
5004,3,88,17,False,0,5,21,0,M3_product,False,12,R1_raw21,3.5,0,0.5764435670261941,0.5482794042116076,0.2456155769404811,0.4456,0.031372377376538835,0.6844377298532769,105,105,500,4,0,0.5694477882639959,0.5449248844375963,0.24727566168286194,0.449,0.03443519815220532,0.6881719785387082
5004,3,88,17,False,0,5,21,4,M4_entangled,False,12,R1_raw21,3.33,1,0.567854551874679,0.5427966101694915,0.24585233397876072,0.4484,0.008365913689274498,0.6848279021233291,105,105,500,17,12,0.5657200982280431,0.5562965459681561,0.24674927919376416,0.4345,0.03649176877890652,0.6867800264582463
5004,3,88,23,False,12,5,21,4,M5_frozen,True,12,R1_raw21,3.0,1,0.5743782100667694,0.552080123266564,0.24540512577917625,0.4432,0.018230052883897275,0.6839680599556103,105,93,500,17,12,0.5736118467514124,0.5522358115048793,0.24634668654767142,0.443,0.03083746941640027,0.6861183170028841
,3,,,False,,,21,,M0_class_prior,,,R1_raw21,0.0,,0.5,0.5,0.24921599999999994,0.472,1.1102230246251565e-16,0.691578359988849,0,0,2000,,,0.5,0.5,0.24921599999999994,0.472,2.220446049250313e-16,0.6915783599888489
,3,,,False,,,21,,M1_logreg,,,R1_raw21,0.01,,0.590585355675398,0.5625545711350796,0.24305359883230035,0.431,0.02092807260724791,0.6790254298399653,22,22,2000,,,0.5806960628531073,0.5583750642013354,0.2454459484506604,0.4345,0.022425893687447455,0.6841753946217832
,3,,,False,,,21,,M2_mlp,,,R1_raw21,0.37,,0.589556850282486,0.5635079609655881,0.24326881360020824,0.4336,0.018267279496888233,0.6794545755390151,93,93,2000,,,0.5821104985233693,0.5618579866461223,0.24490043609714268,0.4345,0.017898299375063546,0.6829237621251235
5000,3,88,10,False,0,5,21,0,M3_product,False,12,R1_raw21,6.63,0,0.5872154275808936,0.5584681561376477,0.24331125393943334,0.4314,0.006850182294232229,0.6796192568897863,105,105,2000,4,0,0.578998740048793,0.5466984463276836,0.24462968483751346,0.4425,0.004783606038372566,0.6823080423272474
5000,3,88,9,False,0,5,21,8,M4_entangled,False,12,R1_raw21,6.52,5,0.5872929506933744,0.5617135336414998,0.2438529370708604,0.4312,0.019322709515519607,0.6807323496618097,105,105,2000,38,32,0.5892107649589111,0.5572916666666667,0.24399792977590892,0.436,0.018463512601294335,0.6810291359144278
5000,3,88,10,False,12,5,21,8,M5_frozen,True,12,R1_raw21,6.36,5,0.587059257832563,0.5582402413970211,0.24332498037348924,0.4338,0.0066210073252843706,0.6796097091004965,105,93,2000,38,32,0.5807532421674371,0.5546594119157678,0.2444809978358024,0.437,0.012399978164837242,0.6819703501561875
5001,3,88,10,False,0,5,21,0,M3_product,False,12,R1_raw21,5.99,0,0.5800595467385722,0.5547894196199281,0.244244960184311,0.4336,0.012253894432399727,0.6815201095123686,105,105,2000,4,0,0.5808635882126347,0.5387695814072933,0.24457935922596055,0.4485,0.020774149168359214,0.6821817237655331
5001,3,88,13,False,0,5,21,4,M4_entangled,False,12,R1_raw21,10.44,1,0.5940658705701078,0.5535792244478686,0.2428168527431897,0.4368,0.01382116764298865,0.6786054344236297,105,105,2000,18,12,0.5671214930020545,0.5362015279917822,0.24549479198148508,0.454,0.013834104797456462,0.6840392030552066
5001,3,88,16,False,12,5,21,4,M5_frozen,True,12,R1_raw21,10.13,1,0.6005078325629173,0.5666762968669748,0.2424877693384574,0.421,0.026008521665580615,0.6779669014542147,105,93,2000,18,12,0.5628922300333847,0.5418351951720596,0.24590992216982574,0.4455,0.018940628950836282,0.6848751183788936
5002,3,88,12,False,0,5,21,0,M3_product,False,12,R1_raw21,7.07,0,0.5871375834617361,0.562904468412943,0.24369224661297403,0.434,0.02152586502226239,0.6803741677160604,105,105,2000,4,0,0.5792465170775551,0.5677645095017977,0.24522098296440503,0.4285,0.017922132489102623,0.6836112573292503
5002,3,88,13,False,0,5,21,4,M4_entangled,False,12,R1_raw21,9.64,2,0.5911286594761171,0.5690645865434001,0.24339272781706364,0.4246,0.023123499594353163,0.6799258321452704,105,105,2000,20,14,0.5848089609013867,0.5560317154596816,0.24474685653456488,0.4365,0.022856373939329412,0.6827768923426155
5002,3,88,13,False,12,5,21,4,M5_frozen,True,12,R1_raw21,6.9,2,0.5933731381612737,0.5711479198767334,0.24298734048231554,0.4224,0.02175263270632366,0.6790791221189583,105,93,2000,20,14,0.5869827779917822,0.5606301361068311,0.24447409254114488,0.432,0.02021960892660958,0.6822151987031939
5003,3,88,13,False,0,5,21,0,M3_product,False,12,R1_raw21,8.23,0,0.5912042565485363,0.5654500513610683,0.24289128308511007,0.4278,0.008373086667735188,0.6787675606331115,105,105,2000,4,0,0.5800359928736518,0.559490562403698,0.24463022909349064,0.4335,0.013936456339368866,0.6823398917741943
5003,3,88,13,False,0,5,21,4,M4_entangled,False,12,R1_raw21,8.5,1,0.6029792629686698,0.5729038263995891,0.24132712976561715,0.42,0.006025200453099023,0.6755958009496963,105,105,2000,17,12,0.5901005553415511,0.5611597971237802,0.24346342754564132,0.4315,0.01665115582369552,0.6799705835341568
5003,3,88,13,False,12,5,21,4,M5_frozen,True,12,R1_raw21,6.4,1,0.601872592449923,0.5667148176682075,0.24145654089874824,0.4258,0.01130408389631828,0.6758515562259936,105,93,2000,17,12,0.5878575211864407,0.5638562532100667,0.24404750240385875,0.428,0.017284230283105773,0.6812092053163153
5004,3,88,14,False,0,5,21,0,M3_product,False,12,R1_raw21,8.76,0,0.5912100346687211,0.5636171032357473,0.2429396017138372,0.4332,0.022007265258274577,0.6787755770418459,105,105,2000,4,0,0.5800139236646122,0.5644741910631741,0.24529092418906948,0.4315,0.02456871803294032,0.6837888644729351
5004,3,88,16,False,0,5,21,4,M4_entangled,False,12,R1_raw21,10.74,1,0.6093557395993837,0.5823767334360554,0.2407777818771218,0.4132,0.01502711058642518,0.6745819351744851,105,105,2000,17,12,0.5985380152157165,0.5757495505906522,0.2429246944594792,0.419,0.02612846393914916,0.6791763642595094
5004,3,88,13,False,12,5,21,4,M5_frozen,True,12,R1_raw21,6.15,1,0.5980757254750899,0.5685317154596816,0.24203735523629638,0.4254,0.012135352378939826,0.6770367248825945,105,93,2000,17,12,0.5914096606959425,0.572563559322034,0.2433693535137842,0.421,0.01740944043323417,0.6798569780414062
,3,,,False,,,21,,M0_class_prior,,,R1_raw21,0.0,,0.5,0.5,0.24921599999999994,0.472,1.1102230246251565e-16,0.691578359988849,0,0,5000,,,0.5,0.5,0.24921599999999994,0.472,2.220446049250313e-16,0.6915783599888489
,3,,,False,,,21,,M1_logreg,,,R1_raw21,0.01,,0.5923507318952235,0.5652221366204417,0.24264922227608485,0.4288,0.01739967213315687,0.6781971155775803,22,22,5000,,,0.5827775905238829,0.5555100796096559,0.24491441478393403,0.438,0.024552393040375944,0.6830209095337741
,3,,,False,,,21,,M2_mlp,,,R1_raw21,0.55,,0.5864552837699024,0.5527638674884437,0.24338410666135618,0.436,0.00982167810408129,0.6797260066290539,93,93,5000,,,0.5818817812660504,0.5370521956856702,0.24422157171529119,0.4515,0.020517147255817603,0.6813762200461185
5000,3,88,16,False,0,5,21,0,M3_product,False,12,R1_raw21,24.14,0,0.6148597200821777,0.5762037750385207,0.2390163512562569,0.4196,0.01962873086376914,0.6707382943006202,105,105,5000,4,0,0.6209834039548022,0.5825308166409862,0.23822426187278353,0.4135,0.01966668507644634,0.6691336964261438
5000,3,88,23,False,0,5,21,8,M4_entangled,False,12,R1_raw21,39.59,5,0.6097362930148947,0.571234591679507,0.24031371417173558,0.4248,0.025861184484412447,0.6735015007241121,105,105,5000,38,32,0.6031013257575757,0.5658946456086287,0.24209181905681315,0.43,0.030282180134398175,0.6774472104517831
5000,3,88,29,False,12,5,21,8,M5_frozen,True,12,R1_raw21,40.58,5,0.6106012455059066,0.574496019517206,0.2400933163027895,0.421,0.01970992097544406,0.6729791834567219,105,93,5000,38,32,0.6020510320364664,0.5714641114535183,0.2425392261983486,0.424,0.024800653227750526,0.6782994809435493
5001,3,88,17,False,0,5,21,0,M3_product,False,12,R1_raw21,24.69,0,0.6119071006676938,0.5788906009244992,0.23976504912359722,0.4156,0.018044014926139294,0.6724003182660048,105,105,5000,4,0,0.6120263145223421,0.5854921032357473,0.2408459235967389,0.408,0.022440474764526826,0.6750211106116994
5001,3,88,12,False,0,5,21,4,M4_entangled,False,12,R1_raw21,20.84,1,0.6077455701078582,0.5782389573703133,0.24060094873383178,0.4198,0.023687072896749803,0.6740489878982725,105,105,5000,18,12,0.600293520480226,0.5635673472008218,0.24165164350931198,0.434,0.01869525326946771,0.6761888077478514
5001,3,88,17,False,12,5,21,4,M5_frozen,True,12,R1_raw21,24.89,1,0.6031128017462764,0.5779949922958397,0.24097702312858038,0.416,0.017319248256866728,0.6749469065700602,105,93,5000,18,12,0.6041867295839753,0.574537750385208,0.2415381533519102,0.4185,0.014482553110300039,0.6761481279857561
5002,3,88,10,False,0,5,21,0,M3_product,False,12,R1_raw21,14.31,0,0.5958463341037493,0.5645255521314844,0.24217644461287535,0.426,0.014572300306668383,0.6772588365356159,105,105,5000,4,0,0.5898778569594247,0.5549242424242424,0.24313123264788472,0.435,0.02139228571226256,0.6791938315445961
5002,3,88,19,False,0,5,21,4,M4_entangled,False,12,R1_raw21,30.71,2,0.6134635015408321,0.5795647149460709,0.23992507971465202,0.417,0.020340056830375187,0.6727843864342475,105,105,5000,20,14,0.6182147213662044,0.581832627118644,0.23934512762355267,0.414,0.01900304118588404,0.671821845926662
5002,3,88,15,False,12,5,21,4,M5_frozen,True,12,R1_raw21,19.42,2,0.607581054185927,0.5770480225988701,0.2406203571673283,0.417,0.012982383081747432,0.6740976465440514,105,93,5000,20,14,0.6045177677195686,0.5708060477657935,0.24175118898084078,0.4225,0.022844092783693874,0.6765853008516175
5003,3,88,21,False,0,5,21,0,M3_product,False,12,R1_raw21,28.35,0,0.6068140087313816,0.5749871597329225,0.24102531320281873,0.422,0.028119251145326842,0.6749498702402097,105,105,5000,4,0,0.6081872752953261,0.575677324088341,0.24137299708769655,0.4205,0.030990932309190224,0.6762455983801827
5003,3,88,14,False,0,5,21,4,M4_entangled,False,12,R1_raw21,18.3,1,0.6111419812532101,0.5805758859784284,0.23964886453092782,0.4128,0.01510764416042123,0.6720472916314375,105,105,5000,17,12,0.6012254429892141,0.5742889702105803,0.24219398665917183,0.419,0.015465085523840802,0.677614693572942
5003,3,88,14,False,12,5,21,4,M5_frozen,True,12,R1_raw21,15.45,1,0.6049861967128917,0.5743162557781202,0.2406261223358581,0.4196,0.01255809399189052,0.6740364581475633,105,93,5000,17,12,0.5959559177580893,0.5687516050333847,0.24286462247338847,0.4255,0.01593937038653502,0.6789354146701405
5004,3,88,9,False,0,5,21,0,M3_product,False,12,R1_raw21,11.18,0,0.590336414997432,0.5634887005649718,0.24292900105836762,0.4256,0.010558828450949421,0.6788335947683367,105,105,5000,4,0,0.5819730675398049,0.5432155238828968,0.2440098732104213,0.446,0.015331614258309536,0.6810014055993081
5004,3,88,16,False,0,5,21,4,M4_entangled,False,12,R1_raw21,21.99,1,0.6128030303030303,0.5830026964560863,0.23972464760573056,0.4114,0.024830472327749424,0.6723220800768808,105,105,5000,17,12,0.6152113026450952,0.5872817154596816,0.24011425050286653,0.407,0.015875621966970246,0.67346498882589
5004,3,88,17,False,12,5,21,4,M5_frozen,True,12,R1_raw21,23.37,1,0.6099003274268104,0.5752407550077041,0.24055124455313834,0.4228,0.0327550298626601,0.6738805694243273,105,93,5000,17,12,0.6168975908448895,0.588870698510529,0.23984741738528748,0.409,0.019129413715428464,0.6728125747095977
,3,,,False,,,21,,M0_class_prior,,,R1_raw21,0.0,,0.5,0.5,0.24921599999999994,0.472,1.1102230246251565e-16,0.691578359988849,0,0,10000,,,0.5,0.5,0.24921599999999994,0.472,2.220446049250313e-16,0.6915783599888489
,3,,,False,,,21,,M1_logreg,,,R1_raw21,0.02,,0.5969252375449409,0.5668335901386748,0.24195535807462634,0.4266,0.009926613004105972,0.6767020763461753,22,22,10000,,,0.588803487737545,0.5533111838726246,0.24363423398126544,0.4405,0.021103348271973257,0.6803401015434968
,3,,,False,,,21,,M2_mlp,,,R1_raw21,3.04,,0.6264629879301489,0.5872078839239856,0.23685207503394176,0.4062,0.0205120632251385,0.6662458652585765,93,93,10000,,,0.6164140745377503,0.5754526194144838,0.2397163056668614,0.417,0.021038434460227167,0.6728198730097674
5000,3,88,37,False,0,5,21,0,M3_product,False,12,R1_raw21,107.74,0,0.6440713276836159,0.6076688495120699,0.23403551942585274,0.3882,0.021401776089667132,0.6607907771652993,105,105,10000,4,0,0.6419411273754494,0.6049852336928607,0.23550754610689334,0.3905,0.02426741076671411,0.6651495513665936
5000,3,88,50,False,0,5,21,8,M4_entangled,False,12,R1_raw21,165.43,5,0.6350746340523883,0.59679635336415,0.2355365875524527,0.3984,0.018316132935238198,0.6636343484464118,105,105,10000,38,32,0.6512352738186954,0.6182508346173601,0.23293337281709622,0.3775,0.03143249594567775,0.6587987015522022
5000,3,88,21,False,12,5,21,8,M5_frozen,True,12,R1_raw21,57.22,5,0.634251893939394,0.5903248587570622,0.2353465568753762,0.4054,0.023776655586084192,0.6630732171727142,105,93,10000,38,32,0.6336160198382126,0.6045759501797638,0.2375311274222687,0.392,0.03413833073888151,0.6690414598148827
5001,3,88,11,False,0,5,21,0,M3_product,False,12,R1_raw21,30.71,0,0.6279592000513611,0.5965395480225988,0.23714759143582642,0.4014,0.02524665982002442,0.6669343777003107,105,105,10000,4,0,0.6184614952491012,0.5833493836671804,0.23909561503724985,0.414,0.018852694904055764,0.6710807499728267
5001,3,88,50,False,0,5,21,4,M4_entangled,False,12,R1_raw21,157.31,1,0.6460994478685157,0.6003145865434001,0.23307161091528805,0.3944,0.009998301446935079,0.6583959191841396,105,105,10000,18,12,0.6523307091037494,0.6141499743194658,0.2324888389876818,0.381,0.02346900578994876,0.6577469543419603
5001,3,88,24,False,12,5,21,4,M5_frozen,True,12,R1_raw21,61.06,1,0.6382251540832049,0.5961543400102722,0.23478091347931732,0.3996,0.013860730785969468,0.6619899773148531,105,93,10000,18,12,0.6449796562018489,0.6093107986646122,0.23385932358703734,0.387,0.018862823408025333,0.6603965442453406
5002,3,88,22,False,0,5,21,0,M3_product,False,12,R1_raw21,49.29,0,0.6189615434001026,0.5824730354391371,0.23779408306766822,0.4126,0.0217500318166533,0.6681030645732006,105,105,10000,4,0,0.6170560878916281,0.5747143040575244,0.23846622193268135,0.4195,0.013558769752059788,0.6694771279539186
5002,3,88,26,False,0,5,21,4,M4_entangled,False,12,R1_raw21,70.19,2,0.6205502054442733,0.5863893168977914,0.23809247868356234,0.4106,0.02530674700350303,0.6687493167897334,105,105,10000,20,14,0.6238463822547509,0.5949136492039034,0.23875576349590943,0.4025,0.019244500541362425,0.6713414901927821
5002,3,88,50,False,12,5,21,4,M5_frozen,True,12,R1_raw21,105.71,2,0.6353303158705701,0.5948992039034412,0.23562579519458704,0.4014,0.017360034064390104,0.6636669342743805,105,93,10000,20,14,0.6396730145737032,0.5970162429378532,0.23490190456338678,0.3985,0.017642509216443725,0.6625850628568094
5003,3,88,13,False,0,5,21,0,M3_product,False,12,R1_raw21,30.52,0,0.6213917244478685,0.5778954802259887,0.23794204966447086,0.4148,0.016980373731504312,0.6684501244785178,105,105,10000,4,0,0.6209693599126862,0.5874983949666153,0.23882839687495208,0.406,0.018659455439792992,0.67082700108395
5003,3,88,25,False,0,5,21,4,M4_entangled,False,12,R1_raw21,61.44,1,0.6171772277863379,0.5834938366718028,0.23878566802235687,0.4124,0.01038260117415263,0.6702744588116172,105,105,10000,17,12,0.6262278505392912,0.586848356445814,0.23725175273707816,0.409,0.013963594500812236,0.6671820276658523
5003,3,88,15,False,12,5,21,4,M5_frozen,True,12,R1_raw21,31.14,1,0.6233659155110427,0.5897727272727273,0.23751504613426597,0.4066,0.010871552440103587,0.6675333859463638,105,93,10000,17,12,0.6276693711479199,0.5896972907036466,0.237102458979481,0.407,0.010828273912974522,0.6669054500595544
5004,3,88,50,False,0,5,21,0,M3_product,False,12,R1_raw21,115.42,0,0.6169875128402671,0.5815934771443246,0.23891784893362147,0.4136,0.014626477520322331,0.6704617103661153,105,105,10000,4,0,0.6337604728428351,0.5899219953775039,0.2363946312390233,0.4035,0.01721768056064506,0.6655533760009753
5004,3,88,50,False,0,5,21,4,M4_entangled,False,12,R1_raw21,142.81,1,0.640233211350796,0.6006773240883411,0.23446654592800142,0.3962,0.015228790381840725,0.6611956651077838,105,105,10000,17,12,0.640130449088341,0.5987256034925527,0.23448584774087855,0.398,0.018027941904593753,0.6614144260776195
5004,3,88,15,False,12,5,21,4,M5_frozen,True,12,R1_raw21,31.96,1,0.6250537686183872,0.5843766050333847,0.23699408547741505,0.4104,0.01589135609807557,0.6664142282585612,105,93,10000,17,12,0.6349772887776065,0.6007960965588084,0.23595430575390894,0.3935,0.01381323721797968,0.6646672635035011
,4,,,False,,,21,,M0_class_prior,,,R1_raw21,0.0,,0.5,0.5,0.24921599999999994,0.472,1.1102230246251565e-16,0.691578359988849,0,0,500,,,0.5,0.5,0.24921599999999994,0.472,2.220446049250313e-16,0.6915783599888489
,4,,,False,,,21,,M1_logreg,,,R1_raw21,0.02,,0.5560363700564972,0.5381163328197227,0.24998855482755197,0.456,0.044537316835167096,0.6938453019791512,22,22,500,,,0.5579366894581407,0.5375016050333847,0.24856722585254648,0.455,0.04445994849743003,0.6902392721242226
,4,,,False,,,21,,M2_mlp,,,R1_raw21,1.51,,0.5470427259887005,0.5253370570107858,0.2483480487610609,0.468,0.02885309738274356,0.6898516241415164,93,93,500,,,0.5554448751284027,0.542011748844376,0.24731204051449396,0.45,0.010436183352889074,0.6877756889684131
5000,4,88,16,False,0,5,21,0,M3_product,False,12,R1_raw21,2.3,0,0.5409935156651259,0.523571520287622,0.24937745382074186,0.4678,0.033385117230100264,0.692022813543439,105,105,500,4,0,0.543851518361582,0.5164997431946584,0.2487435714092771,0.4735,0.039442007429877426,0.6906692677590069
5000,4,88,13,False,0,5,21,8,M4_entangled,False,12,R1_raw21,2.28,5,0.5548847586029789,0.5427356189008732,0.24702959559127174,0.4464,0.005313577850448996,0.6871886556571831,105,105,500,38,32,0.5683302837699025,0.5454063944530047,0.2455563518914429,0.4425,0.005747173041989724,0.6842121661306928
5000,4,88,13,False,12,5,21,8,M5_frozen,True,12,R1_raw21,2.07,5,0.5580296610169492,0.5406458654340011,0.2467355541389092,0.452,0.010948630801787814,0.6865901374007324,105,93,500,38,32,0.5691889766307139,0.5531506805341551,0.24537931590027087,0.438,0.011752827929047435,0.6838370687020865
5001,4,88,19,False,0,5,21,0,M3_product,False,12,R1_raw21,2.88,0,0.5535485683102208,0.5289740626605033,0.2470917991466411,0.4592,0.01829171787119413,0.6872866047973606,105,105,500,4,0,0.5596570846173601,0.5418030945043657,0.24655444015360647,0.445,0.014432777398507693,0.6861729630674984
5001,4,88,18,False,0,5,21,4,M4_entangled,False,12,R1_raw21,4.35,1,0.5371682395993835,0.5270383923985619,0.24869692327473403,0.4602,0.013735235246645227,0.6905842033436858,105,105,500,18,12,0.554102665960452,0.5347248972778633,0.24692743958252883,0.452,0.007045076270230859,0.6869606980785327
5001,4,88,21,False,12,5,21,4,M5_frozen,True,12,R1_raw21,3.55,1,0.5362076271186441,0.5245056497175141,0.2485633558356747,0.461,0.011896428798053131,0.690301036556945,105,93,500,18,12,0.553251998266564,0.5302227786337955,0.24709182468579155,0.4545,0.008746910155849894,0.6873036552060582
5002,4,88,13,False,0,5,21,0,M3_product,False,12,R1_raw21,2.02,0,0.5569838212634823,0.5335516178736518,0.24659597420473028,0.457,0.012308023034721612,0.6862817859748392,105,105,500,4,0,0.5536542597586029,0.5317876861838726,0.24590787160950728,0.457,0.015679946963106914,0.6847900545862723
5002,4,88,14,False,0,5,21,4,M4_entangled,False,12,R1_raw21,2.55,2,0.5672780238828968,0.5468926553672316,0.24621260071756898,0.4436,0.017005643057609533,0.6855458364497597,105,105,500,20,14,0.5693615177195686,0.54243708269132,0.24563092043333218,0.447,0.02249403590300023,0.6843408358381167
5002,4,88,14,False,12,5,21,4,M5_frozen,True,12,R1_raw21,2.73,2,0.5679112095531587,0.5479070364663585,0.2460808654474879,0.4426,0.016928240042265966,0.6852709378099064,105,93,500,20,14,0.5699784524268106,0.5463934899845917,0.2455057606945784,0.443,0.018556681971641772,0.6840817501117155
5003,4,88,12,False,0,5,21,0,M3_product,False,12,R1_raw21,2.29,0,0.5398202362609141,0.5303030303030303,0.24807349391846,0.4582,0.0024915020122287246,0.6892789994252656,105,105,500,4,0,0.5426607842193117,0.5269003595274782,0.24764370796658425,0.4605,0.002221808055044297,0.6883748649026583
5003,4,88,14,False,0,5,21,4,M4_entangled,False,12,R1_raw21,2.43,1,0.5583967321520288,0.5311857986646122,0.24655301873155266,0.4604,0.02112266978958334,0.6861618454038757,105,105,500,17,12,0.5690334890215717,0.5433118258859784,0.24554842922802236,0.4475,0.007127009194523986,0.6841018025094782
5003,4,88,14,False,12,5,21,4,M5_frozen,True,12,R1_raw21,2.15,1,0.5574059450436569,0.5347168721109399,0.24648770289019448,0.4566,0.014194491619067075,0.6860193382433758,105,93,500,17,12,0.5666991685927067,0.5364824088341038,0.24568848341980956,0.454,0.010310430027921131,0.6843706864693962
5004,4,88,11,False,0,5,21,0,M3_product,False,12,R1_raw21,1.81,0,0.5537955829481254,0.5356060606060606,0.24766915721786628,0.461,0.021548375745291514,0.688465578671284,105,105,500,4,0,0.5525518024524909,0.535824345146379,0.24754239024055286,0.4595,0.018910136108864987,0.6881945730022238
5004,4,88,15,False,0,5,21,4,M4_entangled,False,12,R1_raw21,3.92,1,0.5538835387776065,0.5326592193117616,0.24746176358644198,0.455,0.017323358371928093,0.6880381544673974,105,105,500,17,12,0.5546564024781715,0.5229118515665125,0.24731496199937258,0.464,0.02904290692281933,0.687681787454594
5004,4,88,16,False,12,5,21,4,M5_frozen,True,12,R1_raw21,2.5,1,0.5571008281972265,0.5363636363636364,0.24678041575251095,0.4518,0.00995965562021393,0.6866499886622398,105,93,500,17,12,0.5563135994478685,0.5247255392912172,0.24677932630456687,0.4625,0.029476358097139964,0.6866214518246768
,4,,,False,,,21,,M0_class_prior,,,R1_raw21,0.0,,0.5,0.5,0.24921599999999994,0.472,1.1102230246251565e-16,0.691578359988849,0,0,2000,,,0.5,0.5,0.24921599999999994,0.472,2.220446049250313e-16,0.6915783599888489
,4,,,False,,,21,,M1_logreg,,,R1_raw21,0.02,,0.5742876861838726,0.54753145865434,0.24575003723314093,0.4462,0.030507412348632655,0.6845640537715552,22,22,2000,,,0.5786947868515664,0.5478701206985105,0.244435076848742,0.445,0.03842043876552887,0.6815268142807699
,4,,,False,,,21,,M2_mlp,,,R1_raw21,0.48,,0.5713138803287109,0.5485362095531587,0.24632313096627878,0.4454,0.028011282684339323,0.6857419744461962,93,93,2000,,,0.5777407951335387,0.5417709938366718,0.24455641855318594,0.4515,0.03676139737480228,0.6818960034454928
5000,4,88,20,False,0,5,21,0,M3_product,False,12,R1_raw21,13.66,0,0.5956111967128916,0.5645833333333333,0.2430978031252791,0.429,0.0277182456400125,0.6792352371255216,105,105,2000,4,0,0.6087038954160247,0.572226502311248,0.2400681521346251,0.421,0.02060964519598714,0.6728568327396999
5000,4,88,14,False,0,5,21,8,M4_entangled,False,12,R1_raw21,11.28,5,0.5757516371340524,0.5508795582948125,0.2459672392216549,0.442,0.029668561780881456,0.68512243681211,105,105,2000,38,32,0.5790167966743709,0.5465780688238315,0.24478457177500898,0.445,0.036240782121438456,0.6826039034558605
5000,4,88,12,False,12,5,21,8,M5_frozen,True,12,R1_raw21,8.65,5,0.5698041859270674,0.5450404468412943,0.24627160377398613,0.4494,0.027486659585464774,0.6856585280214735,105,93,2000,38,32,0.5765771459296354,0.5418512455059066,0.24467508918127942,0.451,0.032854707300870804,0.682286661714424
5001,4,88,16,False,0,5,21,0,M3_product,False,12,R1_raw21,11.43,0,0.57684562788906,0.5503980482794042,0.245540619228282,0.4422,0.02733370620235281,0.6842480381592371,105,105,2000,4,0,0.5864220194530047,0.5484158320493067,0.24393494463970716,0.443,0.029884464416481647,0.6808640325146492
5001,4,88,22,False,0,5,21,4,M4_entangled,False,12,R1_raw21,16.91,1,0.5705102401129943,0.5445236260914227,0.24742910435293625,0.4494,0.04609856543237014,0.6883443817756532,105,105,2000,18,12,0.6026880296610169,0.5707819722650231,0.24088248784197708,0.423,0.022376545232418773,0.674452414143065
5001,4,88,22,False,12,5,21,4,M5_frozen,True,12,R1_raw21,12.89,1,0.5643234784283513,0.5471783513097073,0.247315635298821,0.4456,0.029838331161173303,0.687977111338981,105,93,2000,18,12,0.600362737544941,0.5681256420133539,0.2411748770700392,0.4245,0.010582920826898585,0.6751212163346499
5002,4,88,15,False,0,5,21,0,M3_product,False,12,R1_raw21,7.73,0,0.585375096302003,0.5614567282999486,0.24367974878104445,0.4356,0.02272285559151379,0.6800947310714285,105,105,2000,4,0,0.5956519645608629,0.566817539804828,0.24170050078898367,0.4295,0.014025351482690684,0.6760817213746443
5002,4,88,18,False,0,5,21,4,M4_entangled,False,12,R1_raw21,10.6,2,0.5811695878274268,0.55246854134566,0.24464188089532332,0.4426,0.029671807057852873,0.6821541409114806,105,105,2000,20,14,0.5858050847457628,0.553030303030303,0.24352556505092166,0.4405,0.030729283248594783,0.6798074058669265
5002,4,88,14,False,12,5,21,4,M5_frozen,True,12,R1_raw21,8.5,2,0.57923343605547,0.5562596302003082,0.24485549288820543,0.4418,0.02619213880619384,0.6826154340503032,105,93,2000,20,14,0.580033986581921,0.547147855675398,0.2440126002409506,0.4495,0.030160646001922642,0.680757504172562
5003,4,88,14,False,0,5,21,0,M3_product,False,12,R1_raw21,9.16,0,0.5902125064201336,0.5583911145351823,0.24269452260690086,0.4344,0.015690938837959408,0.678132765195238,105,105,2000,4,0,0.5935995281201849,0.5519308551617874,0.2419139833845516,0.44,0.027247695340058924,0.6765814398385086
5003,4,88,24,False,0,5,21,4,M4_entangled,False,12,R1_raw21,18.71,1,0.5982983436055469,0.5642205957883925,0.24245170943699232,0.43,0.025262139724483483,0.6779416468494738,105,105,2000,17,12,0.6028053977272727,0.5717530174627632,0.24147339151718897,0.4215,0.016897330506712223,0.6760465132404031
5003,4,88,50,False,12,5,21,4,M5_frozen,True,12,R1_raw21,30.74,1,0.5907139188495121,0.5596109399075501,0.2441697950116005,0.4352,0.03510462677343552,0.6815091853616275,105,93,2000,17,12,0.5968296578068824,0.5677725346687211,0.24247808225598363,0.426,0.02460167912670774,0.6779044975917677
5004,4,88,13,False,0,5,21,0,M3_product,False,12,R1_raw21,7.63,0,0.572161498459168,0.5491461222393426,0.24551638334273362,0.4444,0.018288801951073935,0.6840162132209451,105,105,2000,4,0,0.5779855627247047,0.5426858628659477,0.24425017045170613,0.45,0.0321687182789354,0.6813311277199942
5004,4,88,15,False,0,5,21,4,M4_entangled,False,12,R1_raw21,9.66,1,0.5898106060606061,0.5557941705187468,0.243298202866518,0.437,0.031478131347301375,0.6793890912191306,105,105,2000,17,12,0.5952507062146892,0.5650841037493579,0.2421645492445896,0.427,0.020055602642240652,0.6770355964882356
5004,4,88,15,False,12,5,21,4,M5_frozen,True,12,R1_raw21,6.45,1,0.5854685092449923,0.5564586543400103,0.24382560303095682,0.4358,0.016919840378391372,0.6806632752905885,105,93,2000,17,12,0.5931751974191063,0.566223677452491,0.24249654159363015,0.4255,0.01295730776449529,0.6778609060246515
,4,,,False,,,21,,M0_class_prior,,,R1_raw21,0.0,,0.5,0.5,0.24921599999999994,0.472,1.1102230246251565e-16,0.691578359988849,0,0,5000,,,0.5,0.5,0.24921599999999994,0.472,2.220446049250313e-16,0.6915783599888489
,4,,,False,,,21,,M1_logreg,,,R1_raw21,0.01,,0.5872775423728813,0.5527478171545969,0.24318084764102504,0.4396,0.02139239079445311,0.6792028503119992,22,22,5000,,,0.595051080187468,0.5631821391884951,0.24170526272527748,0.428,0.012540367866945705,0.6758836163832946
,4,,,False,,,21,,M2_mlp,,,R1_raw21,0.88,,0.5955617616846431,0.562978299948639,0.24209843913310589,0.432,0.017060522577092854,0.6769682999057218,93,93,5000,,,0.6136484013867489,0.5699794555726759,0.23974939890915226,0.4245,0.03692288033525918,0.6721491369186463
5000,4,88,21,False,0,5,21,0,M3_product,False,12,R1_raw21,27.22,0,0.6081744350282485,0.5753723677452491,0.2405844083815723,0.421,0.017461671733943814,0.6738220704418997,105,105,5000,4,0,0.6261014541602465,0.5884694401643554,0.23624291451751875,0.408,0.00895397231547955,0.6646159464998164
5000,4,88,21,False,0,5,21,8,M4_entangled,False,12,R1_raw21,33.65,5,0.6030137711864406,0.5696038777606574,0.24126691972993486,0.426,0.030487648137286112,0.6749634175768868,105,105,5000,38,32,0.6291831182588599,0.5986373266563945,0.23604942631892978,0.3975,0.015083070060500926,0.6642728069995554
5000,4,88,27,False,12,5,21,8,M5_frozen,True,12,R1_raw21,37.01,5,0.6115201271186441,0.5758859784283513,0.23993971392047578,0.4192,0.01798652316936009,0.6725986976517595,105,93,5000,38,32,0.6268959456856702,0.5799868387262456,0.23642791705367833,0.415,0.019023181779611733,0.6649536564536107
5001,4,88,19,False,0,5,21,0,M3_product,False,12,R1_raw21,30.35,0,0.6017034219311761,0.5680983564458141,0.24126187396247725,0.4274,0.026699635575062906,0.6750841875328127,105,105,5000,4,0,0.6177342144966615,0.5821135079609656,0.2378424632767241,0.414,0.019750520588212063,0.6678924024508638
5001,4,88,12,False,0,5,21,4,M4_entangled,False,12,R1_raw21,23.98,1,0.6091942732408835,0.5780880842321521,0.24045000420089846,0.4136,0.014654628851707872,0.6737851992174579,105,105,5000,18,12,0.6314893506034926,0.5889589753466872,0.23715166779153612,0.4025,0.026758986164160604,0.6669256939943
5001,4,88,50,False,12,5,21,4,M5_frozen,True,12,R1_raw21,79.44,1,0.6003007832562918,0.5701688495120698,0.24200589407859044,0.425,0.016912791379807748,0.6770105417579898,105,93,5000,18,12,0.6184053190806369,0.5761508089368259,0.2387889157994066,0.42,0.01445722220623255,0.6703567508647513
5002,4,88,17,False,0,5,21,0,M3_product,False,12,R1_raw21,22.81,0,0.6098959938366718,0.5763129173086801,0.2395365529349451,0.4178,0.008103520365294164,0.6715918574497423,105,105,5000,4,0,0.620820894324602,0.5824345146379044,0.23763474642782523,0.412,0.01226419031895596,0.6675417837625677
5002,4,88,17,False,0,5,21,4,M4_entangled,False,12,R1_raw21,25.11,2,0.6007553287108371,0.5640954031843862,0.24086342689681334,0.4312,0.027666165138229976,0.6740490668768864,105,105,5000,20,14,0.6249518489984591,0.5907485875706214,0.23661380702742532,0.405,0.015949020588816854,0.6653531347817586
5002,4,88,17,False,12,5,21,4,M5_frozen,True,12,R1_raw21,21.81,2,0.6017010143810991,0.5629590395480226,0.24076927649415902,0.4324,0.028412870001529433,0.6738725238472152,105,93,5000,20,14,0.6246378643425783,0.5921128659476117,0.23674969286636863,0.4035,0.010758796499854124,0.6656693369631794
5003,4,88,19,False,0,5,21,0,M3_product,False,12,R1_raw21,30.12,0,0.6075457434514637,0.5685509758602979,0.24069210708204086,0.425,0.024181749721638075,0.6740687724870639,105,105,5000,4,0,0.6175375979070366,0.5687435798664613,0.23789801667739846,0.4245,0.025277899839767443,0.6680969700510716
5003,4,88,31,False,0,5,21,4,M4_entangled,False,12,R1_raw21,52.16,1,0.6051035246533129,0.5660471237801746,0.241061990847972,0.4294,0.034426266180672134,0.674861134669025,105,105,5000,17,12,0.6369946151129944,0.5838068181818181,0.2347469988251474,0.4115,0.021739476208799596,0.6616630031531138
5003,4,88,50,False,12,5,21,4,M5_frozen,True,12,R1_raw21,72.14,1,0.6086610811504879,0.5694497945557268,0.24087720249794942,0.4264,0.034775698210171735,0.674600789053519,105,93,5000,17,12,0.6402698863636364,0.5952105803800719,0.23381251631365332,0.401,0.008321548550219805,0.6594841366490614
5004,4,88,20,False,0,5,21,0,M3_product,False,12,R1_raw21,28.7,0,0.5943477144324603,0.5641146635850025,0.24256058940904424,0.4294,0.01771643886133496,0.6778985984541565,105,105,5000,4,0,0.6048076768746791,0.5649717514124294,0.2407046358041032,0.427,0.015246176195977195,0.6739115119465878
5004,4,88,21,False,0,5,21,4,M4_entangled,False,12,R1_raw21,38.96,1,0.6060018618387263,0.572258602978942,0.2417067460008996,0.4236,0.03356622215146416,0.6764076295562598,105,105,5000,17,12,0.6317351213405238,0.5953229327170005,0.236005676173578,0.401,0.021613425869095183,0.6643266266773713
5004,4,88,21,False,12,5,21,4,M5_frozen,True,12,R1_raw21,30.86,1,0.6028970852593734,0.5758988186954288,0.24268041801391468,0.4194,0.02908919862201874,0.6786515118270365,105,93,5000,17,12,0.6339119478685157,0.5934289933230612,0.23562964740616316,0.403,0.017243116727140885,0.6635989337226392
,4,,,False,,,21,,M0_class_prior,,,R1_raw21,0.0,,0.5,0.5,0.24921599999999994,0.472,1.1102230246251565e-16,0.691578359988849,0,0,10000,,,0.5,0.5,0.24921599999999994,0.472,2.220446049250313e-16,0.6915783599888489
,4,,,False,,,21,,M1_logreg,,,R1_raw21,0.03,,0.590425012840267,0.5559546738572162,0.24278891020585483,0.436,0.019506908065582595,0.6784257266374156,22,22,10000,,,0.596842698703133,0.5515055213148434,0.24152382410097692,0.4395,0.02114126685522324,0.6755792772197717
,4,,,False,,,21,,M2_mlp,,,R1_raw21,3.48,,0.6233334938366718,0.5905367231638419,0.2374531764480884,0.4094,0.014948079464967599,0.6672851737479988,93,93,10000,,,0.6286454320749871,0.6002182845403183,0.23601805184498822,0.3985,0.02143967059126231,0.664227906988489
5000,4,88,15,False,0,5,21,0,M3_product,False,12,R1_raw21,48.03,0,0.621549178222907,0.5863700564971752,0.23805558120987788,0.4096,0.009828305017679437,0.6686528445193415,105,105,10000,4,0,0.6368652092963534,0.5888466230097587,0.23514866415740776,0.406,0.010658016737064036,0.6625222903369149
5000,4,88,23,False,0,5,21,8,M4_entangled,False,12,R1_raw21,82.37,5,0.6374341936312276,0.6002375449409347,0.23475824402526305,0.3988,0.012955418918975404,0.6618508674501558,105,105,10000,38,32,0.6553080460323575,0.6160198382126348,0.23122850205852274,0.383,0.016157669386297997,0.6542699516928315
5000,4,88,33,False,12,5,21,8,M5_frozen,True,12,R1_raw21,96.27,5,0.6393225154083204,0.594700179763739,0.23473412730401652,0.4032,0.022386209354503618,0.661873676123559,105,93,10000,38,32,0.6524179827940422,0.6150568181818181,0.2311254227711894,0.382,0.022887913607655727,0.6537547557694328
5001,4,88,50,False,0,5,21,0,M3_product,False,12,R1_raw21,150.34,0,0.638655303030303,0.597143040575244,0.23498035432230194,0.3982,0.016628075755363916,0.6626512133323987,105,105,10000,4,0,0.6538615096944017,0.6071279532614278,0.23132280500809482,0.388,0.013068220295855823,0.6547361969866724
5001,4,88,50,False,0,5,21,4,M4_entangled,False,12,R1_raw21,179.11,1,0.6240909090909091,0.5882030046224962,0.2377551747050222,0.407,0.012657621723855567,0.6681332543759106,105,105,10000,18,12,0.6368451463790447,0.5862625192604006,0.2342704346061936,0.4095,0.018962906888834084,0.6605151710694755
5001,4,88,50,False,12,5,21,4,M5_frozen,True,12,R1_raw21,146.4,1,0.6156778055983565,0.5766467642526965,0.23914301691789064,0.416,0.012996159936831758,0.6710180315021814,105,93,10000,18,12,0.6211950677324087,0.5748106060606061,0.2381194448606374,0.4175,0.00598650509386635,0.6689234970992968
5002,4,88,50,False,0,5,21,0,M3_product,False,12,R1_raw21,141.83,0,0.6172638995891114,0.5808230611196713,0.23866909739966996,0.4142,0.012526554314570698,0.669842241706073,105,105,10000,4,0,0.6300327828068824,0.5841117745249101,0.23484193641449336,0.411,0.013945021592269107,0.6615913999420723
5002,4,88,50,False,0,5,21,4,M4_entangled,False,12,R1_raw21,158.62,2,0.6434681561376476,0.59957948125321,0.23354169993118218,0.398,0.013327362587470382,0.6592456453286947,105,105,10000,20,14,0.6506715058423216,0.5982761941448382,0.23119796146609728,0.398,0.022908085732743833,0.6539764127718299
5002,4,88,19,False,12,5,21,4,M5_frozen,True,12,R1_raw21,51.09,2,0.6380798985618901,0.5992648947098099,0.23488945045762752,0.398,0.01428296288399368,0.6623021300343135,105,93,10000,20,14,0.6462065035952747,0.6047685541859271,0.23264532830821696,0.3915,0.010063826164017157,0.6572298429161041
5003,4,88,30,False,0,5,21,0,M3_product,False,12,R1_raw21,90.8,0,0.6514185285053928,0.6112769645608629,0.23205671468990513,0.3856,0.013710649699122546,0.6563245919499799,105,105,10000,4,0,0.6576233066897792,0.5974656522855676,0.22989431376754865,0.3985,0.02864214266125977,0.651134269272784
5003,4,88,21,False,0,5,21,4,M4_entangled,False,12,R1_raw21,66.57,1,0.617253145865434,0.5826913199794556,0.23890882454989087,0.4118,0.01912667397726598,0.670395149964156,105,105,10000,17,12,0.6348508923985619,0.5875064201335387,0.23449622656417865,0.407,0.012226610131148459,0.6610591014294098
5003,4,88,50,False,12,5,21,4,M5_frozen,True,12,R1_raw21,118.12,1,0.6195595788392398,0.5847072419106317,0.23851144262466267,0.411,0.016803228696967393,0.669559123938913,105,93,10000,17,12,0.6292292629686698,0.5781571006676939,0.23510269383374094,0.418,0.024733045160929414,0.6621392910132055
5004,4,88,25,False,0,5,21,0,M3_product,False,12,R1_raw21,60.46,0,0.6139451720595788,0.5805277349768875,0.23987526466291223,0.4138,0.020174385055399487,0.6725437341030664,105,105,10000,4,0,0.6261566271828454,0.5870570107858244,0.23732719024690754,0.407,0.02404868654147193,0.6670799760308505
5004,4,88,16,False,0,5,21,4,M4_entangled,False,12,R1_raw21,45.29,1,0.6302776707755522,0.5837827426810478,0.2366471602106595,0.4092,0.024587763661899045,0.6658188885129428,105,105,10000,17,12,0.6601552468541346,0.614133923985619,0.22986722582971267,0.379,0.02260423393966623,0.6513896146326629
5004,4,88,25,False,12,5,21,4,M5_frozen,True,12,R1_raw21,57.31,1,0.6273513739085772,0.5785310734463277,0.23687643821544643,0.4156,0.023607662186952316,0.66606851068992,105,93,10000,17,12,0.6520919603877761,0.6064859399075501,0.2310223674382678,0.3885,0.01962871757574997,0.6533590012486438
,0,,,False,,,8,,M0_class_prior,,,R2_pca8,0.0,,0.5,0.5,0.24921599999999994,0.472,1.1102230246251565e-16,0.691578359988849,0,0,500,,,0.5,0.5,0.24921599999999994,0.472,2.220446049250313e-16,0.6915783599888489
,0,,,False,,,8,,M1_logreg,,,R2_pca8,0.03,,0.5148120505906523,0.5123491268618388,0.25193765948372077,0.4792,0.03981363778170516,0.6972276769581489,9,9,500,,,0.5495062516050334,0.5363861068310221,0.2479351405548434,0.456,0.03447922035938665,0.6890819627732043
,0,,,False,,,8,,M2_mlp,,,R2_pca8,1.48,,0.522630970724191,0.5149332306111967,0.25047665440205885,0.4778,0.031000002373577105,0.6942215472109294,41,41,500,,,0.5531817780559836,0.5424932588597843,0.2473045329635757,0.4505,0.023308747378086907,0.6877729119250167
5000,0,36,50,False,0,5,8,0,M3_product,False,12,R2_pca8,7.59,0,0.5505006099126861,0.5386716743708269,0.2490296801949115,0.4552,0.032680055498536635,0.6913460948233353,53,53,500,4,0,0.5762260448767335,0.5500288906009245,0.24537450480606765,0.4445,0.021572005708448246,0.6838525094405481
5000,0,36,11,False,0,5,8,8,M4_entangled,False,12,R2_pca8,2.13,5,0.5311032999486389,0.5132318952234207,0.24860154072277188,0.4674,0.01304254960450741,0.6903550779111841,53,53,500,38,32,0.560227874614792,0.5240032742681048,0.24691684435399938,0.4565,0.011835534232887837,0.6869555790889394
5000,0,36,13,False,12,5,8,8,M5_frozen,True,12,R2_pca8,2.82,5,0.528487095531587,0.51643875192604,0.24908227264051724,0.4708,0.021537176290833973,0.6913424906770927,53,41,500,38,32,0.5572846446456087,0.541417886492039,0.24693547878311112,0.446,0.017133339068886175,0.6870163741740862
5001,0,36,24,False,0,5,8,0,M3_product,False,12,R2_pca8,4.22,0,0.5234883795582947,0.5215459681561376,0.2510106069843765,0.4688,0.035514216412503186,0.6953467814312763,53,53,500,4,0,0.5634208879044684,0.5412493579866461,0.24641135466422956,0.4495,0.012598038560306252,0.6859734296677842
5001,0,36,49,False,0,5,8,4,M4_entangled,False,12,R2_pca8,10.85,1,0.5580291795069336,0.5314522342064715,0.24650751924236639,0.4572,0.007106704039102569,0.686117210545736,53,53,500,18,12,0.5567198735233693,0.5363299306625577,0.24655707719249495,0.4525,0.0052601932731329,0.6862140534792688
5001,0,36,50,False,12,5,8,4,M5_frozen,True,12,R2_pca8,9.53,1,0.546134437596302,0.5319241140215716,0.2475353205468643,0.4544,0.0032715889159136737,0.6882092905248324,53,41,500,18,12,0.5475109944786851,0.533272342064715,0.24732937606167196,0.453,0.008467721773250479,0.6878001801382122
5002,0,36,15,False,0,5,8,0,M3_product,False,12,R2_pca8,2.56,0,0.5347013032871084,0.5199345146379044,0.24893429771029615,0.4696,0.029652212433501055,0.6910793915535103,53,53,500,4,0,0.5588816528633795,0.542300654853621,0.24648281652372722,0.4475,0.004145001360950749,0.6860671125282825
5002,0,36,16,False,0,5,8,4,M4_entangled,False,12,R2_pca8,2.98,2,0.5221993772470468,0.5262808166409861,0.25018867391458127,0.4638,0.026736201930004352,0.6935865226846692,53,53,500,20,14,0.5544808519517206,0.5411610811504879,0.24689703921048983,0.449,0.015928588806734607,0.6869238480159074
5002,0,36,18,False,12,5,8,4,M5_frozen,True,12,R2_pca8,3.44,2,0.5228595274781715,0.5274139702105803,0.2505609157262303,0.4636,0.03142968189642362,0.6943576927017888,53,41,500,20,14,0.5565924739984591,0.5442347200821778,0.2469374110429431,0.447,0.02066243243097432,0.6870202489286744
5003,0,36,14,False,0,5,8,0,M3_product,False,12,R2_pca8,3.11,0,0.5212422958397535,0.521680790960452,0.2503951055452988,0.4702,0.02602332368292937,0.6940007144606795,53,53,500,4,0,0.5551158432845403,0.5434081278890601,0.24698864227708991,0.449,0.01756617200879956,0.6870883359867623
5003,0,36,20,False,0,5,8,4,M4_entangled,False,12,R2_pca8,3.5,1,0.5224128466872111,0.5216165896250642,0.25105141664779584,0.4692,0.0346862521166979,0.6954166712149934,53,53,500,17,12,0.557962771250642,0.538408448895737,0.24673140935868576,0.4525,0.02083048761172414,0.6866151049543118
5003,0,36,20,False,12,5,8,4,M5_frozen,True,12,R2_pca8,4.29,1,0.5217027799178223,0.5205797380585516,0.2511997375367669,0.4702,0.03677072847460418,0.6957209080711806,53,41,500,17,12,0.557098059514638,0.540719696969697,0.24691290693414097,0.45,0.017942958206767418,0.6869876675637754
5004,0,36,12,False,0,5,8,0,M3_product,False,12,R2_pca8,2.35,0,0.5098496083718541,0.5094921674370827,0.2503461542534814,0.4788,0.02364882588413206,0.6938831818514797,53,53,500,4,0,0.548120907164869,0.5265633025166924,0.2473762598347888,0.4605,0.005297651905224533,0.6878827671795213
5004,0,36,18,False,0,5,8,4,M4_entangled,False,12,R2_pca8,3.37,1,0.5056887198253724,0.510898176682075,0.2508686702789888,0.4776,0.027617973144918463,0.6949408564367379,53,53,500,17,12,0.5421371420775551,0.5295807652799178,0.24772141970191638,0.4585,0.008393901894387764,0.6885885895542038
5004,0,36,24,False,12,5,8,4,M5_frozen,True,12,R2_pca8,4.47,1,0.5101481445814073,0.5129750898818695,0.2512141154664244,0.4774,0.03259360776677425,0.6956612851334054,53,41,500,17,12,0.5452388690934771,0.530993194658449,0.24779421749810446,0.4595,0.014711676802344783,0.6887502314220101
,0,,,False,,,8,,M0_class_prior,,,R2_pca8,0.0,,0.5,0.5,0.24921599999999994,0.472,1.1102230246251565e-16,0.691578359988849,0,0,2000,,,0.5,0.5,0.24921599999999994,0.472,2.220446049250313e-16,0.6915783599888489
,0,,,False,,,8,,M1_logreg,,,R2_pca8,0.03,,0.5158692860811505,0.5160535439137134,0.25000168994380667,0.4718,0.0209418039171215,0.6931988145220849,9,9,2000,,,0.5529550670903954,0.5296128659476117,0.24665731291928103,0.459,0.014259514190267369,0.6864158925648517
,0,,,False,,,8,,M2_mlp,,,R2_pca8,2.15,,0.5538161273754494,0.5412621982537237,0.24759242469185833,0.4504,0.028407928266217703,0.6884354514593755,41,41,2000,,,0.5950029291859271,0.5673712763225476,0.24172060333214007,0.425,0.010479006056027074,0.6762515070046127
5000,0,36,24,False,0,5,8,0,M3_product,False,12,R2_pca8,16.95,0,0.5711169427324089,0.5583622239342578,0.24528746845184732,0.4336,0.025097818426085244,0.6837308368014849,53,53,2000,4,0,0.5952346558808423,0.5799386877247047,0.24233057866087454,0.4125,0.025022103036315246,0.6776762416290594
5000,0,36,50,False,0,5,8,8,M4_entangled,False,12,R2_pca8,35.73,5,0.5694950564971751,0.5610041088854648,0.24606785751409238,0.4324,0.02950772012817801,0.6853914646759651,53,53,2000,38,32,0.5999113219054956,0.5728444401643554,0.24165404642171484,0.421,0.03459535109976349,0.6762322654344305
5000,0,36,50,False,12,5,8,8,M5_frozen,True,12,R2_pca8,27.51,5,0.5303686761684643,0.5252375449409348,0.2494857808578663,0.464,0.02800604256985293,0.6921936757704195,53,41,2000,38,32,0.5629213212634823,0.5380071905495634,0.2453534623574785,0.4515,0.020476591601942793,0.6836926663411766
5001,0,36,50,False,0,5,8,0,M3_product,False,12,R2_pca8,36.27,0,0.5670554057524396,0.5442571905495635,0.24721988181636562,0.4498,0.03610572381319725,0.6878298307273288,53,53,2000,4,0,0.5869707402413971,0.5590572033898304,0.24371265860711744,0.4355,0.02380602645075277,0.6805680541309387
5001,0,36,31,False,0,5,8,4,M4_entangled,False,12,R2_pca8,25.21,1,0.5908399139702105,0.5634180790960452,0.24280234108755372,0.4294,0.0042341990151180285,0.6786256537452846,53,53,2000,18,12,0.6002082530816641,0.5668496404725218,0.24132561644483258,0.4265,0.00793554026846233,0.6755143984788641
5001,0,36,50,False,12,5,8,4,M5_frozen,True,12,R2_pca8,33.63,1,0.563697033898305,0.5475186183872625,0.24586207104808,0.4418,0.0038623189990001456,0.6848158029216447,53,41,2000,18,12,0.5861601983821263,0.5455026964560863,0.24347495718458817,0.444,0.026109349032205867,0.679915392237667
5002,0,36,50,False,0,5,8,0,M3_product,False,12,R2_pca8,36.11,0,0.5614552837699025,0.5468894453004622,0.2464659101316056,0.4446,0.02386426764152436,0.6861088123267024,53,53,2000,4,0,0.5843655704288649,0.560902991782229,0.24329891447374294,0.431,0.013197479914219499,0.679550559716503
5002,0,36,50,False,0,5,8,4,M4_entangled,False,12,R2_pca8,36.37,2,0.571341968412943,0.5536947868515665,0.24591495165481306,0.44,0.029841749666340275,0.685074276287496,53,53,2000,20,14,0.5949648096430405,0.5729246918335902,0.24187206875123077,0.4205,0.016059963048604308,0.6766100715946514
5002,0,36,50,False,12,5,8,4,M5_frozen,True,12,R2_pca8,29.27,2,0.5593865562403698,0.5442957113507961,0.24717127445264714,0.449,0.02841980255364149,0.687596009961646,53,41,2000,20,14,0.5910806288520801,0.5753482922444787,0.2422925504697763,0.418,0.01924692540733129,0.6774637587159654
5003,0,36,50,False,0,5,8,0,M3_product,False,12,R2_pca8,30.1,0,0.5598810670261942,0.5428864920390344,0.24637370037410386,0.447,0.0151315613231906,0.6858767918426534,53,53,2000,4,0,0.5802336126091423,0.5543705059065228,0.24341643814712458,0.436,0.01249165001581979,0.6797412544590163
5003,0,36,50,False,0,5,8,4,M4_entangled,False,12,R2_pca8,28.66,1,0.5680824666153056,0.5519292501284027,0.24541190760413237,0.4384,0.012320305955879553,0.6839312287389907,53,53,2000,17,12,0.5893542148176681,0.5724592321520288,0.24267743530968847,0.4185,0.015294357224487732,0.6783003001859513
5003,0,36,50,False,12,5,8,4,M5_frozen,True,12,R2_pca8,24.0,1,0.5667085580380071,0.5540061633281972,0.24548034314905823,0.4354,0.012368923550722027,0.6840423367598075,53,41,2000,17,12,0.5941271828454032,0.5676842578325629,0.2415818295236363,0.422,0.01204350107478916,0.6759316207324826
5004,0,36,50,False,0,5,8,0,M3_product,False,12,R2_pca8,26.64,0,0.5487694209039548,0.5436697483307653,0.2479099628279409,0.4466,0.01836045201125627,0.6890820001379268,53,53,2000,4,0,0.5849865177195686,0.5583590138674884,0.24329243894136307,0.4325,0.0069049160578257135,0.6796024294540253
5004,0,36,18,False,0,5,8,4,M4_entangled,False,12,R2_pca8,10.94,1,0.5837483949666153,0.5613764766307139,0.2438992804249401,0.4312,0.02141579638314184,0.680906962024707,53,53,2000,17,12,0.5953760994478685,0.5744253980482794,0.24209728257219487,0.4185,0.01431202695667893,0.6771362832042517
5004,0,36,19,False,12,5,8,4,M5_frozen,True,12,R2_pca8,10.44,1,0.5808938430919364,0.5590555983564458,0.24423937436166912,0.4332,0.021472276698503153,0.6815949385750726,53,41,2000,17,12,0.595279797444787,0.5730290190035953,0.24216332738755467,0.4195,0.01338069866902971,0.6772893278347788
,0,,,False,,,8,,M0_class_prior,,,R2_pca8,0.0,,0.5,0.5,0.24921599999999994,0.472,1.1102230246251565e-16,0.691578359988849,0,0,5000,,,0.5,0.5,0.24921599999999994,0.472,2.220446049250313e-16,0.6915783599888489
,0,,,False,,,8,,M1_logreg,,,R2_pca8,0.01,,0.530908448895737,0.5251701335387776,0.24881816130874632,0.4612,0.009089473017490114,0.690819911877817,9,9,5000,,,0.5577440854519773,0.5442026194144838,0.24668181133799622,0.443,0.029039419881809487,0.6865208898853475
,0,,,False,,,8,,M2_mlp,,,R2_pca8,3.51,,0.5844038906009245,0.5596141499743195,0.24370199143706994,0.4342,0.022267748334208814,0.6804237093237844,41,41,5000,,,0.6086447098099641,0.5841599255264509,0.23999552241369668,0.41,0.02355701835853455,0.6728327010064732
5000,0,36,21,False,0,5,8,0,M3_product,False,12,R2_pca8,30.13,0,0.5927298407806882,0.5623587570621469,0.24271650889771126,0.4276,0.014529767020889053,0.6785341165321823,53,53,5000,4,0,0.6055690645865434,0.5765841679506933,0.24058226787538672,0.4145,0.014066022399532831,0.6740337156411538
5000,0,36,40,False,0,5,8,8,M4_entangled,False,12,R2_pca8,67.32,5,0.5931805341551104,0.5704352850539292,0.24256384882170023,0.4232,0.013328508277206197,0.6781147494178933,53,53,5000,38,32,0.6099768875192604,0.5706696199280945,0.2396608520213797,0.423,0.014605582949860725,0.6720108917433185
5000,0,36,21,False,12,5,8,8,M5_frozen,True,12,R2_pca8,28.25,5,0.5958697675911659,0.5667725988700565,0.24222606991336096,0.4232,0.0099202091361198,0.677464623114975,53,41,5000,38,32,0.607352657935285,0.569385593220339,0.2401985910115351,0.4205,0.015517854568455534,0.6731770269250482
5001,0,36,22,False,0,5,8,0,M3_product,False,12,R2_pca8,30.86,0,0.5913678094504367,0.5640536723163841,0.24282671514266768,0.4274,0.00890825016773308,0.6786884308700972,53,53,5000,4,0,0.6041626540832049,0.5621308423215203,0.24068790783430186,0.43,0.020861351852544344,0.6741269727011713
5001,0,36,13,False,0,5,8,4,M4_entangled,False,12,R2_pca8,20.82,1,0.5674122046738572,0.5528601694915254,0.2457710105843388,0.4354,0.021087249067087702,0.6846717746700606,53,53,5000,18,12,0.5906853893810992,0.5618178608115049,0.24323109005720583,0.426,0.019554859818997145,0.6795184308493124
5001,0,36,13,False,12,5,8,4,M5_frozen,True,12,R2_pca8,17.11,1,0.5675934129429892,0.5508956086286595,0.24577435807430476,0.437,0.01783005019404736,0.6846761212157855,53,41,5000,18,12,0.58953177163585,0.559779468412943,0.2434271521788404,0.4275,0.019915007470071598,0.6799191663322033
5002,0,36,50,False,0,5,8,0,M3_product,False,12,R2_pca8,63.15,0,0.5764564072932716,0.5541827170005136,0.24502395173624364,0.4378,0.019267481148813086,0.6832277307800098,53,53,5000,4,0,0.5994428527863379,0.5748186312275295,0.2416078943142584,0.4185,0.023502926183774107,0.6761085816398177
5002,0,36,17,False,0,5,8,4,M4_entangled,False,12,R2_pca8,23.19,2,0.5811857986646122,0.5582306111967129,0.24369617948705863,0.4326,0.017506737272846466,0.6804282786937201,53,53,5000,20,14,0.6041847232922444,0.5752198895737032,0.24106353694942004,0.416,0.022253575894234656,0.6750424004267279
5002,0,36,25,False,12,5,8,4,M5_frozen,True,12,R2_pca8,30.25,2,0.5875277670775552,0.5614406779661018,0.24344351851915472,0.4322,0.01853068327795985,0.6799812112162452,53,41,5000,20,14,0.6042348805855162,0.5601967770929636,0.24052200783182795,0.434,0.023940204875307416,0.6738188023030134
5003,0,36,25,False,0,5,8,0,M3_product,False,12,R2_pca8,33.23,0,0.5719210644581407,0.5485907806882383,0.24568715262196406,0.4424,0.011506104234815694,0.6845705481235695,53,53,5000,4,0,0.6008733387904468,0.5793448253723678,0.24099973888172327,0.412,0.021120726383625502,0.6748465133076367
5003,0,36,21,False,0,5,8,4,M4_entangled,False,12,R2_pca8,29.21,1,0.5888482280431433,0.5617681047765793,0.2429494919013815,0.4296,0.018288978625547653,0.6789409397860889,53,53,5000,17,12,0.6047354503723678,0.5721623009758603,0.2406027607366942,0.42,0.005332592440879634,0.6740571673827432
5003,0,36,38,False,12,5,8,4,M5_frozen,True,12,R2_pca8,44.41,1,0.5886697483307652,0.5602080123266564,0.24291532145987285,0.4326,0.01552882103557288,0.6788276233015704,53,41,5000,17,12,0.6048979600025681,0.5773786594761171,0.24059994649742117,0.4155,0.017666035083030798,0.6740312425589884
5004,0,36,50,False,0,5,8,0,M3_product,False,12,R2_pca8,64.86,0,0.5705888867488443,0.5543977914740627,0.24552748860102844,0.4366,0.017990868363148355,0.6842096930849699,53,53,5000,4,0,0.5900082659219312,0.5609431176168465,0.24310454723279387,0.429,0.009406245439318856,0.6792667062664671
5004,0,36,16,False,0,5,8,4,M4_entangled,False,12,R2_pca8,22.84,1,0.5928352914740626,0.557001155624037,0.24259809591678946,0.4334,0.010048904055572265,0.6781508618607636,53,53,5000,17,12,0.5986162605932204,0.5694497945557268,0.24191566806796339,0.4215,0.012256439856358234,0.6767344520145959
5004,0,36,30,False,12,5,8,4,M5_frozen,True,12,R2_pca8,35.14,1,0.5930827876219826,0.5598356445814073,0.24251173271554116,0.4324,0.009063703649813175,0.6779791847838935,53,41,5000,17,12,0.6001380328710837,0.5751476630713919,0.2417160077706634,0.4175,0.014081276486884405,0.6763214419542196
,0,,,False,,,8,,M0_class_prior,,,R2_pca8,0.0,,0.5,0.5,0.24921599999999994,0.472,1.1102230246251565e-16,0.691578359988849,0,0,10000,,,0.5,0.5,0.24921599999999994,0.472,2.220446049250313e-16,0.6915783599888489
,0,,,False,,,8,,M1_logreg,,,R2_pca8,0.01,,0.5391822354904983,0.524463918849512,0.24828205614543275,0.4614,0.010544091637104487,0.6897358976928533,9,9,10000,,,0.5568141692347202,0.5474768875192604,0.24714148702827468,0.438,0.03247674653984421,0.6874493062888369
,0,,,False,,,8,,M2_mlp,,,R2_pca8,6.2,,0.6093143297380585,0.5772245762711865,0.24001605027401848,0.4166,0.005220891045450163,0.6728774184042655,41,41,10000,,,0.6120182893554186,0.5770977786337955,0.2385447846579333,0.4155,0.011174211074325865,0.6696733942916213
5000,0,36,21,False,0,5,8,0,M3_product,False,12,R2_pca8,54.13,0,0.6084187211093991,0.5780174627632255,0.24067324696381628,0.4132,0.016076275283348623,0.6743268468486694,53,53,10000,4,0,0.612832843798151,0.579401001540832,0.23961539446645294,0.412,0.011341786748123885,0.6719590424539269
5000,0,36,50,False,0,5,8,8,M4_entangled,False,12,R2_pca8,148.59,5,0.6261681432973806,0.5876059322033899,0.23729705099563772,0.4054,0.00986008963733795,0.6673084159723964,53,53,10000,38,32,0.6342630489214176,0.5886379686697483,0.23518928027432445,0.4045,0.007585870481053171,0.6625272154267127
5000,0,36,21,False,12,5,8,8,M5_frozen,True,12,R2_pca8,61.86,5,0.6156874357986646,0.5833911145351823,0.2389012167759051,0.4094,0.016544835265045042,0.6704818755199985,53,41,10000,38,32,0.6225864310477658,0.5827234206471494,0.23763768059272525,0.4095,0.014439509433927623,0.6677828278190514
5001,0,36,50,False,0,5,8,0,M3_product,False,12,R2_pca8,148.98,0,0.6155169812532101,0.5803864920390345,0.23886566068235143,0.413,0.007496114692892785,0.6704646271444219,53,53,10000,4,0,0.6135350459039548,0.5769613507960966,0.2390938650765776,0.416,0.0176956862484055,0.6709466895194218
5001,0,36,50,False,0,5,8,4,M4_entangled,False,12,R2_pca8,182.67,1,0.6150227914740627,0.5767976373908578,0.2392427430107662,0.4166,0.00996043532011332,0.6713976754752567,53,53,10000,18,12,0.6118878803929122,0.578550333846944,0.23928960036929572,0.4145,0.016510811352461043,0.671290061298894
5001,0,36,50,False,12,5,8,4,M5_frozen,True,12,R2_pca8,152.4,1,0.6101640344119158,0.5682395993836672,0.2399930285373187,0.424,0.007496293324864702,0.6728793770859814,53,41,10000,18,12,0.603705219568567,0.5722184771443246,0.240513140465131,0.42,0.007094613238066391,0.6737997690266595
5002,0,36,15,False,0,5,8,0,M3_product,False,12,R2_pca8,43.79,0,0.6043894453004622,0.5713983050847458,0.24107460631273417,0.42,0.009314536308185323,0.6750967431128481,53,53,10000,4,0,0.606996541153056,0.5703967642526965,0.24078818406770586,0.4205,0.00634742628153426,0.6745034586189989
5002,0,36,50,False,0,5,8,4,M4_entangled,False,12,R2_pca8,164.93,2,0.6070067732408835,0.5705508474576271,0.24102612057177844,0.4208,0.011050497419897377,0.675088867348807,53,53,10000,20,14,0.6088443358371856,0.5712634822804314,0.23989018836781545,0.42,0.00488485034221793,0.6725269389528558
5002,0,36,50,False,12,5,8,4,M5_frozen,True,12,R2_pca8,127.9,2,0.6271229776579352,0.5809771443246019,0.23686369906682975,0.4124,0.01868072762721657,0.6662932066185685,53,41,10000,20,14,0.6252618210708784,0.586575500770416,0.23693874091978678,0.4065,0.012081753775513633,0.6664131390735686
5003,0,36,23,False,0,5,8,0,M3_product,False,12,R2_pca8,58.69,0,0.6153964432460195,0.576791217257319,0.23893637279041258,0.4172,0.008811907030088974,0.6705952590380542,53,53,10000,4,0,0.6121928367360041,0.5741766178736518,0.239395757477146,0.419,0.014788279255902448,0.6715826836862775
5003,0,36,23,False,0,5,8,4,M4_entangled,False,12,R2_pca8,64.45,1,0.6141982858243451,0.574438238315357,0.23911083560620305,0.4194,0.008172504455327256,0.6709655017505453,53,53,10000,17,12,0.6088724239214175,0.5729246918335902,0.24002333693748637,0.4205,0.006134506173030027,0.6728661679145385
5003,0,36,23,False,12,5,8,4,M5_frozen,True,12,R2_pca8,53.74,1,0.6126979006163329,0.5749229583975347,0.2393960752675302,0.4182,0.012946955721541328,0.6715424388216839,53,41,10000,17,12,0.6065601727015922,0.5769934514637904,0.2404757858718441,0.4165,0.012262958537868567,0.6738052525214928
5004,0,36,33,False,0,5,8,0,M3_product,False,12,R2_pca8,79.76,0,0.6103858500256805,0.5784700821777093,0.239810716720231,0.4136,0.010032181492050067,0.6724447565051714,53,53,10000,4,0,0.6143445846173601,0.578397855675398,0.23836924124735948,0.413,0.011581512800233769,0.6694055776173291
5004,0,36,20,False,0,5,8,4,M4_entangled,False,12,R2_pca8,54.34,1,0.6144730675398048,0.5798696712891629,0.23905811701025068,0.4144,0.009801042798293032,0.6708650881089923,53,53,10000,17,12,0.6132762342706728,0.5691368130457113,0.2393588373700342,0.4245,0.015317162239351229,0.6714949537159548
5004,0,36,50,False,12,5,8,4,M5_frozen,True,12,R2_pca8,112.67,1,0.616210997688752,0.5794876733436055,0.23872916376213862,0.4144,0.007669528110610618,0.6701676895602525,53,41,10000,17,12,0.6123593589496662,0.5745698510529019,0.23909998487705572,0.419,0.010264774088994698,0.6708472868203851
,1,,,False,,,8,,M0_class_prior,,,R2_pca8,0.0,,0.5,0.5,0.24921599999999994,0.472,1.1102230246251565e-16,0.691578359988849,0,0,500,,,0.5,0.5,0.24921599999999994,0.472,2.220446049250313e-16,0.6915783599888489
,1,,,False,,,8,,M1_logreg,,,R2_pca8,0.01,,0.5081050975860297,0.5055084745762712,0.2503437143372148,0.4794,0.019177438425000644,0.6938856418331522,9,9,500,,,0.5250335050719055,0.523393361581921,0.2492943473584563,0.461,0.007569751275159826,0.6918134882818529
,1,,,False,,,8,,M2_mlp,,,R2_pca8,0.11,,0.5044107922444787,0.49830829481253214,0.24993116022074,0.4852,0.019342997155465242,0.6930202021293012,41,41,500,,,0.5407377535952748,0.5258410374935799,0.2481386670681146,0.458,0.010768933207492358,0.689434030127611
5000,1,36,50,False,0,5,8,0,M3_product,False,12,R2_pca8,6.9,0,0.5281153697996918,0.520367873651772,0.2498574735125436,0.4676,0.026095845040740556,0.6929519205953091,53,53,500,4,0,0.5479794635978428,0.5375979070364664,0.24769332196556165,0.4495,0.014489434118852895,0.6885594165272897
5000,1,36,15,False,0,5,8,8,M4_entangled,False,12,R2_pca8,2.48,5,0.4904896956856703,0.5011941448382127,0.2515894598480492,0.4878,0.025661425862826062,0.6963689497450214,53,53,500,38,32,0.48663609078068826,0.4993419363122753,0.2516525807732229,0.488,0.026302931660331916,0.6965036359334832
5000,1,36,15,False,12,5,8,8,M5_frozen,True,12,R2_pca8,2.06,5,0.49175863507960965,0.4998619671289163,0.2519843815582791,0.4898,0.03112707593662057,0.6971694421620861,53,41,500,38,32,0.4994723452747817,0.5019420903954802,0.25117567009593933,0.4865,0.028146697476786768,0.695544024112874
5001,1,36,28,False,0,5,8,0,M3_product,False,12,R2_pca8,3.88,0,0.5139963726245507,0.5094183359013867,0.2505018184275162,0.478,0.028040535391773116,0.6941831155088214,53,53,500,4,0,0.5152949650102722,0.5098468798151001,0.24997488244521782,0.4775,0.02648202872967563,0.6931096739313501
5001,1,36,10,False,0,5,8,4,M4_entangled,False,12,R2_pca8,1.68,1,0.5213960580380071,0.5003819979455573,0.2488781912977869,0.472,0.0030130062541354804,0.6908994018494264,53,53,500,18,12,0.503709633410375,0.4991653826399589,0.24926880195260684,0.473,0.0038879352279395946,0.6916822199863336
5001,1,36,11,False,12,5,8,4,M5_frozen,True,12,R2_pca8,1.6,1,0.5196589304057524,0.5012358757062146,0.2489063314694126,0.472,0.0024445011082390024,0.6909558208597375,53,41,500,18,12,0.5057339817668207,0.4994783641499743,0.24931908601250632,0.4735,0.004002329097524076,0.6917839472860836
5002,1,36,10,False,0,5,8,0,M3_product,False,12,R2_pca8,1.32,0,0.5289702105803801,0.5138000770416025,0.2486860211778242,0.471,0.009032606068687402,0.6905198224839506,53,53,500,4,0,0.5490759020287622,0.5444915254237288,0.24710300236838742,0.4405,0.02145539766263846,0.6873457309041959
5002,1,36,22,False,0,5,8,4,M4_entangled,False,12,R2_pca8,3.31,2,0.5302393104776579,0.5252182845403184,0.24892923111131773,0.4616,0.009549780950360362,0.6910444226580532,53,53,500,20,14,0.5360109302773497,0.5386572290703646,0.24839708197155683,0.4485,0.01812394555153166,0.6899924036010632
5002,1,36,22,False,12,5,8,4,M5_frozen,True,12,R2_pca8,2.98,2,0.5168496404725218,0.5181465074473549,0.2499035639221747,0.468,0.01276002597918409,0.6930093064392251,53,41,500,20,14,0.524394501155624,0.5184177580893683,0.24941740482750263,0.4675,0.01210297583537992,0.6920450193675847
5003,1,36,9,False,0,5,8,0,M3_product,False,12,R2_pca8,1.22,0,0.5143477144324602,0.5099672573189522,0.24962127408547422,0.4764,0.015668696895923297,0.692395595266327,53,53,500,4,0,0.5416476068952234,0.5373732023626091,0.24809396487586816,0.4495,0.018956609058566644,0.6893575882312629
5003,1,36,13,False,0,5,8,4,M4_entangled,False,12,R2_pca8,1.95,1,0.5064772727272727,0.5021924756034926,0.25080014042439164,0.4862,0.0280659487033554,0.69480691568233,53,53,500,17,12,0.5290440822419107,0.5267398561890086,0.24915254029557957,0.4615,0.012600063920066875,0.6915017271253735
5003,1,36,13,False,12,5,8,4,M5_frozen,True,12,R2_pca8,1.64,1,0.5065657100667694,0.5037365177195686,0.25077266589125463,0.484,0.026237740371686517,0.6947536000056258,53,41,500,17,12,0.5294102304827941,0.5299659732922445,0.24912015300156212,0.4575,0.012094690410802475,0.6914383372417036
5004,1,36,17,False,0,5,8,0,M3_product,False,12,R2_pca8,2.27,0,0.502292469183359,0.49831150487930154,0.250513890163869,0.4856,0.024736127279321722,0.6942166533233806,53,53,500,4,0,0.5241055951463791,0.5204079994863893,0.24920221984751584,0.4635,0.0075760477217838035,0.6915942940089734
5004,1,36,12,False,0,5,8,4,M4_entangled,False,12,R2_pca8,2.0,1,0.5177481381612737,0.5050044940934771,0.24910291373087048,0.4726,0.0045695900942935,0.6913598059583304,53,53,500,17,12,0.5033485008988187,0.4925446199280945,0.24977489976718845,0.4845,0.01718022583981585,0.6927109642914093
5004,1,36,12,False,12,5,8,4,M5_frozen,True,12,R2_pca8,1.85,1,0.5220576527991783,0.5036755264509502,0.24896955214803815,0.4736,0.005770851612798247,0.6910936823695559,53,41,500,17,12,0.505729969183359,0.4926810477657935,0.2497476826904564,0.484,0.016884653878231154,0.6926599399443958
,1,,,False,,,8,,M0_class_prior,,,R2_pca8,0.0,,0.5,0.5,0.24921599999999994,0.472,1.1102230246251565e-16,0.691578359988849,0,0,2000,,,0.5,0.5,0.24921599999999994,0.472,2.220446049250313e-16,0.6915783599888489
,1,,,False,,,8,,M1_logreg,,,R2_pca8,0.01,,0.5253917886492039,0.5131323831535696,0.24907863252785456,0.4704,0.006359118199296662,0.6913369107364504,9,9,2000,,,0.534500192604006,0.5229680277349769,0.24857687499767822,0.4605,0.006117098774723562,0.6903197067389292
,1,,,False,,,8,,M2_mlp,,,R2_pca8,0.44,,0.5409909476117103,0.5199024139702106,0.24795604959065531,0.4656,0.005414381933956975,0.6890531879534617,41,41,2000,,,0.5467405784540319,0.5145175269645609,0.24750320769980202,0.4715,0.01478159808458642,0.688136043386458
5000,1,36,22,False,0,5,8,0,M3_product,False,12,R2_pca8,12.37,0,0.5623966358500256,0.5423504108885464,0.24665650018576016,0.4474,0.007728858510253065,0.6864763898544672,53,53,2000,4,0,0.5691027060862865,0.5396523497688752,0.2458049133744931,0.45,0.00930231169275035,0.6847163905563894
5000,1,36,50,False,0,5,8,8,M4_entangled,False,12,R2_pca8,28.55,5,0.5694262005649717,0.5491846430405752,0.24586206223653234,0.4408,0.016006454531428873,0.684878121780466,53,53,2000,38,32,0.5633075324216744,0.5277831278890601,0.2461781087181942,0.462,0.023880881469564096,0.6854392918143939
5000,1,36,50,False,12,5,8,8,M5_frozen,True,12,R2_pca8,24.4,5,0.5677535952747816,0.550247175141243,0.24626033435946415,0.4402,0.013570084942436403,0.6857222065460872,53,41,2000,38,32,0.565950821777093,0.537148497688752,0.2458355560529798,0.453,0.009858943498275648,0.6847361210122265
5001,1,36,38,False,0,5,8,0,M3_product,False,12,R2_pca8,19.35,0,0.5791604070364662,0.5479616076014381,0.24455819854041802,0.4424,0.004121909677659041,0.6821606232324926,53,53,2000,4,0,0.5773134549948639,0.5503017462763226,0.24466382500691328,0.44,0.00811835159285706,0.6823555648996866
5001,1,36,22,False,0,5,8,4,M4_entangled,False,12,R2_pca8,15.61,1,0.5689578518233178,0.5455059065228557,0.24545474105314935,0.4444,0.007548101594832262,0.6840150578108025,53,53,2000,18,12,0.5620255120056498,0.542725988700565,0.24617360577393507,0.448,0.0032570301699537986,0.6854570428915955
5001,1,36,22,False,12,5,8,4,M5_frozen,True,12,R2_pca8,14.68,1,0.568146186440678,0.5464143554185927,0.24553903492383974,0.4428,0.006757043648495657,0.6841842156611315,53,41,2000,18,12,0.5604606044555727,0.5444754750898819,0.24630159420465841,0.4455,0.005676201924819572,0.6857161466556049
5002,1,36,17,False,0,5,8,0,M3_product,False,12,R2_pca8,10.89,0,0.5393138482280432,0.5222842835130971,0.24829734431991082,0.4656,0.01348473760995122,0.6897380356229604,53,53,2000,4,0,0.5506107152028762,0.5330957883923986,0.2473129443783069,0.4555,0.0042640373563546516,0.6877645664120957
5002,1,36,17,False,0,5,8,4,M4_entangled,False,12,R2_pca8,12.07,2,0.5506741140215716,0.5256259630200308,0.24753072634072873,0.4606,0.009577793448141353,0.6881885743123763,53,53,2000,20,14,0.5570950500770416,0.5286739214175655,0.24678243173617861,0.4575,0.01157957932466221,0.6866745467526933
5002,1,36,25,False,12,5,8,4,M5_frozen,True,12,R2_pca8,14.66,2,0.5513804892141756,0.521722521828454,0.2476642142845033,0.467,0.021008761034607297,0.6884773460292339,53,41,2000,20,14,0.5587432187339496,0.5398449537750385,0.2467712777852064,0.4495,0.004866299149653333,0.6866829951835468
5003,1,36,50,False,0,5,8,0,M3_product,False,12,R2_pca8,29.65,0,0.5725849062660503,0.5332883923985619,0.24517938258409366,0.4578,0.019424119455991942,0.6833712154351183,53,53,2000,4,0,0.5751576945300463,0.5508153569594247,0.24434482401402288,0.441,0.014091845771922887,0.68165104044165
5003,1,36,50,False,0,5,8,4,M4_entangled,False,12,R2_pca8,30.56,1,0.5787475924499229,0.5524781715459681,0.24437756259783328,0.4382,0.005600085225579598,0.6818214800023313,53,53,2000,17,12,0.5835419876733436,0.5652446070878274,0.2442852309413858,0.426,0.02296678263178318,0.6816840910129702
5003,1,36,50,False,12,5,8,4,M5_frozen,True,12,R2_pca8,22.7,1,0.5752068888032871,0.53881291730868,0.24483172904916128,0.449,0.0053142803351256,0.6827301207474323,53,41,2000,17,12,0.5833955283769903,0.5563607473035439,0.2445484910685477,0.432,0.017109884394316044,0.6821558322697867
5004,1,36,11,False,0,5,8,0,M3_product,False,12,R2_pca8,5.86,0,0.5329079994863893,0.5105996404725218,0.2484447953965006,0.4698,0.005476032808334531,0.690034305382725,53,53,2000,4,0,0.5362526884309193,0.5119093477144324,0.24836757663734643,0.4685,0.004832767491688506,0.689874722190852
5004,1,36,50,False,0,5,8,4,M4_entangled,False,12,R2_pca8,31.91,1,0.5660647791474063,0.5418207498715973,0.2460742232316443,0.4486,0.005395818121836514,0.6852570057313245,53,53,2000,17,12,0.5686803816769389,0.553592064714946,0.2458280149858748,0.437,0.018435868920633265,0.6847575878998784
5004,1,36,50,False,12,5,8,4,M5_frozen,True,12,R2_pca8,28.25,1,0.5674455893682588,0.5401065742167437,0.24581230485542252,0.4492,0.00534150818300121,0.6847078167102485,53,41,2000,17,12,0.5657662429378532,0.5541377760657421,0.24609203275806688,0.435,0.02306165756213332,0.6852892670842291
,1,,,False,,,8,,M0_class_prior,,,R2_pca8,0.0,,0.5,0.5,0.24921599999999994,0.472,1.1102230246251565e-16,0.691578359988849,0,0,5000,,,0.5,0.5,0.24921599999999994,0.472,2.220446049250313e-16,0.6915783599888489
,1,,,False,,,8,,M1_logreg,,,R2_pca8,0.01,,0.5311837121212122,0.5149460708782743,0.2484604537163312,0.4696,0.006850718807822019,0.6900562298860806,9,9,5000,,,0.5518325468669748,0.5392029404211608,0.24746152155073758,0.4465,0.023070744950627803,0.6880694789810727
,1,,,False,,,8,,M2_mlp,,,R2_pca8,1.37,,0.5742291024653312,0.5437178993323061,0.2450684652728773,0.447,0.015787376009802668,0.6832063566248949,41,41,5000,,,0.5855823863636365,0.5517864021571649,0.24357984431730165,0.4395,0.016284670439443635,0.6802116168825993
5000,1,36,50,False,0,5,8,0,M3_product,False,12,R2_pca8,78.43,0,0.5756140857729841,0.5535310734463277,0.2455204262005298,0.4392,0.013706154208123381,0.6841836536246719,53,53,5000,4,0,0.5995481831022085,0.5649557010785824,0.24147934370584928,0.4285,0.014434420159922733,0.6758615601954638
5000,1,36,50,False,0,5,8,8,M4_entangled,False,12,R2_pca8,82.57,5,0.5794785246533127,0.5517783769902413,0.24477063547870276,0.4406,0.01309478579912963,0.6826378232817919,53,53,5000,38,32,0.582290061633282,0.563808102208526,0.24390416640312002,0.429,0.004059592593246079,0.6808124707996318
5000,1,36,16,False,12,5,8,8,M5_frozen,True,12,R2_pca8,21.55,5,0.5652291987673344,0.5361325115562404,0.24648862138959407,0.4524,0.003846464683858997,0.6860996687226251,53,41,5000,38,32,0.5693946215331278,0.5533272342064715,0.24564561671070465,0.4355,0.017562499440544967,0.6844025883189849
5001,1,36,19,False,0,5,8,0,M3_product,False,12,R2_pca8,25.1,0,0.5782282036466359,0.5523818695428865,0.2450589843763476,0.4388,0.01437738126916941,0.6832096286805652,53,53,5000,4,0,0.5964615032742682,0.5641371340523883,0.24203212904611002,0.428,0.00607715605630761,0.6770109260943694
5001,1,36,18,False,0,5,8,4,M4_entangled,False,12,R2_pca8,28.28,1,0.5886362031330251,0.5582787621982537,0.24346989055184567,0.4344,0.006538638311806542,0.6800019691946824,53,53,5000,18,12,0.5923726807267592,0.5605258089368259,0.2424849750619737,0.433,0.013655903651019034,0.6779167497196797
5001,1,36,50,False,12,5,8,4,M5_frozen,True,12,R2_pca8,64.74,1,0.5814517526964561,0.5535021828454032,0.24468818061890396,0.4384,0.010231993178883824,0.6825299596447658,53,41,5000,18,12,0.5947451206985105,0.5634790703646636,0.24199543901912945,0.43,0.011729409532459871,0.6768682735607824
5002,1,36,25,False,0,5,8,0,M3_product,False,12,R2_pca8,33.45,0,0.579878659476117,0.5536049049820236,0.24494448152295586,0.4386,0.014473940897610548,0.6830152239213314,53,53,5000,4,0,0.5947411081150488,0.5677404340010272,0.24231714823973408,0.4255,0.020223795883088945,0.677618458783172
5002,1,36,25,False,0,5,8,4,M4_entangled,False,12,R2_pca8,35.35,2,0.5788037686183872,0.5525423728813559,0.24504126615134864,0.4392,0.012851693120651167,0.6832076246703065,53,53,5000,20,14,0.5964665190035953,0.563776001540832,0.24189683560383327,0.4285,0.006366966886294182,0.6766706544678935
5002,1,36,50,False,12,5,8,4,M5_frozen,True,12,R2_pca8,52.48,2,0.5800505585516178,0.5522213662044171,0.2448549151282673,0.4398,0.016030011834048827,0.682798835456077,53,41,5000,20,14,0.599177019131998,0.567347200821777,0.24123470792222712,0.4255,0.015218348614664503,0.675254234599327
5003,1,36,22,False,0,5,8,0,M3_product,False,12,R2_pca8,24.71,0,0.5873237673343605,0.5692828710837186,0.24364297587079273,0.4224,0.016925049603244688,0.6803718359562763,53,53,5000,4,0,0.5936647326014381,0.5624678993323061,0.2426051684383479,0.43,0.002865197793935878,0.678217425887138
5003,1,36,50,False,0,5,8,4,M4_entangled,False,12,R2_pca8,64.45,1,0.578904564714946,0.5510496918335901,0.24524363200170857,0.4408,0.021368606946140737,0.6837464922133533,53,53,5000,17,12,0.6035697948767335,0.5629734848484849,0.2406516200676179,0.43,0.021263469993050833,0.6741598382632508
5003,1,36,18,False,12,5,8,4,M5_frozen,True,12,R2_pca8,20.61,1,0.5827454096045197,0.5557684899845917,0.24428007454605968,0.4352,0.011408942382663873,0.6816042264118811,53,41,5000,17,12,0.5947100105932204,0.5681737930148947,0.2423789714798247,0.4235,0.01224183292409626,0.6776902810202646
5004,1,36,39,False,0,5,8,0,M3_product,False,12,R2_pca8,52.39,0,0.5675486325115563,0.5361549820236261,0.24574825026647587,0.4538,0.0139327189051778,0.6845567419198331,53,53,5000,4,0,0.5873409010657421,0.5636796995377504,0.2434021039407997,0.427,0.019794932388735417,0.6798192043909558
5004,1,36,50,False,0,5,8,4,M4_entangled,False,12,R2_pca8,64.44,1,0.587668207498716,0.5623427067283,0.24374253240201033,0.4298,0.008276128592940298,0.6805529730147019,53,53,5000,17,12,0.5917015761427837,0.5628049563430919,0.2427787346685814,0.43,0.008589908584475735,0.6786025666947886
5004,1,36,50,False,12,5,8,4,M5_frozen,True,12,R2_pca8,52.53,1,0.5976115498202362,0.5682074987159733,0.24225389858828603,0.4242,0.00879502026145665,0.6775160647890505,53,41,5000,17,12,0.5917597586029789,0.564947675911659,0.24272422955963457,0.4275,0.005810322222310367,0.678477766082012
,1,,,False,,,8,,M0_class_prior,,,R2_pca8,0.0,,0.5,0.5,0.24921599999999994,0.472,1.1102230246251565e-16,0.691578359988849,0,0,10000,,,0.5,0.5,0.24921599999999994,0.472,2.220446049250313e-16,0.6915783599888489
,1,,,False,,,8,,M1_logreg,,,R2_pca8,0.01,,0.5430937018489984,0.5231638418079096,0.2479871627487055,0.4632,0.004488747438234878,0.6891282695472927,9,9,10000,,,0.5561370457755521,0.5460965588084232,0.24716376924343184,0.441,0.02538331614111806,0.6874914909530933
,1,,,False,,,8,,M2_mlp,,,R2_pca8,1.77,,0.5876632318952235,0.5594632768361583,0.2434800669879718,0.4322,0.005183157699266941,0.6799992770065768,41,41,10000,,,0.5884563992681048,0.559931946584489,0.24307396807105527,0.4325,0.013802433138483923,0.6791600898271625
5000,1,36,50,False,0,5,8,0,M3_product,False,12,R2_pca8,119.21,0,0.6029086414997432,0.571680790960452,0.24141450678481205,0.4202,0.009104040396895432,0.6757890443500764,53,53,10000,4,0,0.5992051072162301,0.5665125834617359,0.24168224089629814,0.4265,0.005796609141370793,0.6762959308461943
5000,1,36,15,False,0,5,8,8,M4_entangled,False,12,R2_pca8,42.58,5,0.6009029917822291,0.5663263995891115,0.24163922191881657,0.425,0.010116035068341574,0.6762098488867426,53,53,10000,38,32,0.5945545229840781,0.5611838726245506,0.2424114868944882,0.431,0.005362388880902859,0.6778089544054144
5000,1,36,46,False,12,5,8,8,M5_frozen,True,12,R2_pca8,121.75,5,0.6033668785310735,0.5644774011299435,0.24120564506593728,0.4256,0.012336980830973676,0.6753011515951018,53,41,10000,38,32,0.5997528248587571,0.5583911145351823,0.24122809433357395,0.433,0.012613308500652511,0.6752642114748307
5001,1,36,17,False,0,5,8,0,M3_product,False,12,R2_pca8,41.15,0,0.603854969183359,0.5687788906009246,0.24108693151549088,0.4226,0.008138290063730284,0.6750860331383417,53,53,10000,4,0,0.6016447579609656,0.5639204545454546,0.24139831694685687,0.429,0.014054721031746492,0.6757799710710524
5001,1,36,24,False,0,5,8,4,M4_entangled,False,12,R2_pca8,64.44,1,0.6054689907550077,0.571680790960452,0.24055783456151622,0.4202,0.006704782605256271,0.6739173629668636,53,53,10000,18,12,0.5981778858500256,0.5682700950179764,0.2418989302056779,0.425,0.014244853970171126,0.6768041111699167
5001,1,36,24,False,12,5,8,4,M5_frozen,True,12,R2_pca8,57.16,1,0.6049356381612738,0.5708333333333333,0.24066863181886333,0.421,0.00306607091207385,0.6741465701209343,53,41,10000,18,12,0.5982982633538777,0.5660711992809451,0.24187324145354883,0.4275,0.014136734470094838,0.6767546604770331
5002,1,36,20,False,0,5,8,0,M3_product,False,12,R2_pca8,41.88,0,0.5951587378017462,0.5639188495120698,0.24246226450974737,0.4288,0.009015237483036877,0.6779108266148718,53,53,10000,4,0,0.5902018730739599,0.5703084874165383,0.2433119887914368,0.4235,0.024884425227407362,0.6796936802865949
5002,1,36,26,False,0,5,8,4,M4_entangled,False,12,R2_pca8,71.29,2,0.5986209553158706,0.5715010272213662,0.24187656159770723,0.4216,0.011633233384265616,0.6767128740184623,53,53,10000,20,14,0.5984186408577299,0.5701479840780689,0.24177464560501413,0.4245,0.010668621123583116,0.6764708441884317
5002,1,36,26,False,12,5,8,4,M5_frozen,True,12,R2_pca8,57.48,2,0.5949581086286595,0.5662525680534155,0.24211826692630292,0.4256,0.008956772415929794,0.6772547678968415,53,41,10000,20,14,0.590162750385208,0.5558391114535183,0.242867670090577,0.437,0.016296113452554502,0.6786441530048705
5003,1,36,18,False,0,5,8,0,M3_product,False,12,R2_pca8,42.57,0,0.6035662236774524,0.5709970467385721,0.24114731192712535,0.4232,0.004046322407652737,0.6751919518212853,53,53,10000,4,0,0.598469801296867,0.5717369671289163,0.2421418481864158,0.423,0.011440292370186827,0.677283643443951
5003,1,36,50,False,0,5,8,4,M4_entangled,False,12,R2_pca8,129.48,1,0.6006102336928608,0.5726983821263483,0.24144635559426064,0.4196,0.004828906247216191,0.6758458412117899,53,53,10000,17,12,0.5954854423472007,0.5672910246533128,0.24204220080743868,0.4255,0.0069674980787630585,0.6770308436029604
5003,1,36,18,False,12,5,8,4,M5_frozen,True,12,R2_pca8,38.75,1,0.594592482023626,0.569096687211094,0.2426390638043722,0.423,0.012412322148842442,0.6783103477484473,53,41,10000,17,12,0.5862805758859784,0.5635914227015921,0.24338487418623025,0.43,0.013563041000571477,0.6797780677679018
5004,1,36,21,False,0,5,8,0,M3_product,False,12,R2_pca8,49.17,0,0.5987167758089368,0.5608436055469954,0.24202808896966285,0.4306,0.013548587594350913,0.6769942315920348,53,53,10000,4,0,0.5882377134694402,0.5728925911658962,0.2432574672956732,0.42,0.013574681063340373,0.6795279331826767
5004,1,36,14,False,0,5,8,4,M4_entangled,False,12,R2_pca8,35.22,1,0.5946244221879815,0.5644741910631741,0.24269471330481865,0.4266,0.012097458607193044,0.6784047150954076,53,53,10000,17,12,0.5871844103107344,0.5536321905495634,0.24335272234698482,0.4385,0.02343306201467774,0.6797675837094144
5004,1,36,14,False,12,5,8,4,M5_frozen,True,12,R2_pca8,27.52,1,0.5966080829481254,0.5642719568567026,0.24261008596889,0.4266,0.012622662694143472,0.6782469772452631,53,41,10000,17,12,0.5885787830636877,0.5556625577812019,0.24276803978522532,0.436,0.014337923135889056,0.6784401669665804
,2,,,False,,,8,,M0_class_prior,,,R2_pca8,0.0,,0.5,0.5,0.24921599999999994,0.472,1.1102230246251565e-16,0.691578359988849,0,0,500,,,0.5,0.5,0.24921599999999994,0.472,2.220446049250313e-16,0.6915783599888489
,2,,,False,,,8,,M1_logreg,,,R2_pca8,0.02,,0.4986650937339496,0.5020929635336415,0.2522762939324274,0.4878,0.0368293462605058,0.6978252647075011,9,9,500,,,0.5059968059835644,0.504317539804828,0.2515597091869913,0.485,0.03558556526965364,0.6963821015138222
,2,,,False,,,8,,M2_mlp,,,R2_pca8,1.48,,0.5032410439137134,0.5033737801746276,0.251321072924499,0.485,0.030241995026541083,0.6958716184987246,41,41,500,,,0.5117628884180792,0.5093814201335387,0.2507068278482261,0.479,0.025645433055731262,0.6946484505344417
5000,2,36,10,False,0,5,8,0,M3_product,False,12,R2_pca8,1.43,0,0.501567957113508,0.5036049049820236,0.24996029360661332,0.4816,0.01434996283596952,0.6930783012596068,53,53,500,4,0,0.510685509758603,0.4968140087313816,0.2495479330293067,0.488,0.020931000692765163,0.6922404849719939
5000,2,36,12,False,0,5,8,8,M4_entangled,False,12,R2_pca8,2.03,5,0.5103301553672317,0.501412429378531,0.2495606129309119,0.4828,0.014540407603625072,0.6922714781189321,53,53,500,38,32,0.5008125481510015,0.5024958269131998,0.2500089785841856,0.482,0.013419685865556447,0.6931762194825554
5000,2,36,12,False,12,5,8,8,M5_frozen,True,12,R2_pca8,1.99,5,0.5106302966101695,0.5016114535182332,0.2495770527848606,0.4838,0.015033661911918007,0.6923040424047822,53,41,500,38,32,0.5018437821006677,0.5027285567539805,0.249983053465945,0.483,0.013860946292709748,0.6931227520182531
5001,2,36,10,False,0,5,8,0,M3_product,False,12,R2_pca8,1.46,0,0.4922279468412943,0.503161915767848,0.2515153327649338,0.4768,0.026049168578285094,0.6962643182005351,53,53,500,4,0,0.5216488909219312,0.5132736260914227,0.24961268600881487,0.467,0.01714598894496981,0.6924101769291229
5001,2,36,34,False,0,5,8,4,M4_entangled,False,12,R2_pca8,7.7,1,0.5242804635336415,0.5199313045711351,0.24907145469468187,0.465,0.006360352625428329,0.6913133384006973,53,53,500,18,12,0.5374163376348229,0.5252712506420133,0.24795634634867356,0.4605,0.0020989632874921483,0.6890510624456915
5001,2,36,41,False,12,5,8,4,M5_frozen,True,12,R2_pca8,6.78,1,0.5255253274268105,0.5209553158705701,0.24890139268246475,0.4638,0.006439052552530877,0.6909638243696629,53,41,500,18,12,0.5388688928479712,0.5269966615305599,0.24787359362309946,0.4585,0.006303564065147607,0.6888831467328793
5002,2,36,10,False,0,5,8,0,M3_product,False,12,R2_pca8,1.7,0,0.4955574280945044,0.5033641499743194,0.2503330650386234,0.4782,0.011940781172682994,0.6938349776011572,53,53,500,4,0,0.5249853540703647,0.5072708012326657,0.24900363817658755,0.475,0.009608192002858928,0.6911595060819321
5002,2,36,14,False,0,5,8,4,M4_entangled,False,12,R2_pca8,3.21,2,0.5170920005136107,0.5064779147406266,0.2497397505817089,0.4756,0.022362384903897137,0.6926571744927169,53,53,500,20,14,0.5108078935541859,0.51060927067283,0.2502615797670092,0.471,0.018315084668235893,0.693717516614659
5002,2,36,21,False,12,5,8,4,M5_frozen,True,12,R2_pca8,3.1,2,0.5161575500770416,0.5078293528505393,0.25015969158719814,0.4774,0.026023943810472978,0.6935121567441278,53,41,500,20,14,0.515770456150488,0.5012760015408321,0.25019006441172253,0.484,0.03223641124485428,0.6935779442126742
5003,2,36,11,False,0,5,8,0,M3_product,False,12,R2_pca8,1.8,0,0.48170968156137645,0.4999454288649204,0.24994616654244847,0.4722,0.00286407570549564,0.6930466137756397,53,53,500,4,0,0.5159189217385722,0.5000561761684643,0.24905116883687264,0.472,0.0028752532093452433,0.6912492518777696
5003,2,36,11,False,0,5,8,4,M4_entangled,False,12,R2_pca8,1.95,1,0.5274045005136107,0.5087795326142783,0.24859943440112112,0.4684,0.007487753922066485,0.6903402801216487,53,53,500,17,12,0.5149147727272727,0.49975924499229585,0.24925684401840836,0.477,0.015336174571962125,0.6916663556155733
5003,2,36,11,False,12,5,8,4,M5_frozen,True,12,R2_pca8,2.03,1,0.5290536723163841,0.508124678993323,0.24855099840618405,0.468,0.008190102030393292,0.6902427042388078,53,41,500,17,12,0.5162479535824345,0.4953213276836158,0.24927197352707292,0.4805,0.018857762233624543,0.6916963792689089
5004,2,36,13,False,0,5,8,0,M3_product,False,12,R2_pca8,2.57,0,0.5020626284026708,0.5043464304057524,0.2515838994599883,0.4844,0.031091769958766724,0.6964106863860998,53,53,500,4,0,0.5067150584232152,0.5059546738572163,0.25113522129109106,0.4825,0.029893689952708403,0.695510564708932
5004,2,36,13,False,0,5,8,4,M4_entangled,False,12,R2_pca8,2.4,1,0.5162690998972779,0.5098324345146379,0.24948380644567983,0.475,0.010895781960180633,0.6921335168752973,53,53,500,17,12,0.5114198125321007,0.5005537365177196,0.24937603518324386,0.485,0.021291892013907465,0.6918937966869882
5004,2,36,13,False,12,5,8,4,M5_frozen,True,12,R2_pca8,2.14,1,0.5162118002054443,0.5079031843862352,0.24940941835160094,0.4768,0.011382564578088318,0.6919807149795888,53,41,500,17,12,0.5115391868900873,0.49983147149460705,0.24934947626173645,0.486,0.022846839527132772,0.6918409188529135
,2,,,False,,,8,,M0_class_prior,,,R2_pca8,0.0,,0.5,0.5,0.24921599999999994,0.472,1.1102230246251565e-16,0.691578359988849,0,0,2000,,,0.5,0.5,0.24921599999999994,0.472,2.220446049250313e-16,0.6915783599888489
,2,,,False,,,8,,M1_logreg,,,R2_pca8,0.01,,0.5292353620955317,0.5102112223934259,0.24885838942537175,0.4746,0.00942651137273868,0.6908843142233047,9,9,2000,,,0.5386401755906524,0.5133699280945043,0.24849908553582217,0.472,0.00795388651467013,0.6901679533863123
,2,,,False,,,8,,M2_mlp,,,R2_pca8,1.68,,0.5590860939907549,0.5402221366204417,0.24696124651601067,0.451,0.014912278324624896,0.6871477269326848,41,41,2000,,,0.5670402381869543,0.5447724062660504,0.24633170624347217,0.4475,0.012088763778678126,0.6858695843753021
5000,2,36,19,False,0,5,8,0,M3_product,False,12,R2_pca8,13.89,0,0.5423767334360555,0.5323574730354391,0.2482103979703933,0.4566,0.012815750767341694,0.6895974625013267,53,53,2000,4,0,0.5485031057395994,0.5345242681047766,0.2477866254521815,0.455,0.006219168797254185,0.6887269207072411
5000,2,36,38,False,0,5,8,8,M4_entangled,False,12,R2_pca8,30.48,5,0.5657688109912686,0.5433038007190549,0.24631400821840607,0.4486,0.0205217381756374,0.6857520804074274,53,53,2000,38,32,0.5941332017205958,0.5655896892655368,0.24254778172088595,0.427,0.004077033832091492,0.6780958053610129
5000,2,36,50,False,12,5,8,8,M5_frozen,True,12,R2_pca8,30.3,5,0.5650627568053416,0.5507415254237288,0.24636822101277203,0.4416,0.01604832685817092,0.685918278936097,53,41,2000,38,32,0.595740241397021,0.5703325629173087,0.24222270190683587,0.423,0.008911288448183749,0.6774744393927705
5001,2,36,50,False,0,5,8,0,M3_product,False,12,R2_pca8,28.93,0,0.5652975731895222,0.5389573703133025,0.24656494715892763,0.4516,0.022926761859330874,0.6862360825742296,53,53,2000,4,0,0.5752409556368773,0.549170197740113,0.2454193718195519,0.4425,0.014347723247361478,0.6839215263174437
5001,2,36,26,False,0,5,8,4,M4_entangled,False,12,R2_pca8,22.07,1,0.5581734720082178,0.5343477144324602,0.24680413750137759,0.4568,0.015232215149577188,0.6867147137336127,53,53,2000,18,12,0.5858482200179764,0.5451335387776065,0.24319916941819839,0.447,0.015940386844674307,0.6793468844237941
5001,2,36,50,False,12,5,8,4,M5_frozen,True,12,R2_pca8,34.31,1,0.5562538520801232,0.5400969440164355,0.24715276194014488,0.4522,0.012265520113478551,0.687428458130893,53,41,2000,18,12,0.586270544427324,0.5511042629686698,0.24324872176681028,0.442,0.018308711384615397,0.6794443865141514
5002,2,36,50,False,0,5,8,0,M3_product,False,12,R2_pca8,25.58,0,0.5496090138674885,0.5336479198767334,0.2485716807583681,0.4578,0.02075114386346745,0.6904453119180198,53,53,2000,4,0,0.5726087008859785,0.545992231638418,0.2454345782985613,0.4455,0.01738517615673774,0.6839715256021086
5002,2,36,50,False,0,5,8,4,M4_entangled,False,12,R2_pca8,28.88,2,0.5543170582948125,0.537541730868002,0.24787514686538242,0.4544,0.020344547860315927,0.6889580369629681,53,53,2000,20,14,0.5785643778890601,0.5496196070878274,0.24478691161090313,0.4425,0.01861760772562056,0.6825956405671894
5002,2,36,50,False,12,5,8,4,M5_frozen,True,12,R2_pca8,25.56,2,0.5486467963533641,0.5294844632768361,0.24842273179864852,0.4626,0.026063868055286574,0.6900582898655391,53,41,2000,20,14,0.5696875401258346,0.5567860811504879,0.24589887105951871,0.436,0.010401595953403078,0.6849046245973032
5003,2,36,24,False,0,5,8,0,M3_product,False,12,R2_pca8,13.56,0,0.5599627632254751,0.5291506163328197,0.246992066001113,0.463,0.035988699737272145,0.6870421633185582,53,53,2000,4,0,0.5770215395480227,0.5412092321520288,0.24517601757053262,0.4515,0.028063208311788546,0.6833578110892315
5003,2,36,50,False,0,5,8,4,M4_entangled,False,12,R2_pca8,31.23,1,0.5479010978428351,0.5289227015921931,0.24862730432054317,0.4626,0.03182758054831471,0.6904259879649249,53,53,2000,17,12,0.5657070573317925,0.5451897149460709,0.24661437042365988,0.447,0.020804756556135347,0.6863236625027144
5003,2,36,50,False,12,5,8,4,M5_frozen,True,12,R2_pca8,30.14,1,0.547784090909091,0.5237159732922445,0.24770747563830972,0.4676,0.026908905862576066,0.6885151417706015,53,41,2000,17,12,0.5592558262711864,0.5415944401643554,0.2469664202428714,0.4505,0.006866337947949102,0.6870574181795337
5004,2,36,50,False,0,5,8,0,M3_product,False,12,R2_pca8,31.57,0,0.5503848870056498,0.5329834360554699,0.24796981352680864,0.4562,0.010927973963572537,0.6891878051489381,53,53,2000,4,0,0.5668305807010786,0.5423247303543913,0.2462711384247649,0.447,0.005896345754815153,0.6856913394692536
5004,2,36,17,False,0,5,8,4,M4_entangled,False,12,R2_pca8,11.66,1,0.5598040254237289,0.5344857473035439,0.24667019693585698,0.4558,0.017939985520891245,0.6864390091267818,53,53,2000,17,12,0.5850988700564972,0.5374855546995377,0.24372828047698372,0.453,0.02674732605396354,0.6803848396114359
5004,2,36,21,False,12,5,8,4,M5_frozen,True,12,R2_pca8,11.42,1,0.5598743258859784,0.5393746789933231,0.24667114478445937,0.4518,0.012786672828398135,0.686440045541295,53,41,2000,17,12,0.5853747351694916,0.5520993836671804,0.243502217583598,0.44,0.012669340000472762,0.6799198544612004
,2,,,False,,,8,,M0_class_prior,,,R2_pca8,0.0,,0.5,0.5,0.24921599999999994,0.472,1.1102230246251565e-16,0.691578359988849,0,0,5000,,,0.5,0.5,0.24921599999999994,0.472,2.220446049250313e-16,0.6915783599888489
,2,,,False,,,8,,M1_logreg,,,R2_pca8,0.02,,0.5182996276322548,0.5176457370313302,0.24942696810470316,0.4672,0.006949005306141119,0.6920352394320295,9,9,5000,,,0.5373350828197226,0.5255120056497176,0.2484975127260888,0.459,0.011750407757343947,0.6901740527339327
,2,,,False,,,8,,M2_mlp,,,R2_pca8,3.85,,0.5586752054442733,0.5380457113507962,0.24699378121641466,0.4528,0.01721351508881875,0.6872056481066198,41,41,5000,,,0.5729688302516692,0.5549322675911659,0.24509653492211367,0.436,0.0075169775801773855,0.6832452675040006
5000,2,36,24,False,0,5,8,0,M3_product,False,12,R2_pca8,37.9,0,0.5921287557781202,0.5609527478171547,0.2431688132409136,0.4316,0.009006149944422354,0.6794433801471097,53,53,5000,4,0,0.602824457498716,0.5638321777092964,0.2414656340167179,0.4285,0.007164521281676674,0.6758702433479137
5000,2,36,18,False,0,5,8,8,M4_entangled,False,12,R2_pca8,36.7,5,0.568713726245506,0.5518489984591679,0.24598492446883752,0.4382,0.011833017824966818,0.68514577306264,53,53,5000,38,32,0.5981327442860811,0.5579336800205444,0.2427671157374733,0.432,0.025169770966698833,0.6785152656103105
5000,2,36,50,False,12,5,8,8,M5_frozen,True,12,R2_pca8,84.93,5,0.5794316576784797,0.5615145095017976,0.24442444458858703,0.4302,0.019605338342042117,0.6819990798852585,53,41,5000,38,32,0.5845852593733949,0.5631580636877247,0.24391420621060952,0.4285,0.016330939502985177,0.6809207115967156
5001,2,36,41,False,0,5,8,0,M3_product,False,12,R2_pca8,65.79,0,0.5958169619928094,0.5661947868515665,0.24270742290882827,0.4268,0.008901524997755808,0.6785313315149036,53,53,5000,4,0,0.6026860233692861,0.573534604519774,0.24168007495471494,0.4195,0.013911097415833271,0.6763691847792932
5001,2,36,18,False,0,5,8,4,M4_entangled,False,12,R2_pca8,32.91,1,0.5886175847457626,0.5607280431432974,0.2433277136604348,0.433,0.003666159715614274,0.6796617178993243,53,53,5000,18,12,0.6034975683744221,0.5734864535182331,0.2415849255070272,0.4205,0.020753514751436736,0.6761339334153932
5001,2,36,21,False,12,5,8,4,M5_frozen,True,12,R2_pca8,31.78,1,0.5846452876219825,0.5616878531073446,0.24383960363096338,0.4336,0.01035630371980556,0.6806830453242877,53,41,5000,18,12,0.5995923215202876,0.5716326399589111,0.2420638895311494,0.424,0.015498155127149825,0.6771092130608324
5002,2,36,41,False,0,5,8,0,M3_product,False,12,R2_pca8,65.09,0,0.5854261363636364,0.5661530559835645,0.2440803670182509,0.4272,0.011970031008812134,0.68131317794062,53,53,5000,4,0,0.6020550446199281,0.5766242937853108,0.24159360665790375,0.416,0.009986765617211867,0.6762010579694053
5002,2,36,50,False,0,5,8,4,M4_entangled,False,12,R2_pca8,85.37,2,0.5768549370826913,0.5529949922958397,0.2451519256220909,0.4396,0.011453602037632437,0.6834872437142897,53,53,5000,20,14,0.6010127760657421,0.5569465844889574,0.24204281344003944,0.435,0.022358297756826042,0.6770685928600418
5002,2,36,50,False,12,5,8,4,M5_frozen,True,12,R2_pca8,66.95,2,0.5734119799691834,0.5526065742167436,0.24555123468599407,0.4402,0.012021536954179077,0.684248164205371,53,41,5000,20,14,0.6078351710965588,0.5755408962506421,0.24128303880663862,0.4175,0.015508886869678933,0.6755459633267522
5003,2,36,21,False,0,5,8,0,M3_product,False,12,R2_pca8,27.37,0,0.5715527092963534,0.5554892141756549,0.24558435992401828,0.4382,0.02330709910577174,0.6843245000082304,53,53,5000,4,0,0.606564185285054,0.5735907806882383,0.24146479604692395,0.4195,0.013859848178706523,0.6759315633806697
5003,2,36,50,False,0,5,8,4,M4_entangled,False,12,R2_pca8,81.17,1,0.5846873394966615,0.5595017976373908,0.24424228157043396,0.4342,0.013852865582357017,0.681688701540701,53,53,5000,17,12,0.5972158689650744,0.567074345146379,0.2424915411225557,0.4265,0.007387338727233066,0.6780084577628416
5003,2,36,50,False,12,5,8,4,M5_frozen,True,12,R2_pca8,68.19,1,0.5835968798151001,0.560121340523883,0.24433534662707307,0.433,0.0095673992865997,0.6818594912762276,53,41,5000,17,12,0.590541939522342,0.5619141628145865,0.24341012828714675,0.431,0.009403967173778945,0.6798806431430238
5004,2,36,26,False,0,5,8,0,M3_product,False,12,R2_pca8,38.95,0,0.5402007896764253,0.5338341037493579,0.24821290455385783,0.4544,0.009177702689850261,0.6896065022056163,53,53,5000,4,0,0.5474006484334875,0.5307765151515151,0.24752409866588973,0.457,0.012102525220332908,0.6881755123270762
5004,2,36,50,False,0,5,8,4,M4_entangled,False,12,R2_pca8,81.23,1,0.5746414355418593,0.556208269131998,0.2452042306860318,0.4354,0.013796880850499947,0.6835588794791416,53,53,5000,17,12,0.5666961591551105,0.5459360554699537,0.2456045056906334,0.4455,0.019079613250665442,0.6842963849667272
5004,2,36,16,False,12,5,8,4,M5_frozen,True,12,R2_pca8,21.43,1,0.5588621918335901,0.5454352850539291,0.24665167134215876,0.4426,0.009136740498061388,0.6864596088259701,53,41,5000,17,12,0.5557097056368773,0.5334488957370314,0.24668239162844668,0.454,0.011266125951969578,0.6864652268832262
,2,,,False,,,8,,M0_class_prior,,,R2_pca8,0.0,,0.5,0.5,0.24921599999999994,0.472,1.1102230246251565e-16,0.691578359988849,0,0,10000,,,0.5,0.5,0.24921599999999994,0.472,2.220446049250313e-16,0.6915783599888489
,2,,,False,,,8,,M1_logreg,,,R2_pca8,0.01,,0.5318331086286595,0.5242199537750385,0.24869630616928393,0.4618,0.009164790268255441,0.6905669990336589,9,9,10000,,,0.5380934610939907,0.530961093990755,0.24871013149722063,0.4555,0.019609826519666505,0.690624236979502
,2,,,False,,,8,,M2_mlp,,,R2_pca8,7.64,,0.5924967899332306,0.5718637647663072,0.2430167363669958,0.422,0.01012971903340521,0.679105885251381,41,41,10000,,,0.5974506050975861,0.5642013353877761,0.24180847132396294,0.429,0.005482440812307997,0.6764983986627819
5000,2,36,50,False,0,5,8,0,M3_product,False,12,R2_pca8,148.23,0,0.5956022085259374,0.5671963276836158,0.24255690060661317,0.4256,0.011705682226823222,0.678218294410596,53,53,10000,4,0,0.6180772903826399,0.5841519003595275,0.23911255713155755,0.409,0.015375958568931754,0.6709898226490243
5000,2,36,50,False,0,5,8,8,M4_entangled,False,12,R2_pca8,172.22,5,0.6079847200821777,0.5772245762711865,0.24020772606338106,0.4152,0.0046342932770442645,0.6732595449565695,53,53,10000,38,32,0.6167711944658448,0.5777879429892142,0.23885939277370394,0.414,0.014463642766360278,0.6703771381764466
5000,2,36,47,False,12,5,8,8,M5_frozen,True,12,R2_pca8,136.2,5,0.5974337121212121,0.565042372881356,0.24204039839804536,0.426,0.006128078085973064,0.6770461216707098,53,41,10000,38,32,0.6174814217385721,0.5743531715459682,0.23935374787422398,0.4165,0.03128397432448817,0.671492291736887
5001,2,36,24,False,0,5,8,0,M3_product,False,12,R2_pca8,71.52,0,0.5962227144324601,0.5713758346173601,0.2423370433223597,0.4228,0.009531917684823471,0.6777177728786251,53,53,10000,4,0,0.6209583253081664,0.5816560734463276,0.23856923503761152,0.413,0.01561144627471568,0.6698697582115103
5001,2,36,18,False,0,5,8,4,M4_entangled,False,12,R2_pca8,64.61,1,0.5966917051874678,0.5689875449409347,0.2421949443850846,0.4234,0.009933310820117143,0.677423950013093,53,53,10000,18,12,0.6117594777221367,0.5725876348228043,0.24033972412866988,0.4205,0.025799284862898952,0.6735552616393456
5001,2,36,43,False,12,5,8,4,M5_frozen,True,12,R2_pca8,128.72,1,0.5854725218284541,0.5587378017462763,0.24348786544371495,0.4342,0.01138992868456045,0.679963788375344,53,41,10000,18,12,0.6081521651900359,0.5734463276836158,0.2408180674207655,0.419,0.008504447753197168,0.6745613756859995
5002,2,36,50,False,0,5,8,0,M3_product,False,12,R2_pca8,143.51,0,0.5974675783256291,0.5648914997431946,0.2418835789546701,0.4282,0.013310787005986209,0.6767589416990695,53,53,10000,4,0,0.6205309851694916,0.5808054057524397,0.2384253317252363,0.412,0.02766368800434583,0.6695247595656278
5002,2,36,38,False,0,5,8,4,M4_entangled,False,12,R2_pca8,123.65,2,0.6010472842835131,0.5693727529532614,0.2413374434561605,0.4238,0.007303372650173569,0.6755817242237814,53,53,10000,20,14,0.6275670502696455,0.5873539419619929,0.23707731002867924,0.4055,0.014223892773720236,0.6667173204426297
5002,2,36,38,False,12,5,8,4,M5_frozen,True,12,R2_pca8,101.17,2,0.6025353107344633,0.5697290703646636,0.24111633197424626,0.4234,0.005365831810094005,0.6750987576976843,53,41,10000,20,14,0.6267123699922958,0.5870489856189008,0.23723156222601835,0.406,0.016141256380809734,0.6670150569785188
5003,2,36,20,False,0,5,8,0,M3_product,False,12,R2_pca8,56.83,0,0.5945969761171033,0.5695525166923472,0.24256332790535434,0.4224,0.016034317516943446,0.6782219918962444,53,53,10000,4,0,0.6223667421032357,0.5763995891114535,0.23797380406495214,0.416,0.01897986870388958,0.6684921298120657
5003,2,36,20,False,0,5,8,4,M4_entangled,False,12,R2_pca8,60.36,1,0.5989003916281459,0.5690068053415511,0.24178736619701857,0.423,0.009811230017037837,0.6765689070042348,53,53,10000,17,12,0.6173791008602979,0.5768088726245506,0.23927405721757816,0.4145,0.021265602471803653,0.6712836579706848
5003,2,36,50,False,12,5,8,4,M5_frozen,True,12,R2_pca8,128.04,1,0.5900566576784797,0.5642944273240884,0.24360350187427285,0.428,0.013233508184495238,0.6804354710065127,53,41,10000,17,12,0.6140215716486902,0.5724993579866461,0.24000148834907176,0.42,0.017350734048547176,0.6729012367155726
5004,2,36,23,False,0,5,8,0,M3_product,False,12,R2_pca8,65.25,0,0.580137069851053,0.5548760914227016,0.2444838696586101,0.4346,0.008463046162967787,0.682056835891549,53,53,10000,4,0,0.585572354904982,0.5449168592706728,0.24372270607162336,0.4445,0.01750055342824705,0.6804549971747001
5004,2,36,23,False,0,5,8,4,M4_entangled,False,12,R2_pca8,77.61,1,0.5812369992295839,0.550751155624037,0.24423231114896615,0.4386,0.004685149718926927,0.6815192402687535,53,53,10000,17,12,0.5793077089753467,0.5415462891628147,0.24397879387216068,0.448,0.016914834164093673,0.6809294710610707
5004,2,36,26,False,12,5,8,4,M5_frozen,True,12,R2_pca8,65.14,1,0.5894979455572676,0.5591615305598356,0.24345262590987354,0.4324,0.01254518022077801,0.6799767198267848,53,41,10000,17,12,0.607352657935285,0.5781009244992296,0.2412060146784044,0.4145,0.022092412553824298,0.6753985540719165
,3,,,False,,,8,,M0_class_prior,,,R2_pca8,0.0,,0.5,0.5,0.24921599999999994,0.472,1.1102230246251565e-16,0.691578359988849,0,0,500,,,0.5,0.5,0.24921599999999994,0.472,2.220446049250313e-16,0.6915783599888489
,3,,,False,,,8,,M1_logreg,,,R2_pca8,0.01,,0.5368949024139702,0.527972521828454,0.2495826197122416,0.4632,0.025444778240632543,0.6924953193386852,9,9,500,,,0.5250475491140215,0.5222698382126348,0.25084582958642704,0.468,0.03324298249977746,0.6951573966365721
,3,,,False,,,8,,M2_mlp,,,R2_pca8,0.14,,0.533190966872111,0.5231349512069852,0.24935651936842979,0.4708,0.02129452516087985,0.6918992072291587,41,41,500,,,0.5232087827426811,0.5142928222907036,0.2497808105834,0.4785,0.024878903631639547,0.6927481424837024
5000,3,36,13,False,0,5,8,0,M3_product,False,12,R2_pca8,2.7,0,0.5295257126348227,0.5051778376990241,0.24860639779863491,0.4718,0.0008337247358956397,0.6903526961848939,53,53,500,4,0,0.5174276531201849,0.5033224191063174,0.24913860893205475,0.473,0.0023141343747226394,0.6914303393781354
5000,3,36,11,False,0,5,8,8,M4_entangled,False,12,R2_pca8,2.05,5,0.527476727015922,0.5173728813559322,0.2485944664745234,0.4682,0.006217991243331021,0.6903323749066029,53,53,500,38,32,0.5089691271828454,0.5087955829481253,0.24931178307415247,0.476,0.00777816373059657,0.6917724827848409
5000,3,36,11,False,12,5,8,8,M5_frozen,True,12,R2_pca8,1.41,5,0.5265591294298921,0.5178030303030303,0.2486318380859415,0.4672,0.005798906132973255,0.690406955497645,53,41,500,38,32,0.5080351983821263,0.5092931432973806,0.24934601727471822,0.475,0.0066514205235666864,0.6918411446089044
5001,3,36,15,False,0,5,8,0,M3_product,False,12,R2_pca8,1.94,0,0.5374841101694916,0.522011427837699,0.2483818712301767,0.4652,0.006176215702330341,0.6899325292059714,53,53,500,4,0,0.5245018377632256,0.510593220338983,0.24926874550387762,0.476,0.016292558341583288,0.6917361962733467
5001,3,36,15,False,0,5,8,4,M4_entangled,False,12,R2_pca8,2.5,1,0.5058317282999486,0.5,0.24945145775315927,0.472,0.0035747108729936392,0.6920545095731045,53,53,500,18,12,0.5239360634951207,0.5,0.24906174033749948,0.472,0.002197325845347279,0.6912764424096416
5001,3,36,15,False,12,5,8,4,M5_frozen,True,12,R2_pca8,2.78,1,0.5064824088341038,0.5,0.24944624131596066,0.472,0.0018293183500290588,0.6920452292943634,53,41,500,18,12,0.5247496147919877,0.5,0.24904882644816145,0.472,0.0010282635422760099,0.6912517508694617
5002,3,36,13,False,0,5,8,0,M3_product,False,12,R2_pca8,2.16,0,0.5373614856189008,0.5287108371854135,0.24848643423967087,0.46,0.012475775784574747,0.6901268076156428,53,53,500,4,0,0.5195382720210581,0.5290190035952749,0.2499690162837737,0.4585,0.018777785588476693,0.6931629603663648
5002,3,36,13,False,0,5,8,4,M4_entangled,False,12,R2_pca8,1.84,2,0.5320590973292244,0.5218252439650745,0.24905588080828348,0.4672,0.020617512217381496,0.6912787384049454,53,53,500,20,14,0.5150391628145865,0.5193246019517206,0.2502266853213817,0.4685,0.02419322108936287,0.6936567253432572
5002,3,36,13,False,12,5,8,4,M5_frozen,True,12,R2_pca8,1.72,2,0.5317217193117616,0.5156843862352336,0.24918407807642934,0.4748,0.02713578388322324,0.6915383254684013,53,41,500,20,14,0.5149649300205443,0.5166602465331279,0.25038271114547095,0.4725,0.028832911263791824,0.6939731859158847
5003,3,36,11,False,0,5,8,0,M3_product,False,12,R2_pca8,1.56,0,0.5430591936312275,0.5281490755007704,0.24799582903676337,0.4516,0.017822886907970997,0.6891358152176887,53,53,500,4,0,0.5334709649460709,0.5130168207498715,0.24849749425142306,0.4665,0.002326737546449269,0.6901393384552207
5003,3,36,12,False,0,5,8,4,M4_entangled,False,12,R2_pca8,2.05,1,0.5322902221366204,0.5228011042629687,0.24836092462595966,0.46,0.003942014898584181,0.6898679525616379,53,53,500,17,12,0.522023064329738,0.5186103620955316,0.24875610196208675,0.4635,0.0010322373926188735,0.6906624613550181
5003,3,36,12,False,12,5,8,4,M5_frozen,True,12,R2_pca8,2.13,1,0.5316074409347715,0.528235747303544,0.2484454059852993,0.4554,0.009293961495660003,0.6900399857470231,53,41,500,17,12,0.5253886187082691,0.5263064971751412,0.24866153682147574,0.4565,0.00814824888951414,0.69047240902421
5004,3,36,10,False,0,5,8,0,M3_product,False,12,R2_pca8,1.74,0,0.5260747303543913,0.5128177966101695,0.24898890055408546,0.4634,0.011209051072747762,0.6911471145266456,53,53,500,4,0,0.5343928559964048,0.5106172958397535,0.248440576367161,0.465,0.010789256169001104,0.6900258342592952
5004,3,36,17,False,0,5,8,4,M4_entangled,False,12,R2_pca8,2.47,1,0.5394868708269132,0.5284315613764766,0.2481394624826281,0.4588,0.007148187304081076,0.6894224717830826,53,53,500,17,12,0.5351803255007704,0.5164114663585002,0.24838081234169873,0.4695,0.005843705467763992,0.6899103894710588
5004,3,36,17,False,12,5,8,4,M5_frozen,True,12,R2_pca8,2.1,1,0.5383590138674884,0.5203999743194658,0.24818999230290925,0.4646,0.004930704477519385,0.6895183889802236,53,41,500,17,12,0.5373782180919363,0.5156410503338469,0.248263974264012,0.468,0.004066718258933242,0.6896690001922698
,3,,,False,,,8,,M0_class_prior,,,R2_pca8,0.0,,0.5,0.5,0.24921599999999994,0.472,1.1102230246251565e-16,0.691578359988849,0,0,2000,,,0.5,0.5,0.24921599999999994,0.472,2.220446049250313e-16,0.6915783599888489
,3,,,False,,,8,,M1_logreg,,,R2_pca8,0.01,,0.5121651900359527,0.5100250385208012,0.24973991241811355,0.4752,0.009117608796483021,0.6926424101780772,9,9,2000,,,0.5304906185798665,0.5002086543400103,0.2485731334320826,0.484,0.0180379817825066,0.6902887026077663
,3,,,False,,,8,,M2_mlp,,,R2_pca8,0.32,,0.5223751284026708,0.5159411915767848,0.2492362302401959,0.4732,0.009495986492012217,0.6916253618746085,41,41,2000,,,0.5376139573703133,0.5146780303030303,0.24818978745849993,0.474,0.009888983357556516,0.689512161932299
5000,3,36,21,False,0,5,8,0,M3_product,False,12,R2_pca8,10.39,0,0.5277173215202876,0.5205989984591679,0.2499086382143446,0.4754,0.02226017226526596,0.6930255256089264,53,53,2000,4,0,0.5535740080893683,0.5439377889060093,0.2475142040705381,0.452,0.018829399910825877,0.6881915127104994
5000,3,36,9,False,0,5,8,8,M4_entangled,False,12,R2_pca8,5.22,5,0.517621340523883,0.5030238828967643,0.24975103093171475,0.482,0.024409917099945184,0.6926684299422273,53,53,2000,38,32,0.5511203133025167,0.5238427709296354,0.24734412072136971,0.461,0.0037530513805968087,0.6878065006340425
5000,3,36,9,False,12,5,8,8,M5_frozen,True,12,R2_pca8,4.29,5,0.5172419106317412,0.5051714175654853,0.2497156757008068,0.4808,0.02137547732887665,0.6925939579280418,53,41,2000,38,32,0.5509828823189522,0.523072354904982,0.24733011196937985,0.463,0.002883160242754504,0.6877783701864257
5001,3,36,50,False,0,5,8,0,M3_product,False,12,R2_pca8,25.0,0,0.5770290832049307,0.5549178222907036,0.24487091387714013,0.4356,0.011833395850518923,0.6829188271114417,53,53,2000,4,0,0.5916383779532615,0.5588565742167437,0.24236273858057295,0.4315,0.012203392571477551,0.677671389104778
5001,3,36,19,False,0,5,8,4,M4_entangled,False,12,R2_pca8,13.28,1,0.5634264252696456,0.5420005136106831,0.24623782591669302,0.4486,0.011443114657467696,0.6855963042025148,53,53,2000,18,12,0.562460877311248,0.5415543143297381,0.24622407843365482,0.449,0.012591999624316041,0.6855816205176812
5001,3,36,19,False,12,5,8,4,M5_frozen,True,12,R2_pca8,10.79,1,0.5651001540832049,0.5407550077041603,0.24607167097305982,0.4516,0.01208984604860466,0.6852556478444362,53,41,2000,18,12,0.5674916538263995,0.557195364663585,0.24572257555974758,0.4345,0.015852199689862196,0.6845569075387217
5002,3,36,50,False,0,5,8,0,M3_product,False,12,R2_pca8,32.96,0,0.5648767334360555,0.5514188495120699,0.24681673197230175,0.442,0.023910570094455193,0.6869046599834732,53,53,2000,4,0,0.5802717321520288,0.5536963918849512,0.24461515210803497,0.4395,0.010748993801542643,0.6823356190771785
5002,3,36,14,False,0,5,8,4,M4_entangled,False,12,R2_pca8,8.65,2,0.5122727272727272,0.5067539804827941,0.24993226932785684,0.4778,0.018756833202602345,0.69304703053212,53,53,2000,20,14,0.5320575324216743,0.5048873266563945,0.24830022654876857,0.479,0.01970064437824054,0.6897364977263044
5002,3,36,50,False,12,5,8,4,M5_frozen,True,12,R2_pca8,25.0,2,0.5269713020030817,0.5151386748844375,0.25068716734576457,0.4782,0.03584013427104857,0.6947709168530357,53,41,2000,20,14,0.5490297573189522,0.5182492295839753,0.24784068255431202,0.4745,0.03396620977625545,0.6889224803564736
5003,3,36,13,False,0,5,8,0,M3_product,False,12,R2_pca8,7.63,0,0.5219730675398049,0.5102144324601952,0.24912299448094827,0.4778,0.010517025737627307,0.6913925908167229,53,53,2000,4,0,0.5384736533769903,0.5093172187981511,0.24823151128200238,0.478,0.010694712231563638,0.6895948811785786
5003,3,36,50,False,0,5,8,4,M4_entangled,False,12,R2_pca8,29.26,1,0.5445542822290703,0.5348966358500257,0.24773968638697896,0.4538,0.009403147727675884,0.6886367192487204,53,53,2000,17,12,0.5673512134052388,0.5370762711864407,0.2454200463207687,0.451,0.0093445385193433,0.6838660762370949
5003,3,36,50,False,12,5,8,4,M5_frozen,True,12,R2_pca8,22.05,1,0.5465104969183359,0.5312403697996919,0.24753230199713616,0.4574,0.011172215771028804,0.6882111619527822,53,41,2000,17,12,0.5684155511684643,0.5402542372881356,0.24536405882604112,0.448,0.01272308512337036,0.6837676458102747
5004,3,36,50,False,0,5,8,0,M3_product,False,12,R2_pca8,23.24,0,0.5483853364149974,0.5342770929635337,0.24839818237901487,0.4564,0.02294088193864079,0.6900729668505032,53,53,2000,4,0,0.5705171417565484,0.5284572419106317,0.24535086895879465,0.462,0.025096357807654863,0.6837437551204543
5004,3,36,50,False,0,5,8,4,M4_entangled,False,12,R2_pca8,26.19,1,0.5730026964560863,0.5534444016435541,0.24576909207229725,0.4396,0.020257375682686863,0.6847841999804753,53,53,2000,17,12,0.5960772984078069,0.5642013353877761,0.24236753414717016,0.429,0.005490506004123805,0.6777363413016017
5004,3,36,50,False,12,5,8,4,M5_frozen,True,12,R2_pca8,21.59,1,0.5673693502824859,0.5441705187467899,0.2459775919530106,0.4474,0.0033632275779042625,0.6851095963015946,53,41,2000,17,12,0.5879859238572162,0.5500609912686184,0.24371980421344114,0.4415,0.004917876077808289,0.6804686923372797
,3,,,False,,,8,,M0_class_prior,,,R2_pca8,0.0,,0.5,0.5,0.24921599999999994,0.472,1.1102230246251565e-16,0.691578359988849,0,0,5000,,,0.5,0.5,0.24921599999999994,0.472,2.220446049250313e-16,0.6915783599888489
,3,,,False,,,8,,M1_logreg,,,R2_pca8,0.01,,0.5195146379044684,0.5102850539291217,0.24917640217091203,0.474,0.006730801366374708,0.6915098272349057,9,9,5000,,,0.537275897213662,0.5133619029275809,0.24808842975353873,0.471,0.003921098439136832,0.6893060871478928
,3,,,False,,,8,,M2_mlp,,,R2_pca8,2.73,,0.5845963341037493,0.5589111453518233,0.2436601318724355,0.4306,0.007390485969081563,0.6803536571789999,41,41,5000,,,0.5891656233949666,0.5463934899845917,0.24343941023814283,0.443,0.01703069513828974,0.6798880527959893
5000,3,36,28,False,0,5,8,0,M3_product,False,12,R2_pca8,32.59,0,0.5710487288135593,0.5514413199794556,0.24551200442768287,0.4406,0.015152587568981348,0.6841066951296613,53,53,5000,4,0,0.5960441945942476,0.5646908705701078,0.24234792920573073,0.427,0.005406582792050737,0.6776664192706223
5000,3,36,50,False,0,5,8,8,M4_entangled,False,12,R2_pca8,73.4,5,0.5897218477144324,0.5641852850539291,0.24303533200595884,0.427,0.011171764924148295,0.6792023796046904,53,53,5000,38,32,0.613219054956343,0.5778922701592193,0.24010004145692754,0.413,0.011830553808815975,0.6732073087599212
5000,3,36,50,False,12,5,8,8,M5_frozen,True,12,R2_pca8,60.84,5,0.5835965588084232,0.5666217257318953,0.24370626386003788,0.424,0.020128332048411395,0.6805641456857235,53,41,5000,38,32,0.6069483901515151,0.5776113893168978,0.24099009322466078,0.413,0.01799063201284397,0.6749980648186479
5001,3,36,14,False,0,5,8,0,M3_product,False,12,R2_pca8,16.95,0,0.5705095980996405,0.5506099126861839,0.24549455420363833,0.4392,0.008114492514775569,0.6840776534372016,53,53,5000,4,0,0.5806479118515665,0.552893875192604,0.24447063562248725,0.4375,0.01015046652869318,0.6819907733770431
5001,3,36,16,False,0,5,8,4,M4_entangled,False,12,R2_pca8,21.5,1,0.592765954031844,0.5653312788906009,0.2426620266522959,0.427,0.00948547736416429,0.6783210696915426,53,53,5000,18,12,0.6082916024653313,0.5744494735490497,0.2406934562878427,0.418,0.020658374569376865,0.6743199898955975
5001,3,36,50,False,12,5,8,4,M5_frozen,True,12,R2_pca8,60.02,1,0.5892021379044685,0.563408448895737,0.24300029589882305,0.4282,0.004906253229019533,0.678978903796641,53,41,5000,18,12,0.6112338292886492,0.5809659090909092,0.23994258130015259,0.411,0.01926053439920969,0.6727473361591758
5002,3,36,25,False,0,5,8,0,M3_product,False,12,R2_pca8,29.92,0,0.5643493194658449,0.5500545711350796,0.24605451204335888,0.44,0.012279731718750148,0.6852236611572393,53,53,5000,4,0,0.5725856285310734,0.5436970338983051,0.2451174869125923,0.4465,0.003925833686539755,0.6832960710465561
5002,3,36,46,False,0,5,8,4,M4_entangled,False,12,R2_pca8,65.74,2,0.5951698125321006,0.5667693888032871,0.24220278288985786,0.427,0.007392579659575759,0.6772804975696636,53,53,5000,20,14,0.6113441753338471,0.5827073703133026,0.23975632353696733,0.411,0.013405493935429962,0.672277524449425
5002,3,36,26,False,12,5,8,4,M5_frozen,True,12,R2_pca8,30.37,2,0.5945494671289163,0.5656298151001541,0.24229156725122852,0.4278,0.006509658694516267,0.6774678056768227,53,41,5000,20,14,0.6110412252824858,0.581728299948639,0.2398975378439609,0.4115,0.012859117097648785,0.6725890217556588
5003,3,36,21,False,0,5,8,0,M3_product,False,12,R2_pca8,24.44,0,0.5723401386748844,0.5474833076527992,0.2454711663517197,0.4444,0.014942799050219214,0.6840426514283136,53,53,5000,4,0,0.5929324361196713,0.5648353235747303,0.24260565329277034,0.4275,0.006469954274992091,0.6781887272610443
5003,3,36,50,False,0,5,8,4,M4_entangled,False,12,R2_pca8,62.38,1,0.5736947868515665,0.5523722393425783,0.24516082910050233,0.4404,0.013984090716099842,0.6834310465115746,53,53,5000,17,12,0.5861742424242424,0.5543063045711351,0.24361101465826068,0.4385,0.00834822515974733,0.6802601993236792
5003,3,36,42,False,12,5,8,4,M5_frozen,True,12,R2_pca8,41.74,1,0.5760631741140216,0.5493323061119672,0.24477772328318584,0.4424,0.010596783686336864,0.682635528436859,53,41,5000,17,12,0.5857669652028763,0.5453261427837699,0.24346276484187257,0.4465,0.02318358388478402,0.6799294718884011
5004,3,36,50,False,0,5,8,0,M3_product,False,12,R2_pca8,56.78,0,0.5751547252182845,0.5532774781715459,0.24465555873931588,0.437,0.00693508488809248,0.6823796818733657,53,53,5000,4,0,0.588385175911659,0.5529179506933743,0.24340556371887012,0.437,0.0057740058695140645,0.6798332570309665
5004,3,36,50,False,0,5,8,4,M4_entangled,False,12,R2_pca8,66.59,1,0.5914718156137647,0.5617937853107344,0.2427913774776209,0.4328,0.012044610960228356,0.6784890416352649,53,53,5000,17,12,0.6122399845916795,0.5844648818695429,0.23972698830137337,0.4095,0.013012598344463399,0.6722876868026296
5004,3,36,49,False,12,5,8,4,M5_frozen,True,12,R2_pca8,62.03,1,0.5919823767334361,0.569138418079096,0.2428505095614583,0.4254,0.015619761078655195,0.6786574418679605,53,41,5000,17,12,0.6176559691191577,0.5838790446841294,0.23908237670044638,0.41,0.01327591306820001,0.6709936643135891
,3,,,False,,,8,,M0_class_prior,,,R2_pca8,0.0,,0.5,0.5,0.24921599999999994,0.472,1.1102230246251565e-16,0.691578359988849,0,0,10000,,,0.5,0.5,0.24921599999999994,0.472,2.220446049250313e-16,0.6915783599888489
,3,,,False,,,8,,M1_logreg,,,R2_pca8,0.01,,0.5294249165382641,0.5151226245505907,0.24869401388110615,0.4692,0.004114555480770676,0.6905482448604402,9,9,10000,,,0.5516690340909091,0.5324296995377504,0.24738230946635456,0.453,0.013022921199912869,0.6879008728072612
,3,,,False,,,8,,M2_mlp,,,R2_pca8,6.15,,0.6001691705187467,0.5679378531073447,0.24169087117215748,0.4242,0.00807157514673637,0.6763934607519112,41,41,10000,,,0.6197364936440677,0.5843124036979969,0.23921724287462123,0.408,0.018001083499124337,0.6713350178114577
5000,3,36,47,False,0,5,8,0,M3_product,False,12,R2_pca8,112.21,0,0.6044345467385721,0.5743483564458141,0.24059416253513105,0.4194,0.006723845688342053,0.6740032242633104,53,53,10000,4,0,0.6272921883025167,0.5855803800719055,0.23726035735002388,0.4085,0.013045746734224033,0.6671962382138474
5000,3,36,33,False,0,5,8,8,M4_entangled,False,12,R2_pca8,86.92,5,0.6172234527478171,0.583503466872111,0.2388412829949103,0.4094,0.012003412573799723,0.6704776420660867,53,53,10000,38,32,0.6412971077298408,0.5994478685156651,0.23487431475264225,0.3935,0.024012015582025356,0.6622322012025372
5000,3,36,37,False,12,5,8,8,M5_frozen,True,12,R2_pca8,84.69,5,0.5873308294812533,0.5659925526450951,0.2431890786905735,0.4254,0.01850346308769424,0.6794260739640097,53,41,10000,38,32,0.6023218814201335,0.5821616589625065,0.24052868255019774,0.4095,0.019433487320417983,0.673873855894727
5001,3,36,20,False,0,5,8,0,M3_product,False,12,R2_pca8,49.57,0,0.5914931625577813,0.5629429892141756,0.2427887744886608,0.429,0.014471007129700857,0.6786344628704961,53,53,10000,4,0,0.6120544026065742,0.5710227272727273,0.2400722420132857,0.4215,0.012601272591931034,0.6730465109573289
5001,3,36,50,False,0,5,8,4,M4_entangled,False,12,R2_pca8,138.01,1,0.6110495313302516,0.5690421160760144,0.2395737311904777,0.4246,0.005668512080668384,0.6718857691063889,53,53,10000,18,12,0.6304210002568054,0.5923776964560863,0.2369109516431682,0.4015,0.027018454438354742,0.6663904562766987
5001,3,36,50,False,12,5,8,4,M5_frozen,True,12,R2_pca8,118.41,1,0.6108999422187982,0.571581278890601,0.23970319367173507,0.4218,0.005592676202759532,0.6721748455261967,53,41,10000,18,12,0.6309687178993324,0.5929876091422701,0.23689190256886491,0.4005,0.025333680764593088,0.6663701027113804
5002,3,36,38,False,0,5,8,0,M3_product,False,12,R2_pca8,83.45,0,0.6116904211607601,0.5854038263995891,0.23983843075895575,0.4082,0.014189824385742624,0.6725996061074254,53,53,10000,4,0,0.6368451463790447,0.6094873523369286,0.23614431213008805,0.3845,0.035298211533673705,0.6649958702795747
5002,3,36,50,False,0,5,8,4,M4_entangled,False,12,R2_pca8,115.98,2,0.6130365626605034,0.5785214432460195,0.23938866370866263,0.4144,0.007202700563102073,0.6715573624325798,53,53,10000,20,14,0.6352571664740626,0.5978588854648177,0.23619769705231625,0.395,0.02189531122002974,0.6650097674573126
5002,3,36,50,False,12,5,8,4,M5_frozen,True,12,R2_pca8,99.81,2,0.6138339432460196,0.5819369542886492,0.23935482178501205,0.4116,0.01119780435616303,0.6715314146655327,53,41,10000,20,14,0.6350284492167437,0.5948574730354391,0.23631828031089724,0.399,0.020750195089546723,0.6652984827435194
5003,3,36,50,False,0,5,8,0,M3_product,False,12,R2_pca8,114.56,0,0.6178755778120184,0.5834938366718028,0.2387416940873095,0.4096,0.008761554203626348,0.6703135481187581,53,53,10000,4,0,0.6399348356445814,0.6029628916281459,0.23557319527887843,0.3905,0.026612640975343795,0.6638244105249309
5003,3,36,13,False,0,5,8,4,M4_entangled,False,12,R2_pca8,35.37,1,0.5845729006163328,0.5536113251155624,0.24398873558212716,0.4366,0.012036566417229843,0.6810719370425604,53,53,10000,17,12,0.6097210853235747,0.5800028890600925,0.240693617221411,0.41,0.017055286745748157,0.6743228953091546
5003,3,36,35,False,12,5,8,4,M5_frozen,True,12,R2_pca8,66.6,1,0.5867396956856703,0.5709328454031843,0.24367267122307393,0.4222,0.020218199381358683,0.6804865008644455,53,41,10000,17,12,0.6100210259373395,0.5795775552131485,0.24033920021835853,0.413,0.01772543052649403,0.6735555199694211
5004,3,36,50,False,0,5,8,0,M3_product,False,12,R2_pca8,108.37,0,0.5916809514637904,0.5621661530559836,0.24249047787107555,0.4288,0.006159660210270696,0.6778970472625883,53,53,10000,4,0,0.6032026434899846,0.5701479840780689,0.2412187262219913,0.421,0.015012443887553533,0.6754048196370122
5004,3,36,50,False,0,5,8,4,M4_entangled,False,12,R2_pca8,114.15,1,0.6134068438623523,0.5834135850025681,0.2394236457463047,0.4094,0.011459700385118753,0.6716718370388683,53,53,10000,17,12,0.6362623186312275,0.6009806753980482,0.23612554290184237,0.392,0.02767029299561479,0.6649039994338061
5004,3,36,39,False,12,5,8,4,M5_frozen,True,12,R2_pca8,79.64,1,0.5990392270159219,0.5670294042116076,0.24164267909683576,0.4258,0.0063574467315795705,0.6762010985671496,53,41,10000,17,12,0.6184103348099641,0.5857970595788392,0.23863043072501666,0.4075,0.015473016222992346,0.6700250164934816
,4,,,False,,,8,,M0_class_prior,,,R2_pca8,0.0,,0.5,0.5,0.24921599999999994,0.472,1.1102230246251565e-16,0.691578359988849,0,0,500,,,0.5,0.5,0.24921599999999994,0.472,2.220446049250313e-16,0.6915783599888489
,4,,,False,,,8,,M1_logreg,,,R2_pca8,0.03,,0.5280017334360555,0.5340973292244479,0.25004823176921526,0.455,0.029088151375420528,0.6934624295178559,9,9,500,,,0.5169310959167951,0.5114117873651772,0.24997098574229984,0.4765,0.021133389833012408,0.6931339032046803
,4,,,False,,,8,,M2_mlp,,,R2_pca8,1.55,,0.5397353299948638,0.5341679506933744,0.24937417281307325,0.454,0.020542612457588365,0.6921502688279199,41,41,500,,,0.5222708413585003,0.5033785952747817,0.2506169078554821,0.4835,0.042653306408985674,0.694515824925789
5000,4,36,17,False,0,5,8,0,M3_product,False,12,R2_pca8,2.46,0,0.5201561697483308,0.514836928608115,0.24904762786502196,0.4658,0.002892695297384407,0.6912541020771803,53,53,500,4,0,0.5268341519003595,0.5089801617873652,0.24848726609950134,0.471,0.00837909860659047,0.6901039775955443
5000,4,36,18,False,0,5,8,8,M4_entangled,False,12,R2_pca8,3.29,5,0.5336711928608115,0.5293624807395994,0.24876846703629835,0.4572,0.01490406174382793,0.690728278814136,53,53,500,38,32,0.5371826046481767,0.5188430919363123,0.2480776281323254,0.468,0.008822736224988638,0.6892956776973544
5000,4,36,18,False,12,5,8,8,M5_frozen,True,12,R2_pca8,2.67,5,0.5330972329224448,0.5304988443759631,0.24887799112778383,0.456,0.018750004818373973,0.690954342728124,53,41,500,38,32,0.5349455893682589,0.5174467128916281,0.24835292722204058,0.469,0.009406562990672572,0.6898525023287967
5001,4,36,18,False,0,5,8,0,M3_product,False,12,R2_pca8,3.39,0,0.5395809257832563,0.5260015408320493,0.24836094282013838,0.4584,0.0075952379791867095,0.6899236169283715,53,53,500,4,0,0.5124269709809964,0.5151755906522856,0.24980541040040818,0.4695,0.01512961934567559,0.6928021197999485
5001,4,36,12,False,0,5,8,4,M4_entangled,False,12,R2_pca8,2.77,1,0.4992172252182846,0.5090202876219825,0.2494788415308045,0.469,0.00142090730039994,0.692107231285592,53,53,500,18,12,0.5008155575885977,0.5078486132511556,0.24965470573562998,0.47,0.001466418508349233,0.692465652952576
5001,4,36,12,False,12,5,8,4,M5_frozen,True,12,R2_pca8,2.0,1,0.500412012069851,0.5087442218798152,0.24943951608658455,0.4696,0.0006250947604198849,0.6920288068378748,53,41,500,18,12,0.5011295422444786,0.5101919619928095,0.24959792992406893,0.468,0.0014750439481318123,0.6923514175605526
5002,4,36,15,False,0,5,8,0,M3_product,False,12,R2_pca8,2.46,0,0.5164350603492552,0.5205765279917822,0.24912574386711422,0.46,0.01014840734088014,0.691413581764674,53,53,500,4,0,0.5275152879429893,0.5193807781201849,0.2483716099433739,0.4615,0.006511171003912814,0.6898782758366332
5002,4,36,28,False,0,5,8,4,M4_entangled,False,12,R2_pca8,5.34,2,0.5378901836158193,0.5264734206471494,0.2489932893160515,0.4626,0.027542601320715017,0.6912722467199499,53,53,500,20,14,0.5430219167308681,0.5194128787878788,0.2476865382650195,0.469,0.021740305196338808,0.6885148882861457
5002,4,36,28,False,12,5,8,4,M5_frozen,True,12,R2_pca8,4.43,2,0.5351048086800205,0.5291730868002055,0.24923996153255087,0.4602,0.02656253127950948,0.6917677546782979,53,41,500,20,14,0.5404327972521829,0.5197820364663586,0.2479634376911935,0.4695,0.021406890106123042,0.6890809251371781
5003,4,36,13,False,0,5,8,0,M3_product,False,12,R2_pca8,2.21,0,0.5360546674370827,0.5210355675398048,0.24829421707135144,0.4598,0.013481611519421375,0.6897305824804539,53,53,500,4,0,0.5147542693888033,0.49661337955829477,0.24880334981138688,0.484,0.013422007194106748,0.6907363331987576
5003,4,36,11,False,0,5,8,4,M4_entangled,False,12,R2_pca8,2.02,1,0.5276648369286081,0.5233307652799178,0.24860384815106176,0.4574,0.010003554082922956,0.6903608691969131,53,53,500,17,12,0.5354662220724191,0.5038199794555727,0.24822916934212058,0.4755,0.01052754976168857,0.689579581751387
5003,4,36,12,False,12,5,8,4,M5_frozen,True,12,R2_pca8,2.45,1,0.5244749935798665,0.5255360811504879,0.24883669595041188,0.455,0.013241586180491493,0.6908347056360182,53,41,500,17,12,0.5336324714304057,0.5061312275295327,0.24828416400257927,0.473,0.007526989959555851,0.6896923107782289
5004,4,36,17,False,0,5,8,0,M3_product,False,12,R2_pca8,3.31,0,0.5245149589111453,0.5235972008217771,0.24930437723089466,0.4626,0.011579767308174681,0.6917926065989908,53,53,500,4,0,0.5146559610939908,0.502584103749358,0.2495738933524395,0.4825,0.017508494700359752,0.692296304786657
5004,4,36,19,False,0,5,8,4,M4_entangled,False,12,R2_pca8,3.57,1,0.5282697740112995,0.5242745249101182,0.2489876230088794,0.4616,0.003498549038285958,0.6911535581038359,53,53,500,17,12,0.5136106831022085,0.5130649717514124,0.2501064981268819,0.4725,0.013778568341616334,0.6934083356395033
5004,4,36,19,False,12,5,8,4,M5_frozen,True,12,R2_pca8,3.29,1,0.5281962634822804,0.5280688238315356,0.2490675363426541,0.4584,0.0064238294839308145,0.6913212922235136,53,41,500,17,12,0.514379092835131,0.5165799948638932,0.25007203063929934,0.4695,0.01031858772005298,0.6933335331917174
,4,,,False,,,8,,M0_class_prior,,,R2_pca8,0.0,,0.5,0.5,0.24921599999999994,0.472,1.1102230246251565e-16,0.691578359988849,0,0,2000,,,0.5,0.5,0.24921599999999994,0.472,2.220446049250313e-16,0.6915783599888489
,4,,,False,,,8,,M1_logreg,,,R2_pca8,0.01,,0.5247001797637391,0.5119542886492039,0.24886087872383722,0.4692,0.002058113390880187,0.6908751370743412,9,9,2000,,,0.5327035583590138,0.5124149332306112,0.24833135327710323,0.4685,0.003882241914203236,0.6898002230815814
,4,,,False,,,8,,M2_mlp,,,R2_pca8,2.01,,0.543418721109399,0.5230258089368258,0.24810142293750895,0.4628,0.008484164624386163,0.6893467076056666,41,41,2000,,,0.5521806384822805,0.5304555084745762,0.24727267199820563,0.4555,0.0036879251567132356,0.6876654786350137
5000,4,36,21,False,0,5,8,0,M3_product,False,12,R2_pca8,14.5,0,0.531449666153056,0.5229070364663585,0.24853814362152662,0.4634,0.006820523518813229,0.6902228812062197,53,53,2000,4,0,0.5404749293785311,0.5185060349255265,0.24820227192250946,0.468,0.011869894787501386,0.6895326310078412
5000,4,36,47,False,0,5,8,8,M4_entangled,False,12,R2_pca8,37.14,5,0.5652527927580894,0.5412172573189522,0.24609162548161012,0.449,0.01014930099555778,0.6852816946389443,53,53,2000,38,32,0.5727862577041603,0.5481911273754494,0.245254644231322,0.443,0.006289932589956057,0.6835858772358141
5000,4,36,48,False,12,5,8,8,M5_frozen,True,12,R2_pca8,26.65,5,0.5555492424242424,0.5407517976373909,0.24698389164446366,0.4484,0.003648769235264344,0.6871103250246822,53,41,2000,38,32,0.5658535166281459,0.5408240241397021,0.24578352900532394,0.449,0.0071835695077076935,0.6846584593458594
5001,4,36,19,False,0,5,8,0,M3_product,False,12,R2_pca8,11.12,0,0.5484257832562917,0.5281266050333847,0.2474823242579032,0.46,0.00818887852356333,0.6880964665994743,53,53,2000,4,0,0.5563156057395994,0.5373892526964561,0.24679801052357855,0.4515,0.0035793653517936464,0.6867214728293416
5001,4,36,14,False,0,5,8,4,M4_entangled,False,12,R2_pca8,10.98,1,0.5407386363636364,0.5170197740112994,0.2480010929697052,0.4634,0.007550260795898889,0.6891432091366944,53,53,2000,18,12,0.5396122239342578,0.5172621340523883,0.2482133156081879,0.4635,0.006236065962420188,0.6895830874965841
5001,4,36,15,False,12,5,8,4,M5_frozen,True,12,R2_pca8,11.17,1,0.533817732408834,0.5135721623009759,0.248327409417713,0.4664,0.0034461602723437398,0.6897986736636953,53,41,2000,18,12,0.5340407517976374,0.5160904596815614,0.24850910668666518,0.4645,0.0023841412526580666,0.6901722271506329
5002,4,36,16,False,0,5,8,0,M3_product,False,12,R2_pca8,10.95,0,0.5375942154596816,0.5206022085259373,0.2481424335171749,0.4632,0.0016644120744877587,0.6894244211434729,53,53,2000,4,0,0.5482061745634309,0.5224142912172574,0.24750883699658974,0.4615,0.001499142454939015,0.6881440937459226
5002,4,36,24,False,0,5,8,4,M4_entangled,False,12,R2_pca8,17.69,2,0.5602486196712891,0.5389413199794556,0.24658570502165458,0.4524,0.011615348919397374,0.6862767775912706,53,53,2000,20,14,0.5663631147277862,0.544764381099127,0.24574086000519596,0.4465,0.014487702753302686,0.6845911809012375
5002,4,36,24,False,12,5,8,4,M5_frozen,True,12,R2_pca8,14.79,2,0.5603515023112481,0.5365112994350283,0.24655646805688547,0.4548,0.013704899862941928,0.6862172451477514,53,41,2000,20,14,0.5663912028120185,0.5431192218798151,0.24571666680779763,0.448,0.017972236855399976,0.6845413787448249
5003,4,36,15,False,0,5,8,0,M3_product,False,12,R2_pca8,9.92,0,0.5197297123780175,0.501832948125321,0.24902910324429645,0.4778,0.012376954963832875,0.6912015280272875,53,53,2000,4,0,0.5206136443888033,0.5062195043656909,0.24905547594570537,0.4735,0.008197758053349121,0.6912601000784883
5003,4,36,50,False,0,5,8,4,M4_entangled,False,12,R2_pca8,34.53,1,0.5756530880842321,0.5483500256805341,0.24495805797680636,0.4432,0.010085313230708451,0.6829627755567313,53,53,2000,17,12,0.5799276531201849,0.5553495762711864,0.24437086801721047,0.4355,0.0029387279855569277,0.6817798075000471
5003,4,36,50,False,12,5,8,4,M5_frozen,True,12,R2_pca8,33.41,1,0.5636273754494093,0.5380778120184899,0.24598981048937366,0.4512,0.0045499578795569,0.6850503347904445,53,41,2000,17,12,0.5709886203133026,0.5427901900359527,0.24560793271520087,0.4455,0.004480016983343082,0.6843157699014161
5004,4,36,50,False,0,5,8,0,M3_product,False,12,R2_pca8,31.46,0,0.5444897598870057,0.5246982537236774,0.2477907644366665,0.4612,0.004868141777362593,0.6887107847629195,53,53,2000,4,0,0.5587592690677966,0.5284492167437083,0.2469417371048457,0.4575,0.005082781635765562,0.6870021096744885
5004,4,36,20,False,0,5,8,4,M4_entangled,False,12,R2_pca8,13.33,1,0.5627043207498716,0.5344054956343092,0.24633185454209688,0.4556,0.010309681691370854,0.6857615436811142,53,53,2000,17,12,0.5710648593990755,0.5433038007190549,0.2452440051351379,0.4465,0.004143474761312027,0.6835856525106082
5004,4,36,33,False,12,5,8,4,M5_frozen,True,12,R2_pca8,19.57,1,0.5597581214689267,0.5336479198767334,0.2466841887871285,0.4578,0.01538603659637957,0.6864678125028382,53,41,2000,17,12,0.5692832723420648,0.5451014381099126,0.24543957702099778,0.4465,0.008133412121557089,0.6839834000993295
,4,,,False,,,8,,M0_class_prior,,,R2_pca8,0.0,,0.5,0.5,0.24921599999999994,0.472,1.1102230246251565e-16,0.691578359988849,0,0,5000,,,0.5,0.5,0.24921599999999994,0.472,2.220446049250313e-16,0.6915783599888489
,4,,,False,,,8,,M1_logreg,,,R2_pca8,0.01,,0.5437063430919363,0.52410760143811,0.24805782463418571,0.459,0.010106278907263712,0.6892904061763412,9,9,5000,,,0.5477246645480227,0.52507864663585,0.2478101200968112,0.4575,0.012034095973865823,0.6887632372321398
,4,,,False,,,8,,M2_mlp,,,R2_pca8,1.28,,0.5642368066255778,0.5406137647663072,0.24601279920158245,0.4452,0.006954423137296061,0.6851208006070245,41,41,5000,,,0.5706074248844376,0.5389541602465331,0.24573199734523227,0.447,0.008579147270911492,0.6845309789027392
5000,4,36,47,False,0,5,8,0,M3_product,False,12,R2_pca8,74.48,0,0.5840401900359528,0.5557492295839753,0.24397694484732896,0.4356,0.007093146889815967,0.6810087787364945,53,53,5000,4,0,0.5839041233307654,0.5570830123266564,0.2436149371244913,0.4345,0.012897136249523423,0.680270781635129
5000,4,36,50,False,0,5,8,8,M4_entangled,False,12,R2_pca8,98.85,5,0.562552645095018,0.5403922701592193,0.24630557107441572,0.4484,0.013473181896294992,0.6857568974223704,53,53,5000,38,32,0.5774619205829481,0.5512406908063687,0.24479136674680638,0.438,0.0051204918057814325,0.6826717636370205
5000,4,36,50,False,12,5,8,8,M5_frozen,True,12,R2_pca8,80.48,5,0.5676961350796097,0.5463148433487416,0.24585520704506234,0.443,0.01577867822868546,0.6848619704664163,53,41,5000,38,32,0.569773810670262,0.5406795711350796,0.24563374856867254,0.4485,0.009673597843116956,0.6843528545277076
5001,4,36,47,False,0,5,8,0,M3_product,False,12,R2_pca8,74.78,0,0.58053271058038,0.5580123266563944,0.24447880191841792,0.4334,0.010187849723642953,0.6820790824124424,53,53,5000,4,0,0.5854329176296866,0.5621308423215203,0.24344830351782468,0.43,0.00492521720403568,0.6799649286598451
5001,4,36,37,False,0,5,8,4,M4_entangled,False,12,R2_pca8,66.67,1,0.589558294812532,0.5602850539291218,0.2432995094260561,0.4324,0.006478358720974537,0.6796564907089334,53,53,5000,18,12,0.5949567844761171,0.5629333590138675,0.24222493435310802,0.4285,0.0060184240259970835,0.6774336003945585
5001,4,36,47,False,12,5,8,4,M5_frozen,True,12,R2_pca8,60.38,1,0.5887883602978943,0.5619253980482795,0.24335625494192145,0.4296,0.008335190095492157,0.679764813320987,53,41,5000,18,12,0.5939054876091422,0.5674675783256291,0.242357551078033,0.423,0.011307084481614542,0.677703960310176
5002,4,36,50,False,0,5,8,0,M3_product,False,12,R2_pca8,59.85,0,0.5845420839753468,0.5499357986646122,0.2439692251732195,0.4392,0.004194689644129855,0.6810108593780652,53,53,5000,4,0,0.5929735651001541,0.5623234463276836,0.24286460668881565,0.426,0.013822228113065806,0.6787692039502674
5002,4,36,50,False,0,5,8,4,M4_entangled,False,12,R2_pca8,67.64,2,0.5824871597329224,0.5507543656908064,0.2443400938295368,0.439,0.004441594959960689,0.6817895700334179,53,53,5000,20,14,0.5963160471237802,0.5643136877247047,0.2423330954674431,0.4255,0.011699416497876602,0.6776824219647254
5002,4,36,50,False,12,5,8,4,M5_frozen,True,12,R2_pca8,64.12,2,0.5865791923472008,0.5527285567539805,0.24388585109698097,0.4358,0.006305882378244115,0.6808486438684452,53,41,5000,20,14,0.596972104519774,0.5613764766307139,0.24242794553872185,0.427,0.01731645898601819,0.6778357672177306
5003,4,36,50,False,0,5,8,0,M3_product,False,12,R2_pca8,74.53,0,0.5803876155624037,0.5565260657421675,0.2446950545873066,0.4344,0.011600458982673898,0.6825473412674137,53,53,5000,4,0,0.6008452507062146,0.570814072932717,0.2419622622358643,0.42,0.018892102289330227,0.6769986876760077
5003,4,36,50,False,0,5,8,4,M4_entangled,False,12,R2_pca8,79.18,1,0.586153216486903,0.5546738572162301,0.24395996198959147,0.436,0.007040964771832297,0.681002329393009,53,53,5000,17,12,0.5954222441576784,0.5642896122239343,0.24271422910764,0.426,0.011189465669225764,0.6784936366958636
5003,4,36,44,False,12,5,8,4,M5_frozen,True,12,R2_pca8,58.38,1,0.5841482087827427,0.5454802259887006,0.24416016949544497,0.4454,0.008438930037267348,0.6813912582316647,53,41,5000,17,12,0.5952627439650744,0.5712875577812019,0.24263581411432344,0.4195,0.019488849666879776,0.6783026499327237
5004,4,36,50,False,0,5,8,0,M3_product,False,12,R2_pca8,76.14,0,0.5718167372881355,0.5454063944530047,0.24518266099019756,0.4446,0.007992861722687473,0.6834531159955021,53,53,5000,4,0,0.5776806063816128,0.5540575243965075,0.2439767960023484,0.4355,0.007317867370413697,0.680979341815533
5004,4,36,22,False,0,5,8,4,M4_entangled,False,12,R2_pca8,34.21,1,0.583085676682075,0.5585740883410375,0.24410016391741773,0.4334,0.007362036513153821,0.6812979860436461,53,53,5000,17,12,0.5950891997303545,0.5665848099640473,0.24248720183149355,0.425,0.011841032284988983,0.6780319892024157
5004,4,36,33,False,12,5,8,4,M5_frozen,True,12,R2_pca8,43.37,1,0.5793992360041089,0.5550269645608629,0.2446177490271386,0.4352,0.005021654123370625,0.6823779167164825,53,41,5000,17,12,0.593810188751926,0.5611678222907036,0.24252618116511282,0.429,0.01016404730924397,0.6780983042103388
,4,,,False,,,8,,M0_class_prior,,,R2_pca8,0.0,,0.5,0.5,0.24921599999999994,0.472,1.1102230246251565e-16,0.691578359988849,0,0,10000,,,0.5,0.5,0.24921599999999994,0.472,2.220446049250313e-16,0.6915783599888489
,4,,,False,,,8,,M1_logreg,,,R2_pca8,0.01,,0.5498118900873138,0.5198992039034412,0.24766991634971336,0.4638,0.006322935949673482,0.688494207253036,9,9,10000,,,0.5438936504879301,0.5174226373908577,0.2478167880100219,0.466,0.001226054669496917,0.6887647751372868
,4,,,False,,,8,,M2_mlp,,,R2_pca8,7.17,,0.5868666538263996,0.5490915511042629,0.24353694507136248,0.4404,0.010121361558343117,0.6800478802473533,41,41,10000,,,0.5936266130585517,0.5524926168464304,0.24286074130385443,0.4365,0.010308863801510785,0.6787243148767613
5000,4,36,50,False,0,5,8,0,M3_product,False,12,R2_pca8,128.38,0,0.6038533641499743,0.5774139702105804,0.24176620919502967,0.4136,0.026566573551165432,0.6765780840677269,53,53,10000,4,0,0.5893181015665127,0.5591936312275295,0.2431636467626652,0.4315,0.014268098700968974,0.6794010638579111
5000,4,36,50,False,0,5,8,8,M4_entangled,False,12,R2_pca8,142.99,5,0.605157614278377,0.5787718284540319,0.24124271344085382,0.4134,0.0224149694086423,0.6754552491984921,53,53,10000,38,32,0.5907375529661016,0.5677243836671804,0.24288433977083748,0.4235,0.021731464906801456,0.6788076284463186
5000,4,36,50,False,12,5,8,8,M5_frozen,True,12,R2_pca8,135.05,5,0.6085111710323574,0.5742006933744221,0.24059286308604877,0.4164,0.01698138616065874,0.674082211113386,53,41,10000,38,32,0.611517719568567,0.5809739342578326,0.24005890379824935,0.4085,0.022532643249018817,0.6729946241064474
5001,4,36,22,False,0,5,8,0,M3_product,False,12,R2_pca8,62.94,0,0.6100258410374936,0.5812917308680021,0.24018683867535723,0.4124,0.015786435052640848,0.6733522710541838,53,53,10000,4,0,0.6034644645608629,0.572226502311248,0.24102417752474964,0.421,0.008747218101027306,0.675032365267258
5001,4,36,21,False,0,5,8,4,M4_entangled,False,12,R2_pca8,75.1,1,0.6065763032871084,0.5755457113507961,0.24054222904471068,0.4174,0.010350471501927786,0.6740048529457582,53,53,10000,18,12,0.6055189072932716,0.5675959809964047,0.24054921670007728,0.425,0.008828000266322284,0.6739828605940242
5001,4,36,50,False,12,5,8,4,M5_frozen,True,12,R2_pca8,148.98,1,0.5934554763739085,0.5676200564971752,0.24304428738711945,0.4238,0.015328727208249994,0.6791408080164973,53,41,10000,18,12,0.5953490145095018,0.5655174627632255,0.24282259400397546,0.425,0.013733973668103075,0.6786927183652772
5002,4,36,39,False,0,5,8,0,M3_product,False,12,R2_pca8,111.38,0,0.604004397791474,0.5718573446327684,0.24131043469128163,0.4212,0.011805957175659626,0.6755678634375064,53,53,10000,4,0,0.6135280238828967,0.5800751155624037,0.2398545056090824,0.412,0.019308875566821433,0.6725525658196352
5002,4,36,50,False,0,5,8,4,M4_entangled,False,12,R2_pca8,133.58,2,0.6110293079096045,0.5839560862865948,0.23993364915379226,0.4098,0.018022883698396573,0.672828074531192,53,53,10000,20,14,0.6003446809193631,0.5696343733949666,0.24137426328110614,0.4235,0.007980702264511655,0.6757201682436745
5002,4,36,48,False,12,5,8,4,M5_frozen,True,12,R2_pca8,103.15,2,0.6004367295839754,0.5737352336928608,0.24201550510698133,0.4172,0.01724739607231951,0.6770707623389853,53,41,10000,20,14,0.5933908737801746,0.5624277734976888,0.24256592518988757,0.4285,0.007529553940642421,0.6781416793535158
5003,4,36,50,False,0,5,8,0,M3_product,False,12,R2_pca8,127.75,0,0.61257864663585,0.5787108371854135,0.2401932106893426,0.4156,0.014719070823836394,0.6733116326324594,53,53,10000,4,0,0.6127586110041089,0.5718653697996918,0.2397930189070938,0.4215,0.008912882567950016,0.672427832787529
5003,4,36,50,False,0,5,8,4,M4_entangled,False,12,R2_pca8,154.76,1,0.6126937275295326,0.5792693888032872,0.23996829091471544,0.4138,0.015290711839354473,0.6728214547308526,53,53,10000,17,12,0.6140496597329225,0.5796578068823832,0.23970369215545145,0.4125,0.01800193721442496,0.672296434903316
5003,4,36,50,False,12,5,8,4,M5_frozen,True,12,R2_pca8,129.59,1,0.6129693117616847,0.5815517462763226,0.23987831060015805,0.4112,0.019723439109934782,0.6726202841809061,53,41,10000,17,12,0.6106028505392912,0.5775712634822804,0.23988142247238164,0.415,0.01418063525737502,0.6725225288728864
5004,4,36,50,False,0,5,8,0,M3_product,False,12,R2_pca8,142.58,0,0.5846261877247046,0.545871854134566,0.24359445331565138,0.4438,0.012612575524612025,0.6801907141804079,53,53,10000,4,0,0.5813119944144838,0.5516820749871597,0.2442742674401575,0.437,0.00929030637503707,0.6816032631275877
5004,4,36,19,False,0,5,8,4,M4_entangled,False,12,R2_pca8,57.45,1,0.614238893168978,0.581843862352337,0.2396996088391421,0.4112,0.017323884520849674,0.6723815507677694,53,53,10000,17,12,0.6095666008602979,0.5754526194144838,0.24007116328515776,0.417,0.00992251779096448,0.6730795633780474
5004,4,36,17,False,12,5,8,4,M5_frozen,True,12,R2_pca8,40.85,1,0.6112577041602465,0.5849768875192604,0.24041014496492735,0.4096,0.02656492800121246,0.673783450090308,53,41,10000,17,12,0.6099006484334873,0.5796417565485362,0.240326781853851,0.414,0.019322450330226264,0.6735765436504108
,0,,,False,,,16,,M0_class_prior,,,R3_pca16,0.0,,0.5,0.5,0.24921599999999994,0.472,1.1102230246251565e-16,0.691578359988849,0,0,500,,,0.5,0.5,0.24921599999999994,0.472,2.220446049250313e-16,0.6915783599888489
,0,,,False,,,16,,M1_logreg,,,R3_pca16,0.03,,0.5194329417051875,0.5110747303543914,0.25367242085425235,0.4814,0.0594369835693681,0.7009321937791898,17,17,500,,,0.542642727593734,0.5343557395993837,0.2501050203755482,0.4585,0.04995801436386352,0.6934214538779137
,0,,,False,,,16,,M2_mlp,,,R3_pca16,1.44,,0.5289066512583462,0.5212345916795069,0.24881267804369628,0.4678,0.015488280210606099,0.6907872925502437,73,73,500,,,0.5399482777991782,0.5321809193631227,0.24759694822930498,0.457,0.016980034926537393,0.6883177871929488
5000,0,68,11,False,0,5,16,0,M3_product,False,12,R3_pca16,1.64,0,0.5177852144324603,0.5162140472521828,0.2499953394277095,0.475,0.019945133848594025,0.6931784855393031,85,85,500,4,0,0.5295877873009759,0.5181529275808937,0.24876374141042173,0.473,0.016054283871512844,0.69067338629749
5000,0,68,13,False,0,5,16,8,M4_entangled,False,12,R3_pca16,2.25,5,0.5245364663585003,0.5162044170518747,0.2496554603360742,0.4696,0.02586806946703319,0.6925478154859502,85,85,500,38,32,0.5407517976373909,0.5298776964560863,0.24816019255209865,0.457,0.01484990696772134,0.6895156252393821
5000,0,68,13,False,12,5,16,8,M5_frozen,True,12,R3_pca16,2.19,5,0.5264875449409347,0.5169523626091422,0.2490281400019927,0.4662,0.0153051582982792,0.6912391351075461,85,73,500,38,32,0.5387705845531587,0.5334488957370314,0.24805984001601653,0.4505,0.013533150475339213,0.6892866120421915
5001,0,68,13,False,0,5,16,0,M3_product,False,12,R3_pca16,1.99,0,0.5182031651258346,0.510063559322034,0.2499167856270652,0.48,0.029043846976836173,0.6929901623129202,85,85,500,4,0,0.5459611341165896,0.5420839753466872,0.24757366830724414,0.4485,0.011255716705042567,0.6882734351670838
5001,0,68,19,False,0,5,16,4,M4_entangled,False,12,R3_pca16,4.39,1,0.5358432845403185,0.5181432973805855,0.24810030291123772,0.469,0.010418371871072248,0.6893213875511134,85,85,500,18,12,0.5516078421931176,0.5286337955829481,0.24729150169198705,0.4595,0.011513809093228654,0.6877235909058422
5001,0,68,43,False,12,5,16,4,M5_frozen,True,12,R3_pca16,7.18,1,0.5438496725731895,0.527988572162301,0.24772880550045157,0.4596,0.0019795755482912235,0.6885809529025824,85,73,500,18,12,0.5450623154211608,0.5355193888032871,0.24751605086702705,0.453,0.00769804273780954,0.6881553672735566
5002,0,68,12,False,0,5,16,0,M3_product,False,12,R3_pca16,1.69,0,0.5241629750898819,0.5198863636363636,0.2498059220395292,0.4664,0.02098684185461079,0.6928389792113103,85,85,500,4,0,0.545550847457627,0.5288183744221879,0.247831051314422,0.458,0.014630089677703073,0.6888352106875245
5002,0,68,12,False,0,5,16,4,M4_entangled,False,12,R3_pca16,1.74,2,0.5130434643040576,0.5135753723677453,0.24973116224681843,0.471,0.022451504067954396,0.6926453536158681,85,85,500,20,14,0.5415643457883924,0.5276065742167437,0.24742511095615138,0.4575,0.012930728894321885,0.6879877838752788
5002,0,68,12,False,12,5,16,4,M5_frozen,True,12,R3_pca16,1.57,2,0.5133269131997946,0.5129494093477145,0.24968904206115589,0.4714,0.022562192253398224,0.6925603915931066,85,73,500,20,14,0.5414911161402157,0.5284411915767848,0.24739967911232294,0.4565,0.011926453455797743,0.6879353012370366
5003,0,68,12,False,0,5,16,0,M3_product,False,12,R3_pca16,2.02,0,0.5205680213148433,0.5107922444786852,0.2503626561170008,0.4756,0.032213252153663996,0.6940173895040113,85,85,500,4,0,0.5405722345274782,0.5260898176682075,0.2482285712140469,0.461,0.021025953789711456,0.689645589834892
5003,0,68,11,False,0,5,16,4,M4_entangled,False,12,R3_pca16,1.99,1,0.5319523626091422,0.5230771700051361,0.24882780937368798,0.4692,0.017483007595999554,0.6908007732113187,85,85,500,17,12,0.5498312708654339,0.5360249743194658,0.2473841625083117,0.4565,0.010869186282818145,0.6878867188350755
5003,0,68,11,False,12,5,16,4,M5_frozen,True,12,R3_pca16,1.54,1,0.532313655624037,0.5251091422701593,0.24879324145736564,0.4662,0.016077039573893073,0.6907355111708949,85,73,500,17,12,0.5513550494350282,0.5355434643040575,0.24724064123115766,0.456,0.007506210607770553,0.6875996112902059
5004,0,68,10,False,0,5,16,0,M3_product,False,12,R3_pca16,1.62,0,0.5084707241910632,0.5097136620441705,0.25025611972090533,0.477,0.021252209384410605,0.693694752271061,85,85,500,4,0,0.5356066624935799,0.5242440292758089,0.24817721173454482,0.462,0.00744028345768322,0.6894986578093654
5004,0,68,12,False,0,5,16,4,M4_entangled,False,12,R3_pca16,2.5,1,0.5257861453518233,0.5152702876219826,0.2489905720217764,0.4708,0.019593970446432702,0.6911190548476053,85,85,500,17,12,0.5510852031972265,0.5275905238828968,0.24671598867399902,0.459,0.01586566415155469,0.6865316295702731
5004,0,68,13,False,12,5,16,4,M5_frozen,True,12,R3_pca16,2.53,1,0.5312260850025681,0.5188270416024653,0.24905093313380822,0.4688,0.024943322439358824,0.6912520287716166,85,73,500,17,12,0.5537706246789933,0.5376059322033898,0.24669133405798907,0.4505,0.011796576485566902,0.6864843096399514
,0,,,False,,,16,,M0_class_prior,,,R3_pca16,0.0,,0.5,0.5,0.24921599999999994,0.472,1.1102230246251565e-16,0.691578359988849,0,0,2000,,,0.5,0.5,0.24921599999999994,0.472,2.220446049250313e-16,0.6915783599888489
,0,,,False,,,16,,M1_logreg,,,R3_pca16,0.01,,0.5399096366204418,0.5243547765793528,0.24794299889504046,0.4646,0.024508252389819817,0.6889149686082466,17,17,2000,,,0.5663771587699025,0.5395961736004109,0.24462885872378637,0.45,0.014741970404046316,0.6821111083919025
,0,,,False,,,16,,M2_mlp,,,R3_pca16,1.83,,0.5511622046738572,0.5368355161787366,0.24820353150086807,0.4546,0.029508141680220642,0.6895570964407268,73,73,2000,,,0.5880170213790447,0.5598677452491012,0.24207302386456195,0.4315,0.02631136902353991,0.6769764776703021
5000,0,68,16,False,0,5,16,0,M3_product,False,12,R3_pca16,11.23,0,0.5815626605033385,0.553161915767848,0.24394731292623223,0.438,0.012135475608369384,0.6809349026816349,85,85,2000,4,0,0.5971767462763226,0.569674499229584,0.24135592049289295,0.4215,0.01834661985527912,0.6756261450641953
5000,0,68,22,False,0,5,16,8,M4_entangled,False,12,R3_pca16,18.55,5,0.5599146122239342,0.538565742167437,0.24701847719134012,0.4518,0.023524812430363046,0.6872297217082174,85,85,2000,38,32,0.583628258217771,0.5507993066255779,0.24280980285741935,0.439,0.02974554766330374,0.6784509430572064
5000,0,68,22,False,12,5,16,8,M5_frozen,True,12,R3_pca16,15.74,5,0.5676105868002055,0.5398561890087313,0.2460861377426429,0.4502,0.021544104615068282,0.6853311678187082,85,73,2000,38,32,0.5890482553287109,0.553166730868002,0.24185742280811592,0.4365,0.02734466075347174,0.676533134182746
5001,0,68,22,False,0,5,16,0,M3_product,False,12,R3_pca16,14.24,0,0.5701192539804828,0.5554956343091937,0.24627793534971307,0.439,0.027880509893679857,0.6857754318150304,85,85,2000,4,0,0.5933567668207499,0.5695942475603493,0.2420354786836523,0.4255,0.026418966821559284,0.6769306908446031
5001,0,68,16,False,0,5,16,4,M4_entangled,False,12,R3_pca16,11.3,1,0.575010593220339,0.5461158192090395,0.2450868744649012,0.4476,0.015131970684094137,0.6832541441536916,85,85,2000,18,12,0.579091029468413,0.5586639702105803,0.24473573056964498,0.4355,0.015433332816793448,0.6826357341710745
5001,0,68,25,False,12,5,16,4,M5_frozen,True,12,R3_pca16,14.12,1,0.5727537557781203,0.5416827170005136,0.24555559375453348,0.451,0.02313676284752341,0.6842258580584557,85,73,2000,18,12,0.5828789082562917,0.5574922958397535,0.24438283878908956,0.4365,0.02085806791641032,0.681931413649939
5002,0,68,45,False,0,5,16,0,M3_product,False,12,R3_pca16,26.24,0,0.5769531651258346,0.559842064714946,0.2456684362457916,0.4332,0.02738711397247399,0.6846106753466583,85,85,2000,4,0,0.5906282100667694,0.5644501155624037,0.24272944673696412,0.4285,0.03238470817792559,0.6784050362261675
5002,0,68,19,False,0,5,16,4,M4_entangled,False,12,R3_pca16,14.47,2,0.5618207498715972,0.5361646122239343,0.24583243481940362,0.4522,0.021548442208250935,0.6847214330530099,85,85,2000,20,14,0.577479977208526,0.556922508988187,0.24391293744434173,0.432,0.013364850793169306,0.6808516097893678
5002,0,68,19,False,12,5,16,4,M5_frozen,True,12,R3_pca16,11.91,2,0.5648504108885465,0.5338373138161274,0.24567539907345418,0.4562,0.024248850336861506,0.6844019523350922,85,73,2000,20,14,0.5818587089111453,0.5577170005136107,0.24362345047006642,0.433,0.01707631152490764,0.6802504700446107
5003,0,68,25,False,0,5,16,0,M3_product,False,12,R3_pca16,17.09,0,0.5699487994350283,0.5563527221366205,0.24612546063507565,0.4366,0.02391657062752955,0.685437399785451,85,85,2000,4,0,0.5938302516692348,0.5660631741140216,0.24139738209397235,0.4265,0.019698595061233493,0.6754991303665869
5003,0,68,50,False,0,5,16,4,M4_entangled,False,12,R3_pca16,35.3,1,0.5631042950693375,0.5414740626605034,0.24680318477569543,0.4502,0.02813257344316022,0.6867976861034653,85,85,2000,17,12,0.5900253194016436,0.558334938366718,0.2425228697458021,0.433,0.016236456815270143,0.6779138753006438
5003,0,68,20,False,12,5,16,4,M5_frozen,True,12,R3_pca16,12.69,1,0.5581763610683103,0.5348805855161788,0.24649313259586025,0.4546,0.01829605644910835,0.6860424396965227,85,73,2000,17,12,0.5802827667565486,0.5497640600924499,0.24317685226187666,0.4395,0.014450583923703717,0.6791837762407633
5004,0,68,15,False,0,5,16,0,M3_product,False,12,R3_pca16,8.01,0,0.5408184065228556,0.5219632768361582,0.2482445719807812,0.4676,0.029853060263594848,0.6896418742369036,85,85,2000,4,0,0.569681521250642,0.5419154468412943,0.24509217032233907,0.4485,0.015443552795612676,0.6832576973004139
5004,0,68,33,False,0,5,16,4,M4_entangled,False,12,R3_pca16,19.83,1,0.5811978364149974,0.5546321263482281,0.24445938329340874,0.4378,0.022074088540642915,0.682034259329611,85,85,2000,17,12,0.5920968156137648,0.5666730868002054,0.24369164538611812,0.4255,0.018789211807503682,0.680873910224869
5004,0,68,40,False,12,5,16,4,M5_frozen,True,12,R3_pca16,20.11,1,0.5753691576784797,0.5508121468926553,0.24534663310751825,0.442,0.025652322572540687,0.6838501934062088,85,73,2000,17,12,0.5857097858885465,0.5583429635336414,0.24465683988406917,0.434,0.019589262899977616,0.6828724851387973
,0,,,False,,,16,,M0_class_prior,,,R3_pca16,0.0,,0.5,0.5,0.24921599999999994,0.472,1.1102230246251565e-16,0.691578359988849,0,0,5000,,,0.5,0.5,0.24921599999999994,0.472,2.220446049250313e-16,0.6915783599888489
,0,,,False,,,16,,M1_logreg,,,R3_pca16,0.01,,0.5539361838726246,0.5326399589111454,0.2468179302519296,0.4568,0.012010145600396628,0.686672572259194,17,17,5000,,,0.5716065581664099,0.5478701206985105,0.2443964914084928,0.4415,0.010694910597032828,0.6817499698240502
,0,,,False,,,16,,M2_mlp,,,R3_pca16,1.26,,0.5670525166923472,0.5464817668207499,0.24553260057959206,0.4442,0.007440172456316353,0.6841090921886783,73,73,5000,,,0.5810180726759117,0.5641772598870056,0.2437329804428527,0.426,0.014430039198433754,0.6804781746484659
5000,0,68,50,False,0,5,16,0,M3_product,False,12,R3_pca16,80.19,0,0.5982493900873138,0.5657903184386235,0.24245201973782163,0.4282,0.019922734227311296,0.6779253268121769,85,85,5000,4,0,0.6113802885850025,0.5726759116589625,0.23955699638294442,0.421,0.015108009994513802,0.6718218808762157
5000,0,68,24,False,0,5,16,8,M4_entangled,False,12,R3_pca16,43.0,5,0.5962320236260914,0.567610426296867,0.2420676176114849,0.4254,0.016794081439850016,0.6770604843610019,85,85,5000,38,32,0.6070928431561377,0.5815116204417052,0.24061191184133707,0.4125,0.020335133011098776,0.6741530866925518
5000,0,68,35,False,12,5,16,8,M5_frozen,True,12,R3_pca16,55.3,5,0.5730412172573189,0.5456856702619415,0.24506388393292936,0.4458,0.015348809122400414,0.6831891052959852,85,73,5000,38,32,0.5963652012711865,0.5729327170005136,0.24190142626331135,0.418,0.018144246768286763,0.676760694746537
5001,0,68,18,False,0,5,16,0,M3_product,False,12,R3_pca16,33.72,0,0.6041295903954802,0.5749743194658449,0.24149387465777122,0.419,0.017145968288449068,0.6761540440585908,85,85,5000,4,0,0.6119751540832049,0.5750513610683102,0.23928533138086805,0.4195,0.018286087315733727,0.6712644206321471
5001,0,68,18,False,0,5,16,4,M4_entangled,False,12,R3_pca16,39.36,1,0.598839881869543,0.5660310734463276,0.24210933443786745,0.4274,0.01830575641743072,0.6772447514967541,85,85,5000,18,12,0.6070888305726759,0.5752760657421674,0.24025006638992835,0.4195,0.01800814591382296,0.673318298054804
5001,0,68,18,False,12,5,16,4,M5_frozen,True,12,R3_pca16,30.06,1,0.5944125577812018,0.5647181561376476,0.2423678979628109,0.429,0.012799370766765865,0.6776887015176479,85,73,5000,18,12,0.6043813398818696,0.5687195043656909,0.240746141032566,0.425,0.022244253958868813,0.674363868775685
5002,0,68,20,False,0,5,16,0,M3_product,False,12,R3_pca16,30.1,0,0.5941668271700051,0.5598516949152543,0.24250359557795573,0.4302,0.016483381058327466,0.6779220200281975,85,85,5000,4,0,0.5973723597200823,0.5593059835644582,0.24156053792050097,0.4315,0.02150495160540871,0.6759476689722985
5002,0,68,16,False,0,5,16,4,M4_entangled,False,12,R3_pca16,28.18,2,0.6108306047765794,0.5782550077041603,0.23987397023821758,0.4148,0.004505462913145168,0.6725897731961487,85,85,5000,20,14,0.6176609848484849,0.5938543271700052,0.23896053716592802,0.4,0.025656660000030702,0.6708290065005208
5002,0,68,16,False,12,5,16,4,M5_frozen,True,12,R3_pca16,22.6,2,0.6103380200308167,0.5711350796096559,0.24001730301025578,0.4222,0.007067167999003311,0.6728907935935584,85,73,5000,20,14,0.6177171610169492,0.5851550462249615,0.23890915210781946,0.408,0.014183457399568302,0.6707307973135389
5003,0,68,14,False,0,5,16,0,M3_product,False,12,R3_pca16,21.65,0,0.6058182460195172,0.5731349512069851,0.2407249646759839,0.4166,0.018590634847103906,0.674341130508769,85,85,5000,4,0,0.6104433503466872,0.5756291730868002,0.23961765276183042,0.4145,0.01550013642780831,0.6720259674827148
5003,0,68,38,False,0,5,16,4,M4_entangled,False,12,R3_pca16,62.01,1,0.5843175398048279,0.5591872110939907,0.24434005260851863,0.4342,0.012393009558968668,0.6818082826645055,85,85,5000,17,12,0.5938904404211608,0.5706936954288649,0.24282329187207732,0.4225,0.018205281634146104,0.6787189366250839
5003,0,68,19,False,12,5,16,4,M5_frozen,True,12,R3_pca16,31.74,1,0.5909540318438624,0.5582787621982537,0.2429326447883461,0.4344,0.011260826825880728,0.6788437059431808,85,73,5000,17,12,0.6069443775680534,0.5757896764252697,0.24073491988416237,0.417,0.016619332673554015,0.674425183257751
5004,0,68,44,False,0,5,16,0,M3_product,False,12,R3_pca16,69.75,0,0.5873839560862866,0.5581920903954802,0.24377292213032797,0.4334,0.011351752540420156,0.6806036325936573,85,85,5000,4,0,0.6052731365562404,0.5667533384694401,0.23987615819110816,0.425,0.023778062467747246,0.672479106951928
5004,0,68,21,False,0,5,16,4,M4_entangled,False,12,R3_pca16,35.01,1,0.6061119671289162,0.5751572932717001,0.24097849077477662,0.418,0.011695604966666674,0.674985870618465,85,85,5000,17,12,0.6210295486646122,0.5875304956343091,0.23816404137832048,0.4065,0.011753985220539186,0.6690141486353745
5004,0,68,20,False,12,5,16,4,M5_frozen,True,12,R3_pca16,28.56,1,0.59832739470981,0.5687146892655367,0.24203443738110905,0.4244,0.012543890496172286,0.6770693080216559,85,73,5000,17,12,0.6195127921160759,0.5899460708782742,0.23805185257843486,0.403,0.022322671249902757,0.6687880201973871
,0,,,False,,,16,,M0_class_prior,,,R3_pca16,0.0,,0.5,0.5,0.24921599999999994,0.472,1.1102230246251565e-16,0.691578359988849,0,0,10000,,,0.5,0.5,0.24921599999999994,0.472,2.220446049250313e-16,0.6915783599888489
,0,,,False,,,16,,M1_logreg,,,R3_pca16,0.02,,0.5636641307139189,0.5319144838212635,0.24555375217574923,0.4574,0.02194107428678206,0.684091941541463,17,17,10000,,,0.5803489743836672,0.5634549948638932,0.24386482949411117,0.427,0.02100676819122084,0.6806873709659998
,0,,,False,,,16,,M2_mlp,,,R3_pca16,3.4,,0.6271149524910118,0.598860426296867,0.2372295547450759,0.3952,0.019477238172861584,0.667134835861252,73,73,10000,,,0.624103187596302,0.5976181304571135,0.2380498450873794,0.3965,0.02861515169209897,0.6689603573395735
5000,0,68,38,False,0,5,16,0,M3_product,False,12,R3_pca16,114.88,0,0.6210183936825886,0.5874165382639959,0.23819272936782282,0.407,0.01569779960857452,0.669209189142731,85,85,10000,4,0,0.6246147919876733,0.5957001155624038,0.23724633200688192,0.399,0.020711488690145947,0.66711797873298
5000,0,68,15,False,0,5,16,8,M4_entangled,False,12,R3_pca16,51.93,5,0.6115289548022599,0.5764541602465332,0.23981322281971898,0.4144,0.01173373756584393,0.6724308351992035,85,85,10000,38,32,0.602285768168978,0.5808214560862865,0.2414766710417594,0.4105,0.02369702893752494,0.675884399717313
5000,0,68,12,False,12,5,16,8,M5_frozen,True,12,R3_pca16,35.13,5,0.6145078967642527,0.5809354134565998,0.23987504078801367,0.4128,0.027328718417049095,0.672580637358217,85,73,10000,38,32,0.6018142896122239,0.5654291859270673,0.2415833234423969,0.428,0.012363427234782101,0.676075691930105
5001,0,68,17,False,0,5,16,0,M3_product,False,12,R3_pca16,50.79,0,0.616158031587057,0.5824377247046739,0.23917696366064864,0.4096,0.012091991802792648,0.6712045434421537,85,85,10000,4,0,0.612148698317925,0.5752840909090908,0.23992691761183374,0.417,0.020950463014395335,0.6726365060302919
5001,0,68,11,False,0,5,16,4,M4_entangled,False,12,R3_pca16,39.54,1,0.611475988700565,0.577253466872111,0.23970508058098353,0.416,0.016391997471779208,0.6721654518016694,85,85,10000,18,12,0.5946448061119671,0.5609431176168465,0.24228232403128522,0.4325,0.007231223127331093,0.6774584959826832
5001,0,68,13,False,12,5,16,4,M5_frozen,True,12,R3_pca16,38.98,1,0.6081476309707241,0.5677035182331792,0.24015021752980747,0.4258,0.01126949238470792,0.673060246203154,85,73,10000,18,12,0.5928431561376477,0.5676040061633282,0.24254692614766113,0.426,0.011687048675739128,0.6780018219131493
5002,0,68,21,False,0,5,16,0,M3_product,False,12,R3_pca16,63.15,0,0.60976823317925,0.5755746019517206,0.24014670094652218,0.4168,0.009675601662930128,0.6731270258446468,85,85,10000,4,0,0.6062461880457113,0.5741445172059578,0.24071022219774785,0.4185,0.0066233364914430205,0.6743816491436864
5002,0,68,21,False,0,5,16,4,M4_entangled,False,12,R3_pca16,64.63,2,0.6185410246533127,0.5805020544427324,0.2386329827446977,0.412,0.007054535193351408,0.6700551121113018,85,85,10000,20,14,0.618213718220339,0.5895448125321007,0.2389189482249945,0.402,0.022777786670479798,0.6708338636534025
5002,0,68,21,False,12,5,16,4,M5_frozen,True,12,R3_pca16,55.44,2,0.6166682717000513,0.5818920133538777,0.23899937159855536,0.4102,0.012197538624571529,0.670763489246904,85,73,10000,20,14,0.6174493210708782,0.5866477272727273,0.23913358948596317,0.405,0.01691293985097816,0.6712365460334393
5003,0,68,15,False,0,5,16,0,M3_product,False,12,R3_pca16,44.04,0,0.623560606060606,0.5906041345659989,0.23786375328370285,0.4052,0.0210742675736248,0.6684750168370485,85,85,10000,4,0,0.6188457001155625,0.590026322547509,0.23892068159195504,0.406,0.01818534486274863,0.6706543338061581
5003,0,68,11,False,0,5,16,4,M4_entangled,False,12,R3_pca16,35.08,1,0.6182514766307139,0.5787910888546481,0.23898456187828798,0.413,0.014845210665758158,0.6707713275797974,85,85,10000,17,12,0.6089647133410374,0.5816079224447869,0.24044963024314403,0.4105,0.028613595048625397,0.6737588010047914
5003,0,68,11,False,12,5,16,4,M5_frozen,True,12,R3_pca16,29.71,1,0.6183094183359014,0.5809289933230611,0.23884950053999568,0.412,0.01547087280842082,0.6704635325164454,85,73,10000,17,12,0.6084842064714946,0.5751797637390859,0.24047241697709554,0.418,0.01698431152652544,0.6737962386906092
5004,0,68,20,False,0,5,16,0,M3_product,False,12,R3_pca16,59.16,0,0.5773067539804828,0.5486549820236262,0.24439747724139257,0.442,0.013009230850809643,0.6817510357885461,85,85,10000,4,0,0.5995311296224961,0.5735907806882383,0.2416327920048407,0.416,0.018685490679785616,0.6762548265073808
5004,0,68,21,False,0,5,16,4,M4_entangled,False,12,R3_pca16,68.55,1,0.6251009565998973,0.5860297894196199,0.23722952023181382,0.4078,0.004104255856252743,0.6670674029782904,85,85,10000,17,12,0.6126221831664098,0.5808134309193631,0.23954911396415782,0.413,0.019735471671607333,0.6718350899852705
5004,0,68,50,False,12,5,16,4,M5_frozen,True,12,R3_pca16,133.89,1,0.6251118708269132,0.5934193631227529,0.23745629478504843,0.4004,0.014973114203194533,0.6675880823371368,85,73,10000,17,12,0.6214308070107858,0.581286915767848,0.23821515936965465,0.4125,0.009566416454886824,0.6692083296168757
,1,,,False,,,16,,M0_class_prior,,,R3_pca16,0.0,,0.5,0.5,0.24921599999999994,0.472,1.1102230246251565e-16,0.691578359988849,0,0,500,,,0.5,0.5,0.24921599999999994,0.472,2.220446049250313e-16,0.6915783599888489
,1,,,False,,,16,,M1_logreg,,,R3_pca16,0.01,,0.5510333204930662,0.5398722393425783,0.24805748124335977,0.4522,0.035550653265259205,0.6893649845828478,17,17,500,,,0.5402241429121726,0.5406715459681561,0.25013936061694253,0.451,0.037214742279217,0.6937475287348432
,1,,,False,,,16,,M2_mlp,,,R3_pca16,0.24,,0.5446008281972265,0.5348837955829482,0.24953600460729494,0.4564,0.0353429954163936,0.6925101233825243,73,73,500,,,0.5395771138289677,0.5281282100667694,0.25058528119501194,0.463,0.039654318575609054,0.6946810259377835
5000,1,68,10,False,0,5,16,0,M3_product,False,12,R3_pca16,1.8,0,0.5355649717514125,0.5275295326142784,0.2478875652661706,0.4598,0.009657154741588951,0.6889257380037992,85,85,500,4,0,0.5216268217128917,0.5174547380585516,0.24915814758498245,0.47,0.014362933682698972,0.6914757434579031
5000,1,68,10,False,0,5,16,8,M4_entangled,False,12,R3_pca16,1.93,5,0.5354596815613765,0.530903312788906,0.2487665932621181,0.463,0.02816123618876979,0.6906992637659363,85,85,500,38,32,0.5295065324858756,0.5196777092963534,0.24944667676447294,0.474,0.022639633951545467,0.6920718227379259
5000,1,68,10,False,12,5,16,8,M5_frozen,True,12,R3_pca16,1.43,5,0.5351751091422702,0.5319209039548023,0.24895126726897338,0.4638,0.029526506615855815,0.6910609926935841,85,73,500,38,32,0.5286709119799692,0.5188832177709296,0.2496551016953999,0.4765,0.02614763059879719,0.6924847696525905
5001,1,68,13,False,0,5,16,0,M3_product,False,12,R3_pca16,1.88,0,0.5436193502824859,0.5314586543400103,0.24742957327501044,0.4538,0.01058836788965705,0.6880041798545763,85,85,500,4,0,0.5453281490755008,0.537862737544941,0.24748438712140777,0.4475,0.00865105204126311,0.6881133649627097
5001,1,68,16,False,0,5,16,4,M4_entangled,False,12,R3_pca16,3.0,1,0.5304022213662044,0.5259309193631228,0.24831743641284415,0.4566,0.009708305123347758,0.6897784035389067,85,85,500,18,12,0.5271571648690293,0.5174146122239343,0.24865675063711823,0.465,0.0024076099472150592,0.6904622591516181
5001,1,68,16,False,12,5,16,4,M5_frozen,True,12,R3_pca16,3.05,1,0.5268748394966615,0.5220756291730868,0.2484989915692262,0.4606,0.0062007334297556,0.6901430373609071,85,73,500,18,12,0.526333582113508,0.5243242809450437,0.24873858098968166,0.458,0.009094980841031745,0.6906260873483543
5002,1,68,11,False,0,5,16,0,M3_product,False,12,R3_pca16,1.61,0,0.5518846302003082,0.5334874165382639,0.24720156849761843,0.456,0.008093276964561887,0.6875397307939638,85,85,500,4,0,0.5433379076784797,0.5311215973292245,0.24798207182459334,0.458,0.0044884375299807724,0.6891324461715648
5002,1,68,13,False,0,5,16,4,M4_entangled,False,12,R3_pca16,1.99,2,0.5392356831022085,0.5235586800205445,0.2483846898569209,0.462,0.006044209698631619,0.6899543498617858,85,85,500,20,14,0.541471053222907,0.519075821777093,0.2481617702977655,0.4655,0.010561272904992407,0.6894737175123952
5002,1,68,13,False,12,5,16,4,M5_frozen,True,12,R3_pca16,1.64,2,0.5365084103749358,0.5196809193631228,0.24850938474021542,0.466,0.006463256392844383,0.6901955976495122,85,73,500,20,14,0.5402241429121726,0.5171257062146892,0.2481785674043367,0.4675,0.009397163533354617,0.6895040064244522
5003,1,68,12,False,0,5,16,0,M3_product,False,12,R3_pca16,1.76,0,0.5549515279917823,0.5379365690806368,0.2464319062988353,0.4518,0.005984917300645494,0.6859528860349885,85,85,500,4,0,0.5449579882511557,0.5388739085772984,0.24762276768606273,0.451,0.0030859914961190228,0.6883766227826632
5003,1,68,10,False,0,5,16,4,M4_entangled,False,12,R3_pca16,1.98,1,0.5340580059065229,0.520078967642527,0.24837567383848627,0.4638,0.00417711534423002,0.6898971294002265,85,85,500,17,12,0.5383954079994864,0.5129686697483308,0.24812208872506797,0.471,0.01199675151371305,0.6893784040822147
5003,1,68,11,False,12,5,16,4,M5_frozen,True,12,R3_pca16,1.93,1,0.5419051746276322,0.5315132254750898,0.24795339531981017,0.4592,0.009411055166404775,0.689049176820658,85,73,500,17,12,0.5397285888546481,0.5229680277349769,0.24807191336313292,0.4675,0.007032451710128848,0.6892785934562186
5004,1,68,12,False,0,5,16,0,M3_product,False,12,R3_pca16,2.12,0,0.5500999935798665,0.5274460708782742,0.2474476703908502,0.4564,0.01799048916471044,0.688037755779141,85,85,500,4,0,0.5458778730097585,0.5233371854134565,0.2480373124659898,0.461,0.01785449313870031,0.6892584752060099
5004,1,68,13,False,0,5,16,4,M4_entangled,False,12,R3_pca16,2.01,1,0.5500728685156651,0.5293945814072933,0.24699922482084666,0.4612,0.009453719659424969,0.6871109610655384,85,85,500,17,12,0.5532610265793528,0.5416666666666667,0.24706052363484554,0.449,0.0058965856789048735,0.6872472148559515
5004,1,68,13,False,12,5,16,4,M5_frozen,True,12,R3_pca16,1.75,1,0.5509086093990755,0.5282710580380072,0.24693595810989308,0.4598,0.0075034353994776195,0.686989466382693,85,73,500,17,12,0.5533713726245505,0.5382800462249615,0.2470352838234226,0.4505,0.00430121586891687,0.6871949069088901
,1,,,False,,,16,,M0_class_prior,,,R3_pca16,0.0,,0.5,0.5,0.24921599999999994,0.472,1.1102230246251565e-16,0.691578359988849,0,0,2000,,,0.5,0.5,0.24921599999999994,0.472,2.220446049250313e-16,0.6915783599888489
,1,,,False,,,16,,M1_logreg,,,R3_pca16,0.01,,0.5460156651258347,0.5260529019003595,0.24731783404259342,0.4634,0.014883601043618367,0.687720634171918,17,17,2000,,,0.5451335387776066,0.5235458397534669,0.24811577763802575,0.466,0.016640659850492203,0.6893883947691001
,1,,,False,,,16,,M2_mlp,,,R3_pca16,0.34,,0.5482219440164355,0.5295647149460709,0.2472316543750007,0.4586,0.007347458414722436,0.687562269397813,73,73,2000,,,0.545090403505393,0.51793624807396,0.2479098924191761,0.4705,0.01934715077895427,0.6889373373312084
5000,1,68,11,False,0,5,16,0,M3_product,False,12,R3_pca16,7.63,0,0.5504160246533127,0.5297123780174627,0.2470951384225842,0.4546,0.010393653502156423,0.6872840810933445,85,85,2000,4,0,0.5423728813559322,0.5137230354391371,0.24809943171681298,0.4705,0.01466341607481627,0.6893392322844911
5000,1,68,11,False,0,5,16,8,M4_entangled,False,12,R3_pca16,6.95,5,0.5519671289162815,0.5271122239342578,0.24700186235937996,0.4596,0.004785311763596596,0.6871108064630256,85,85,2000,38,32,0.55060770576528,0.5243082306111967,0.24729503731565758,0.463,0.0018527333436581751,0.6877071434522215
5000,1,68,11,False,12,5,16,8,M5_frozen,True,12,R3_pca16,7.46,5,0.5530535760143811,0.5274974319465845,0.2469478829958979,0.4586,0.005194734649607112,0.6870045506859742,85,73,2000,38,32,0.550369960195172,0.5245810862865947,0.2473058894767593,0.462,0.0018173313400529087,0.68772827018705
5001,1,68,10,False,0,5,16,0,M3_product,False,12,R3_pca16,5.46,0,0.541898593990755,0.5306400873138162,0.24763783092107713,0.4582,0.006707544321594534,0.6883982756537039,85,85,2000,4,0,0.5421070477015922,0.524958269131998,0.24804392769000427,0.4635,0.008820240956805368,0.6892132546478504
5001,1,68,16,False,0,5,16,4,M4_entangled,False,12,R3_pca16,11.59,1,0.5738312146892656,0.5493515665125834,0.2448526081069427,0.442,0.0038807387509392235,0.6827226177238368,85,85,2000,18,12,0.5666359704031845,0.5539852978941961,0.24614718411064426,0.437,0.01897933077186048,0.6854294141570361
5001,1,68,16,False,12,5,16,4,M5_frozen,True,12,R3_pca16,10.01,1,0.5708281972265024,0.5484334874165383,0.2451971228532223,0.4424,0.007547322828966692,0.6834357881760061,85,73,2000,18,12,0.5671134678351311,0.5469632768361582,0.2458979791701526,0.444,0.011348905755451066,0.6848872398972283
5002,1,68,10,False,0,5,16,0,M3_product,False,12,R3_pca16,4.95,0,0.548571520287622,0.5230161787365177,0.24727324809061957,0.463,0.006188253261241247,0.6876576040627362,85,85,2000,4,0,0.5417378900231125,0.5162188623523369,0.24812318366019348,0.47,0.00973861502979507,0.6893650072465177
5002,1,68,11,False,0,5,16,4,M4_entangled,False,12,R3_pca16,7.98,2,0.5564231831022086,0.5314040832049306,0.246506293108837,0.454,0.003454864189884983,0.6861111288606747,85,85,2000,20,14,0.5530052243836672,0.5187227144324602,0.24712068263487097,0.467,0.013924197664260264,0.6873599900319614
5002,1,68,11,False,12,5,16,4,M5_frozen,True,12,R3_pca16,5.36,2,0.5539747046738572,0.5293689008731381,0.24673169393394828,0.4566,0.004172226663416233,0.6865661008420184,85,73,2000,20,14,0.5541277446070879,0.5247496147919877,0.24704102242542353,0.462,0.01010550057613264,0.6871969359617245
5003,1,68,12,False,0,5,16,0,M3_product,False,12,R3_pca16,8.23,0,0.564621533127889,0.5373362865947612,0.24625452569364698,0.4582,0.016836146442560082,0.6856002382545595,85,85,2000,4,0,0.5625050157293272,0.5490096944016436,0.24681942862950318,0.447,0.018644422834820124,0.6867577529023217
5003,1,68,15,False,0,5,16,4,M4_entangled,False,12,R3_pca16,8.86,1,0.5708712121212121,0.5507864663585003,0.24517566595445178,0.4402,0.010838138268931197,0.6833892528690283,85,85,2000,17,12,0.561998427067283,0.5376059322033898,0.24656316234713965,0.454,0.007352337374233759,0.6862596873861353
5003,1,68,16,False,12,5,16,4,M5_frozen,True,12,R3_pca16,9.07,1,0.568710676682075,0.5447836414997432,0.245322329203591,0.4454,0.006165201600825306,0.683681998694357,85,73,2000,17,12,0.5628230129686698,0.5350940549563431,0.2464427287036475,0.456,0.006760468774184055,0.6860089739267486
5004,1,68,11,False,0,5,16,0,M3_product,False,12,R3_pca16,7.31,0,0.5453099319465845,0.5239214175654854,0.24734812228608088,0.4624,0.004445530168565797,0.6878146421719202,85,85,2000,4,0,0.5448727208525938,0.5128482922444787,0.24788680403597618,0.4735,0.014705596689775367,0.6889057353348588
5004,1,68,11,False,0,5,16,4,M4_entangled,False,12,R3_pca16,7.24,1,0.5445221815613766,0.5218894453004622,0.24767050681721003,0.4612,0.005320336625380685,0.6884658792346372,85,85,2000,17,12,0.5261169026065742,0.5124229583975346,0.2489708557736431,0.4695,0.010859564698941369,0.6910902954330073
5004,1,68,11,False,12,5,16,4,M5_frozen,True,12,R3_pca16,5.95,1,0.5387187018489985,0.5186986389316898,0.24803116143781362,0.464,0.00311091653670103,0.6891935690841382,85,73,2000,17,12,0.526728821584489,0.5128402670775553,0.2489025099992716,0.469,0.008977876033389199,0.6909528041675274
,1,,,False,,,16,,M0_class_prior,,,R3_pca16,0.0,,0.5,0.5,0.24921599999999994,0.472,1.1102230246251565e-16,0.691578359988849,0,0,5000,,,0.5,0.5,0.24921599999999994,0.472,2.220446049250313e-16,0.6915783599888489
,1,,,False,,,16,,M1_logreg,,,R3_pca16,0.03,,0.5496300398048279,0.5289483821263483,0.24685972041438475,0.4602,0.010283010777499121,0.6868013616019858,17,17,5000,,,0.556626580957884,0.5385368515665125,0.24690460247498194,0.451,0.012646247375676552,0.6869451038931875
,1,,,False,,,16,,M2_mlp,,,R3_pca16,2.89,,0.5573391756548536,0.5344472265023112,0.2467600847657147,0.4552,0.017800445396432073,0.6866262133511144,73,73,5000,,,0.5650489936440679,0.5525568181818181,0.24625344980830238,0.4375,0.015274277492510422,0.6856955521827379
5000,1,68,17,False,0,5,16,0,M3_product,False,12,R3_pca16,25.16,0,0.5952255071905496,0.5574569851052902,0.24179577610030256,0.437,0.02015958602450175,0.6763982747062768,85,85,5000,4,0,0.5773375304956343,0.5415302388289676,0.24482134739809405,0.453,0.034675928383967644,0.6827874646098839
5000,1,68,16,False,0,5,16,8,M4_entangled,False,12,R3_pca16,28.26,5,0.5731391242937853,0.5498394966615305,0.24526823262105432,0.4398,0.011268296085503192,0.6836230674682958,85,85,5000,38,32,0.5740151113893168,0.5457916024653313,0.24541119556952043,0.445,0.015693444261980816,0.6839298075748532
5000,1,68,20,False,12,5,16,8,M5_frozen,True,12,R3_pca16,28.87,5,0.5619916859270673,0.5402285567539804,0.24631042846574883,0.449,0.016458774611838863,0.6856855084670176,85,73,5000,38,32,0.567317106445814,0.5370602208525938,0.24581379246478713,0.4525,0.022146116940472704,0.6846975427387005
5001,1,68,11,False,0,5,16,0,M3_product,False,12,R3_pca16,16.98,0,0.5759578839239856,0.5461190292758089,0.24458130266529107,0.4424,0.011163022068029948,0.6821558917143068,85,85,5000,4,0,0.5660441143425783,0.5518987544940934,0.24616371884177232,0.436,0.02442181151472631,0.685422659704247
5001,1,68,10,False,0,5,16,4,M4_entangled,False,12,R3_pca16,17.8,1,0.5809381420133539,0.5543432203389831,0.24425452020266475,0.4354,0.017652194285017384,0.6815418115888459,85,85,5000,18,12,0.5591936312275296,0.5414660374935799,0.24660860446616295,0.4485,0.007431509982756411,0.6863295611237825
5001,1,68,10,False,12,5,16,4,M5_frozen,True,12,R3_pca16,15.31,1,0.5797170326142784,0.5510496918335901,0.2445237130726895,0.4366,0.01733996792218644,0.6820913350499687,85,73,5000,18,12,0.5586429041474062,0.5369398433487417,0.2466299851388814,0.4515,0.005324122014771734,0.6863710660521393
5002,1,68,14,False,0,5,16,0,M3_product,False,12,R3_pca16,21.62,0,0.5799967899332306,0.5552934001027221,0.24431349059788257,0.4404,0.0160957721556454,0.6816382372373697,85,85,5000,4,0,0.5778170342193119,0.5477336928608115,0.2446810089414883,0.449,0.01592868567207204,0.6823912151265688
5002,1,68,19,False,0,5,16,4,M4_entangled,False,12,R3_pca16,30.49,2,0.573841968412943,0.5469119157678479,0.24588109140095876,0.4446,0.019375319758762055,0.6849347087688235,85,85,5000,20,14,0.5798624486389317,0.5537686183872625,0.24468652262679824,0.438,0.012058942819169539,0.6825613934750245
5002,1,68,14,False,12,5,16,4,M5_frozen,True,12,R3_pca16,19.2,2,0.5751198959938367,0.5486389316897792,0.2450547393344206,0.4456,0.011507874577851757,0.6831581438610201,85,73,5000,20,14,0.572097096494607,0.5520913585002568,0.24565709708931394,0.4425,0.01827940627240675,0.6844413817842933
5003,1,68,15,False,0,5,16,0,M3_product,False,12,R3_pca16,23.0,0,0.5944666474062661,0.5636973549049821,0.24262905780103253,0.4292,0.008388994173611452,0.6782140533020864,85,85,5000,4,0,0.5871021523497688,0.5556224319465846,0.24344449914614394,0.438,0.009009836363829156,0.6798891335338976
5003,1,68,14,False,0,5,16,4,M4_entangled,False,12,R3_pca16,22.96,1,0.5787814586543399,0.5517912172573189,0.24436257670978734,0.4394,0.007935554728173314,0.6817070880623709,85,85,5000,17,12,0.5802396314843349,0.5650520030816641,0.24456001938808888,0.4265,0.02357033937069744,0.6822959838319987
5003,1,68,50,False,12,5,16,4,M5_frozen,True,12,R3_pca16,68.46,1,0.5806887198253723,0.5572643810991269,0.24480151172400097,0.434,0.016698892667060688,0.6826712543592152,85,73,5000,17,12,0.5878504991653827,0.5721944016435542,0.24372647182710017,0.4205,0.024787537082719163,0.680568400430257
5004,1,68,23,False,0,5,16,0,M3_product,False,12,R3_pca16,34.72,0,0.581128659476117,0.5550654853620955,0.24419819899203613,0.4344,0.01307040800744179,0.6814480340950693,85,85,5000,4,0,0.5728675125192604,0.5471799563430919,0.24502163158068324,0.443,0.01057062054962148,0.6831637250665448
5004,1,68,10,False,0,5,16,4,M4_entangled,False,12,R3_pca16,15.22,1,0.5885355675398047,0.5514670005136106,0.2432584090973999,0.4354,0.016337792734114235,0.6794976805248649,85,85,5000,17,12,0.5771248635721623,0.5514734206471494,0.245009658166578,0.4355,0.015744540990524154,0.6830972209227609
5004,1,68,11,False,12,5,16,4,M5_frozen,True,12,R3_pca16,14.29,1,0.5902972521828453,0.5538167693888033,0.24267973158666606,0.437,0.007621828988838515,0.6782729228039851,85,73,5000,17,12,0.580662959039548,0.5678929121725732,0.2445192523666384,0.4235,0.024661636767467948,0.6821382060801916
,1,,,False,,,16,,M0_class_prior,,,R3_pca16,0.0,,0.5,0.5,0.24921599999999994,0.472,1.1102230246251565e-16,0.691578359988849,0,0,10000,,,0.5,0.5,0.24921599999999994,0.472,2.220446049250313e-16,0.6915783599888489
,1,,,False,,,16,,M1_logreg,,,R3_pca16,0.01,,0.5572040318438624,0.5333333333333333,0.24615313226587118,0.4564,0.010201840445128651,0.6853852977239657,17,17,10000,,,0.5630055855161787,0.5461206343091937,0.24631339174241254,0.444,0.021127192758841826,0.685776376508835
,1,,,False,,,16,,M2_mlp,,,R3_pca16,3.42,,0.5929514958911145,0.5601438109912686,0.24298411919375904,0.4316,0.014522971688067226,0.6790314056007086,73,73,10000,,,0.5870560076399589,0.5602128274268104,0.24377322163584375,0.4325,0.015238801270429318,0.6806298843527816
5000,1,68,19,False,0,5,16,0,M3_product,False,12,R3_pca16,54.56,0,0.6004786209553159,0.5651194144838212,0.24167630283368643,0.4286,0.018559939650014366,0.6763349894572959,85,85,10000,4,0,0.5926595804442732,0.5698992039034412,0.24364402820668105,0.425,0.019492657418893698,0.6805400473840189
5000,1,68,18,False,0,5,16,8,M4_entangled,False,12,R3_pca16,59.76,5,0.6026868258859784,0.5697290703646636,0.24124647363764634,0.422,0.009512657556177102,0.6754156095475605,85,85,10000,38,32,0.5901637535310734,0.5677404340010272,0.2431085503402394,0.4255,0.02035332547930162,0.6792043961900435
5000,1,68,13,False,12,5,16,8,M5_frozen,True,12,R3_pca16,36.79,5,0.5840324858757062,0.5514027991782229,0.24361771097208293,0.4386,0.005425116269501038,0.6802377390349128,85,73,10000,38,32,0.5755850346687211,0.550751155624037,0.24489533113367964,0.44,0.011696161503283212,0.6829256228745509
5001,1,68,16,False,0,5,16,0,M3_product,False,12,R3_pca16,45.68,0,0.6054683487416539,0.5685252953261428,0.2410876536839114,0.4218,0.017379480551424492,0.6751440457960252,85,85,10000,4,0,0.5996284347714432,0.5698430277349769,0.24216955749235392,0.4215,0.013814947728858324,0.6774875455341671
5001,1,68,11,False,0,5,16,4,M4_entangled,False,12,R3_pca16,38.07,1,0.6038596237801745,0.5745281201848998,0.24109973816584387,0.4194,0.008221493046619902,0.6751137821359267,85,85,10000,18,12,0.5903413103492552,0.5677805598356446,0.2432166903712224,0.427,0.013276936179918323,0.6795108677421656
5001,1,68,50,False,12,5,16,4,M5_frozen,True,12,R3_pca16,147.65,1,0.5989878659476118,0.5765376219825372,0.24233970968726362,0.4164,0.018607598262005927,0.6778107844999854,85,73,10000,18,12,0.5951945300462249,0.5855482794042116,0.24258647139277786,0.408,0.04328208009817961,0.6783281421775417
5002,1,68,11,False,0,5,16,0,M3_product,False,12,R3_pca16,31.76,0,0.5810866076014382,0.5468027734976888,0.24444603211581542,0.4408,0.016739413758106867,0.6819593522783587,85,85,10000,4,0,0.5871182026836158,0.5672027478171546,0.2436339120189045,0.4215,0.015163001704420937,0.680322400308117
5002,1,68,50,False,0,5,16,4,M4_entangled,False,12,R3_pca16,143.33,2,0.6080400937339496,0.5714304057524396,0.24086306496364765,0.4212,0.015769003890763907,0.6747932336114981,85,85,10000,20,14,0.6017571102978941,0.5706455444273241,0.24174706320920175,0.4235,0.01972333450002362,0.6766011484033864
5002,1,68,20,False,12,5,16,4,M5_frozen,True,12,R3_pca16,57.28,2,0.6031893618387263,0.5657710580380072,0.24128074915042447,0.4272,0.01763895307111265,0.6754499435579315,85,73,10000,20,14,0.6009234960837185,0.5768008474576272,0.24132445312198547,0.417,0.023898842077854345,0.6756123093461516
5003,1,68,17,False,0,5,16,0,M3_product,False,12,R3_pca16,47.24,0,0.6075300141242937,0.5782229070364664,0.24066729826954197,0.4178,0.020471864249581345,0.6743233940733151,85,85,10000,4,0,0.6032838983050848,0.5798022598870056,0.24099428162805164,0.4165,0.02073960511939209,0.6748154616140074
5003,1,68,24,False,0,5,16,4,M4_entangled,False,12,R3_pca16,70.44,1,0.6051200564971752,0.5760496918335901,0.24082161186276607,0.4172,0.006444117746951428,0.6746306692223809,85,85,10000,17,12,0.5950320204160247,0.5650439779147406,0.24277141087767218,0.429,0.03579934177213373,0.6787958248602954
5003,1,68,14,False,12,5,16,4,M5_frozen,True,12,R3_pca16,32.88,1,0.5943793335901386,0.563639573703133,0.24236390625141066,0.4276,0.012229877169618493,0.6777732963629208,85,73,10000,17,12,0.5923165045582948,0.5635753723677452,0.24287477121229936,0.428,0.014388210175106737,0.6789026270820464
5004,1,68,25,False,0,5,16,0,M3_product,False,12,R3_pca16,60.26,0,0.6020109463276837,0.5680052645095018,0.24133553706369448,0.4256,0.012475791302928191,0.6755589219551513,85,85,10000,4,0,0.5882948927837699,0.5654612865947612,0.24331421399500508,0.4285,0.014204564994271028,0.6796900206344058
5004,1,68,22,False,0,5,16,4,M4_entangled,False,12,R3_pca16,64.56,1,0.590075918079096,0.5643810991268619,0.2431037124775321,0.4276,0.013748520074465633,0.6792841964654436,85,85,10000,17,12,0.5949256869542886,0.5710307524396507,0.24265588410155864,0.4225,0.016245818617469834,0.6783270007069143
5004,1,68,15,False,12,5,16,4,M5_frozen,True,12,R3_pca16,34.36,1,0.5840262262455058,0.5618740369799692,0.24360420176847683,0.4316,0.014062937333179983,0.6802222542098949,85,73,10000,17,12,0.5900483917565484,0.5615369799691834,0.2431008007430967,0.433,0.009617482681403357,0.6791770528034505
,2,,,False,,,16,,M0_class_prior,,,R3_pca16,0.0,,0.5,0.5,0.24921599999999994,0.472,1.1102230246251565e-16,0.691578359988849,0,0,500,,,0.5,0.5,0.24921599999999994,0.472,2.220446049250313e-16,0.6915783599888489
,2,,,False,,,16,,M1_logreg,,,R3_pca16,0.01,,0.5365307203389831,0.5321295582948125,0.25262279048421216,0.4618,0.05243181398709084,0.6991599537044003,17,17,500,,,0.5546493804571135,0.5412092321520288,0.24903834809880776,0.4515,0.04863181501699792,0.691572879290007
,2,,,False,,,16,,M2_mlp,,,R3_pca16,0.08,,0.5285410246533129,0.5239791987673343,0.25029708400087736,0.4668,0.03372165865503131,0.6938613750541008,73,73,500,,,0.5487177789548022,0.5439779147406266,0.2473020109334019,0.4465,0.024583003302411918,0.6877532995258451
5000,2,68,14,False,0,5,16,0,M3_product,False,12,R3_pca16,1.68,0,0.5280420197740112,0.5166634565998973,0.24912971293989203,0.4694,0.025197609010814175,0.6914463768491685,85,85,500,4,0,0.5328600491140215,0.5197258602978942,0.24844132404959443,0.466,0.02394699828750986,0.6900642789187261
5000,2,68,12,False,0,5,16,8,M4_entangled,False,12,R3_pca16,1.73,5,0.532434675141243,0.5251251926040061,0.24930072133401274,0.4654,0.021544856436347223,0.6918221168578333,85,85,500,38,32,0.5573729214817669,0.5451736646122239,0.24661208904187953,0.445,0.01593930384179239,0.6863769552857603
5000,2,68,12,False,12,5,16,8,M5_frozen,True,12,R3_pca16,1.45,5,0.5314934835644581,0.5244863893168978,0.24905793789917224,0.4656,0.018047906763304374,0.691306624830584,85,73,500,38,32,0.5559675141242938,0.5426617873651772,0.24670530728155723,0.447,0.013651282325120216,0.6865524240519387
5001,2,68,16,False,0,5,16,0,M3_product,False,12,R3_pca16,1.92,0,0.5324736774524911,0.5234944786851566,0.24850397413816092,0.4624,0.010266703567860327,0.6901679585290788,85,85,500,4,0,0.5561631275680534,0.545446520287622,0.2463858262160694,0.4405,0.025578377115679216,0.685919469965246
5001,2,68,19,False,0,5,16,4,M4_entangled,False,12,R3_pca16,2.79,1,0.5344038906009245,0.5222072419106317,0.24827455120986924,0.4602,0.0026358399177684815,0.6896984524529,85,85,500,18,12,0.5366258586928608,0.5228797508988187,0.2481282945838244,0.46,0.002453268069321669,0.6894060606735987
5001,2,68,20,False,12,5,16,4,M5_frozen,True,12,R3_pca16,2.49,1,0.5338941319979456,0.5172155880842322,0.24821879092002838,0.4626,0.004210091501022346,0.6895797076885283,85,73,500,18,12,0.5362406506805342,0.5196295582948125,0.24818346193274102,0.461,0.003910354025496188,0.6895093912619914
5002,2,68,14,False,0,5,16,0,M3_product,False,12,R3_pca16,1.62,0,0.539162012069851,0.5317058294812532,0.24833515630545872,0.4594,0.02643177020597197,0.6898323657619596,85,85,500,4,0,0.5585606461864406,0.5448446327683616,0.24617882020981857,0.446,0.02024779936814836,0.6854676940993234
5002,2,68,11,False,0,5,16,4,M4_entangled,False,12,R3_pca16,1.44,2,0.5313355482794042,0.5271667950693375,0.2485872722788482,0.4594,0.006651438408833723,0.6903447712264754,85,85,500,20,14,0.5683954882511556,0.5575404468412943,0.24569639554753964,0.4285,0.029858984966193988,0.6845365688703942
5002,2,68,11,False,12,5,16,4,M5_frozen,True,12,R3_pca16,1.23,2,0.5315759822804315,0.53035760143811,0.24857017201671483,0.4566,0.003934529562932441,0.6903093171272774,85,73,500,20,14,0.5685078405880842,0.5582386363636364,0.2456758610327221,0.428,0.031249768718470336,0.6844944349047541
5003,2,68,13,False,0,5,16,0,M3_product,False,12,R3_pca16,1.56,0,0.5365923536209554,0.5248041859270673,0.24832715610121986,0.4618,0.008575093162319292,0.6898033055299145,85,85,500,4,0,0.5501402397919877,0.5452218156137647,0.24699333846144061,0.4405,0.019992990432967827,0.6871469547088459
5003,2,68,13,False,0,5,16,4,M4_entangled,False,12,R3_pca16,1.69,1,0.5319183359013867,0.5221462506420134,0.24854675380585323,0.461,0.010196210609784664,0.6902555860210798,85,85,500,17,12,0.5474056641628146,0.5256965844889574,0.24689600178721677,0.4575,0.010015003407697664,0.6869118999995468
5003,2,68,13,False,12,5,16,4,M5_frozen,True,12,R3_pca16,1.52,1,0.5302844119157679,0.518717899332306,0.24860522359822662,0.4636,0.012640692724567339,0.6903715120407902,85,73,500,17,12,0.5472421513867488,0.5324618002054443,0.2469666450118977,0.45,0.012197327335573632,0.6870542551271924
5004,2,68,12,False,0,5,16,0,M3_product,False,12,R3_pca16,1.5,0,0.5333285182331793,0.5258217770929635,0.24955561694083803,0.4612,0.022273732068979736,0.6924015191336572,85,85,500,4,0,0.5425915671545968,0.5323815485362096,0.24857340685677734,0.454,0.022805400730984495,0.6904479719599176
5004,2,68,23,False,0,5,16,4,M4_entangled,False,12,R3_pca16,4.07,1,0.5315157935285054,0.5196680790960452,0.2490384425693087,0.4686,0.020415670020497545,0.6912603319516555,85,85,500,17,12,0.5371153938751926,0.5293801361068311,0.24839670645747702,0.458,0.018723588584479256,0.6899887723995971
5004,2,68,50,False,12,5,16,4,M5_frozen,True,12,R3_pca16,5.68,1,0.5391584809964047,0.5279211607601437,0.24821833606407198,0.461,0.012539267625602268,0.6895934835130998,85,73,500,17,12,0.5333425622752953,0.5320846173600411,0.24855396137490196,0.4555,0.01503855770534043,0.6902765644534659
,2,,,False,,,16,,M0_class_prior,,,R3_pca16,0.0,,0.5,0.5,0.24921599999999994,0.472,1.1102230246251565e-16,0.691578359988849,0,0,2000,,,0.5,0.5,0.24921599999999994,0.472,2.220446049250313e-16,0.6915783599888489
,2,,,False,,,16,,M1_logreg,,,R3_pca16,0.01,,0.5470968156137648,0.5294716230097586,0.2483675131755353,0.4624,0.02930039654989591,0.6900269083179479,17,17,2000,,,0.5604856831022085,0.5464897919876733,0.24681921579190022,0.4445,0.024692606121969402,0.6869160143715262
,2,,,False,,,16,,M2_mlp,,,R3_pca16,0.44,,0.5539116268618387,0.5352722136620441,0.24827085016834188,0.4572,0.03181135926263726,0.6898186533468517,73,73,2000,,,0.5732928463662044,0.5470836543400103,0.245051351464402,0.445,0.019915443442124602,0.6831310254442365
5000,2,68,20,False,0,5,16,0,M3_product,False,12,R3_pca16,8.82,0,0.559220114278377,0.5389766307139189,0.24779278983933592,0.4526,0.031561517345598734,0.6889299160070106,85,85,2000,4,0,0.5845983002696455,0.5637198253723678,0.24401320097958643,0.4285,0.017387687393586166,0.681262091616129
5000,2,68,14,False,0,5,16,8,M4_entangled,False,12,R3_pca16,7.19,5,0.5546282742681048,0.5304346430405753,0.24841342857976714,0.462,0.040343229023496366,0.6901391661744994,85,85,2000,38,32,0.5765550767205958,0.5585114920390344,0.24523680525233243,0.434,0.020871307357385422,0.6837547488301909
5000,2,68,14,False,12,5,16,8,M5_frozen,True,12,R3_pca16,6.07,5,0.5524825051361069,0.5273176682074987,0.24862997653517385,0.4656,0.040885022570605604,0.6905715020219286,85,73,2000,38,32,0.5755549402927581,0.5551168464304057,0.2454007871127774,0.438,0.01890991541419374,0.6840641161539063
5001,2,68,15,False,0,5,16,0,M3_product,False,12,R3_pca16,6.62,0,0.5621208911145352,0.544847842835131,0.2467017986245492,0.4464,0.019480060440807617,0.6865856806325059,85,85,2000,4,0,0.5725665687596302,0.5539291217257319,0.24484121119747085,0.437,0.02776086284037098,0.6827793275044999
5001,2,68,14,False,0,5,16,4,M4_entangled,False,12,R3_pca16,7.37,1,0.5484159925526451,0.5309675141242938,0.24772024873731407,0.4584,0.01680205707077547,0.6885816140738783,85,85,2000,18,12,0.5618971093348742,0.5491782229070364,0.2464694205322241,0.44,0.008625249066119374,0.6860467248209777
5001,2,68,13,False,12,5,16,4,M5_frozen,True,12,R3_pca16,5.78,1,0.5374754429892142,0.5256676938880329,0.24807249111610308,0.4616,0.005366762766950053,0.6892821034110389,85,73,2000,18,12,0.5484288729455573,0.5278232537236774,0.24780136544026843,0.46,0.005844515259780156,0.6887347919269543
5002,2,68,14,False,0,5,16,0,M3_product,False,12,R3_pca16,5.94,0,0.5485634951206985,0.5309546738572162,0.24867583473596838,0.461,0.032617922939860815,0.6906265398606322,85,85,2000,4,0,0.5750824585901386,0.5549964689265536,0.24489721291496144,0.437,0.019285552634058147,0.6829815336584185
5002,2,68,18,False,0,5,16,4,M4_entangled,False,12,R3_pca16,9.01,2,0.5585273818695429,0.5441833590138675,0.2475394620064124,0.4476,0.020405467931484896,0.6883718655451596,85,85,2000,20,14,0.5671796754622496,0.5493066255778121,0.24608837270330328,0.442,0.017945929387506217,0.685336361861963
5002,2,68,18,False,12,5,16,4,M5_frozen,True,12,R3_pca16,7.53,2,0.5598723998459167,0.5426874678993323,0.2476456818454365,0.4488,0.024120226151959905,0.6886453713313059,85,73,2000,20,14,0.5710919443374423,0.5485281843862353,0.24586383158752853,0.443,0.019833798949298334,0.6849547020845066
5003,2,68,24,False,0,5,16,0,M3_product,False,12,R3_pca16,10.93,0,0.5623523369286081,0.5379012583461736,0.24753450230613927,0.4558,0.033893205530834754,0.6884202349336358,85,85,2000,4,0,0.5694899203903442,0.5604375321006677,0.24639426065447037,0.4325,0.037442891424015017,0.6861574023552819
5003,2,68,22,False,0,5,16,4,M4_entangled,False,12,R3_pca16,11.17,1,0.5669215459681561,0.540992552645095,0.24659703907291206,0.4504,0.027125819245768575,0.6864274787674419,85,85,2000,17,12,0.5766242937853108,0.5573879686697483,0.2454937091134827,0.434,0.012736754628425613,0.6843746087283448
5003,2,68,21,False,12,5,16,4,M5_frozen,True,12,R3_pca16,9.56,1,0.5624314650744736,0.5440838469440163,0.24719251497770406,0.4478,0.023147084548634088,0.6876761404069468,85,73,2000,17,12,0.5717580331920904,0.5599800975860298,0.24620279159919203,0.4315,0.01564008569012984,0.6858360319351053
5004,2,68,12,False,0,5,16,0,M3_product,False,12,R3_pca16,6.52,0,0.545958365434001,0.5306657678479713,0.24811180569202765,0.4614,0.02679707975785415,0.6894089931020339,85,85,2000,4,0,0.5633677211736003,0.5435124550590652,0.2460734914702664,0.448,0.02207114379105455,0.6852833985362137
5004,2,68,12,False,0,5,16,4,M4_entangled,False,12,R3_pca16,6.14,1,0.5605603171545968,0.5359495377503852,0.2464326338195253,0.4548,0.015385952835724002,0.6859325065327309,85,85,2000,17,12,0.5643317443502824,0.5528697996918336,0.2457329557745112,0.438,0.012154813928947558,0.6845663704405694
5004,2,68,12,False,12,5,16,4,M5_frozen,True,12,R3_pca16,5.74,1,0.5579959553158707,0.54185927067283,0.24666226618970485,0.4478,0.0018019416508046468,0.6864238070279269,85,73,2000,17,12,0.5619312162942989,0.5480386492039034,0.24591723939499,0.4415,0.012908223806176691,0.6849213872780763
,2,,,False,,,16,,M0_class_prior,,,R3_pca16,0.0,,0.5,0.5,0.24921599999999994,0.472,1.1102230246251565e-16,0.691578359988849,0,0,5000,,,0.5,0.5,0.24921599999999994,0.472,2.220446049250313e-16,0.6915783599888489
,2,,,False,,,16,,M1_logreg,,,R3_pca16,0.01,,0.5542056689779148,0.5339528762198253,0.2469843590537212,0.4566,0.017240868609496394,0.6870518004094025,17,17,5000,,,0.5661143345531587,0.5541538263995891,0.24546804450495585,0.437,0.02744270731982798,0.684015697389359
,2,,,False,,,16,,M2_mlp,,,R3_pca16,2.72,,0.5929052709296354,0.5734912686183873,0.24335762601032399,0.4204,0.022642583119501382,0.6799123105359586,73,73,5000,,,0.6146134277092964,0.5773947098099641,0.23918100893601404,0.4175,0.015071426261054167,0.6711367793344641
5000,2,68,50,False,0,5,16,0,M3_product,False,12,R3_pca16,67.79,0,0.584106959424756,0.5635015408320493,0.24501351549104844,0.43,0.02629033492077413,0.6833076530705763,85,85,5000,4,0,0.5967112865947612,0.5649316255778121,0.242662739484158,0.429,0.02562629892606233,0.6785395823642891
5000,2,68,14,False,0,5,16,8,M4_entangled,False,12,R3_pca16,20.5,5,0.5847987288135593,0.5574505649717514,0.24410985297707458,0.4348,0.016482386860428102,0.6812975852931351,85,85,5000,38,32,0.6017460756933743,0.5650600282485876,0.24085676519128038,0.4275,0.017214940280337408,0.67458192906839
5000,2,68,17,False,12,5,16,8,M5_frozen,True,12,R3_pca16,19.43,5,0.5754391371340524,0.5559322033898305,0.24574380058543902,0.4374,0.01506342731957682,0.6847091019325499,85,73,5000,38,32,0.5964253900231125,0.5726759116589625,0.24194603724988775,0.421,0.025484046615292705,0.67684973502756
5001,2,68,17,False,0,5,16,0,M3_product,False,12,R3_pca16,20.79,0,0.5918083911145352,0.5609752182845403,0.24316657898275426,0.4316,0.02139600438507134,0.6793791398415833,85,85,5000,4,0,0.6114294427324088,0.5842642526964561,0.23982602738821368,0.409,0.016182868975141356,0.6725204180736275
5001,2,68,12,False,0,5,16,4,M4_entangled,False,12,R3_pca16,16.12,1,0.5552466936312275,0.5395223420647149,0.24680777601468198,0.4506,0.007406837955425212,0.6867497834831271,85,85,5000,18,12,0.5567439490241397,0.5450292116076014,0.24685694324503737,0.4445,0.012366244518444026,0.686870885308736
5001,2,68,14,False,12,5,16,4,M5_frozen,True,12,R3_pca16,16.95,1,0.5763146828454032,0.5495987416538264,0.2446685022983791,0.442,0.006151114164506497,0.6824302593439768,85,73,5000,18,12,0.575889991011813,0.5550205444273241,0.24478446290332215,0.4365,0.012384960268918138,0.682686935265244
5002,2,68,13,False,0,5,16,0,M3_product,False,12,R3_pca16,13.89,0,0.5848897342064715,0.5595371083718541,0.24408034360557695,0.4372,0.014554550609332143,0.681202960929559,85,85,5000,4,0,0.6041185156651259,0.5714962121212122,0.24131208957943442,0.4245,0.01559147878420439,0.6755221888509934
5002,2,68,12,False,0,5,16,4,M4_entangled,False,12,R3_pca16,14.05,2,0.571832948125321,0.5482922444786852,0.24546337201712495,0.4458,0.012065572291728723,0.6840046993970307,85,85,5000,20,14,0.5828899428608114,0.5626765536723164,0.24413371644762702,0.4315,0.016609963714633108,0.6813564526232658
5002,2,68,23,False,12,5,16,4,M5_frozen,True,12,R3_pca16,22.97,2,0.5842534989727786,0.5553126605033385,0.24453073294512231,0.4386,0.025773917352812734,0.682251540307802,85,73,5000,20,14,0.5924298600410889,0.5678367360041089,0.2433370469449998,0.427,0.01948566427632147,0.679950716179346
5003,2,68,15,False,0,5,16,0,M3_product,False,12,R3_pca16,16.63,0,0.58804426682075,0.5582980225988701,0.24362599144301866,0.4368,0.012902009721072383,0.6802652946383619,85,85,5000,4,0,0.6172286289804828,0.5873459167950693,0.2390462428970327,0.408,0.01809196475401239,0.6709262180440235
5003,2,68,14,False,0,5,16,4,M4_entangled,False,12,R3_pca16,16.3,1,0.5939957306111967,0.5660952747817155,0.24262789449577193,0.427,0.023212022753431198,0.6783550275518604,85,85,5000,17,12,0.5962247608500257,0.5804763739085773,0.2424539922681007,0.413,0.02343192190402104,0.6780645158169063
5003,2,68,14,False,12,5,16,4,M5_frozen,True,12,R3_pca16,16.72,1,0.5875094696969697,0.5638931689779147,0.24347980341906109,0.4298,0.015818007670750034,0.6800289556565442,85,73,5000,17,12,0.5892107649589112,0.5575243965074473,0.24330454203926946,0.437,0.012801566721702781,0.6797109321625592
5004,2,68,20,False,0,5,16,0,M3_product,False,12,R3_pca16,23.52,0,0.5546480161787365,0.5308294812532101,0.24759494760188733,0.4608,0.025472177061947186,0.6883285383659857,85,85,5000,4,0,0.5700366348870056,0.5539291217257319,0.24541850868760684,0.437,0.02505932646916921,0.683984863255993
5004,2,68,13,False,0,5,16,4,M4_entangled,False,12,R3_pca16,16.08,1,0.6003264637904469,0.5701848998459168,0.24163841975360714,0.4242,0.005939451363511064,0.6762444875028939,85,85,5000,17,12,0.6149745602208526,0.5839191705187468,0.23950139312688262,0.4115,0.01575927920045246,0.6718555122703814
5004,2,68,13,False,12,5,16,4,M5_frozen,True,12,R3_pca16,13.17,1,0.5988782421674371,0.5697804314329737,0.24181326005189868,0.4242,0.008453841087381921,0.67656050195727,85,73,5000,17,12,0.6118327073703133,0.5805164997431946,0.23998410474665596,0.4145,0.008456439185133236,0.6728189023175528
,2,,,False,,,16,,M0_class_prior,,,R3_pca16,0.0,,0.5,0.5,0.24921599999999994,0.472,1.1102230246251565e-16,0.691578359988849,0,0,10000,,,0.5,0.5,0.24921599999999994,0.472,2.220446049250313e-16,0.6915783599888489
,2,,,False,,,16,,M1_logreg,,,R3_pca16,0.01,,0.5504916217257319,0.5360008988186954,0.24708943190997043,0.4542,0.013019315230925343,0.6872885875230088,17,17,10000,,,0.5646808391114535,0.5446119029275809,0.24560438119318098,0.445,0.0065639292363149,0.6843501067452287
,2,,,False,,,16,,M2_mlp,,,R3_pca16,1.66,,0.5780673793014894,0.5556208269131998,0.24488997083590697,0.4378,0.015117075001161304,0.682925144279366,73,73,10000,,,0.5957432508346173,0.563366718027735,0.24181451533744341,0.43,0.01319262541875591,0.6764931490794502
5000,2,68,26,False,0,5,16,0,M3_product,False,12,R3_pca16,71.55,0,0.5985676682074987,0.561244863893169,0.24217822621037322,0.4316,0.02718507383630143,0.6772831048048156,85,85,10000,4,0,0.6142763706985105,0.5809739342578326,0.23929437226308697,0.412,0.008731368830850749,0.6713668442954815
5000,2,68,50,False,0,5,16,8,M4_entangled,False,12,R3_pca16,140.26,5,0.6031819786851567,0.5768714689265537,0.24131847212943222,0.4174,0.01606510497904744,0.6756315840011194,85,85,10000,38,32,0.6104082402413971,0.5800028890600925,0.2403442834328817,0.4135,0.011107736221580658,0.6737668134958646
5000,2,68,16,False,12,5,16,8,M5_frozen,True,12,R3_pca16,34.13,5,0.5924656522855676,0.5670261941448382,0.2422030140171905,0.424,0.013402868803716087,0.6773637046419403,85,73,10000,38,32,0.5948414227015921,0.5571632639958911,0.24208733913925662,0.434,0.01430860797586284,0.6770060456459916
5001,2,68,29,False,0,5,16,0,M3_product,False,12,R3_pca16,66.33,0,0.6137004044684129,0.5788135593220339,0.23955132988320346,0.4158,0.008651927221432541,0.6720012868966232,85,85,10000,4,0,0.6204858436055469,0.5896571648690293,0.2381769778079297,0.4055,0.016298618055995404,0.6690626814227261
5001,2,68,11,False,0,5,16,4,M4_entangled,False,12,R3_pca16,29.26,1,0.5989149974319465,0.5574537750385208,0.24204237469890463,0.4324,0.016911193041352565,0.6770448547360038,85,85,10000,18,12,0.611884870955316,0.5730370441705188,0.24018582473690736,0.417,0.023571104930259986,0.6731581854087176
5001,2,68,13,False,12,5,16,4,M5_frozen,True,12,R3_pca16,31.85,1,0.5979757318952235,0.5611678222907036,0.24227121097227478,0.4276,0.02153621748443588,0.677503520964985,85,73,10000,18,12,0.6149745602208525,0.57079802259887,0.24015629721504297,0.418,0.028820485797621267,0.6730563818279048
5002,2,68,20,False,0,5,16,0,M3_product,False,12,R3_pca16,47.15,0,0.6160840395480226,0.5754108885464817,0.23943375953808257,0.416,0.018212134398364117,0.6717803803677078,85,85,10000,4,0,0.623761114856189,0.5911578710837185,0.23720855943001526,0.4,0.017002983000656027,0.6668770509995191
5002,2,68,14,False,0,5,16,4,M4_entangled,False,12,R3_pca16,36.05,2,0.5997250577812019,0.5716968412942989,0.24213425321574555,0.425,0.021045146935612463,0.6773121464754106,85,85,10000,20,14,0.6137938575372368,0.5894404853620956,0.23952331925961193,0.4065,0.02309976407779054,0.671866697706549
5002,2,68,20,False,12,5,16,4,M5_frozen,True,12,R3_pca16,42.28,2,0.6084307588597843,0.5760464817668207,0.24095682952737196,0.4154,0.013341213769162915,0.6750639082779764,85,73,10000,20,14,0.6112458670390344,0.5821857344632768,0.23955535764046715,0.409,0.01841131551943883,0.6717988736170901
5003,2,68,12,False,0,5,16,0,M3_product,False,12,R3_pca16,26.95,0,0.590409604519774,0.5598709553158705,0.24281460342866545,0.4298,0.010703497417738643,0.6786338767338043,85,85,10000,4,0,0.6097261010529019,0.5786386106831022,0.24029616456079894,0.4115,0.02062149024196305,0.6735396737215248
5003,2,68,17,False,0,5,16,4,M4_entangled,False,12,R3_pca16,43.82,1,0.5958856574216744,0.567347200821777,0.2423449048987468,0.4248,0.017480647336051584,0.6777380178373498,85,85,10000,17,12,0.6177763466230098,0.5820252311248074,0.23875535955987426,0.41,0.010050299824752683,0.6703519505205084
5003,2,68,17,False,12,5,16,4,M5_frozen,True,12,R3_pca16,37.93,1,0.5953723677452492,0.5680309450436569,0.24234496108459208,0.4246,0.013051510087551853,0.6777322913262653,85,73,10000,17,12,0.616230498844376,0.5840636235233693,0.23890960484356757,0.4085,0.008549452439022942,0.6706082668202799
5004,2,68,13,False,0,5,16,0,M3_product,False,12,R3_pca16,28.8,0,0.5772932717000513,0.5670871854134566,0.24406869444613993,0.4232,0.03335162998241483,0.6812029976507517,85,85,10000,4,0,0.580274741589625,0.5601646764252697,0.2439492376074382,0.43,0.02373497339152633,0.6809612795554788
5004,2,68,22,False,0,5,16,4,M4_entangled,False,12,R3_pca16,55.56,1,0.6108952876219826,0.5843669748330765,0.2404048212138683,0.4092,0.017130030727579595,0.6739749739856694,85,85,10000,17,12,0.6188868290960452,0.5889509501797637,0.2388360623048294,0.405,0.0060468758784350835,0.6706236157361944
5004,2,68,22,False,12,5,16,4,M5_frozen,True,12,R3_pca16,46.12,1,0.6145826913199794,0.5879333590138675,0.23963976878687818,0.4056,0.01893719960011536,0.6723380059354817,85,73,10000,17,12,0.6256590668335902,0.5879478043143298,0.23781381943891117,0.406,0.01738018138338399,0.6684871006112562
,3,,,False,,,16,,M0_class_prior,,,R3_pca16,0.0,,0.5,0.5,0.24921599999999994,0.472,1.1102230246251565e-16,0.691578359988849,0,0,500,,,0.5,0.5,0.24921599999999994,0.472,2.220446049250313e-16,0.6915783599888489
,3,,,False,,,16,,M1_logreg,,,R3_pca16,0.02,,0.5630649717514125,0.5467257318952234,0.24681676808408434,0.4452,0.021387339081331974,0.6869193085294155,17,17,500,,,0.5611046241011812,0.5374133281972264,0.2472797136570668,0.4545,0.031156318421484693,0.6881092767768288
,3,,,False,,,16,,M2_mlp,,,R3_pca16,1.47,,0.54314281587057,0.5296738572162301,0.24875921722332445,0.4666,0.025880473164458212,0.690668206008842,73,73,500,,,0.5545841759758603,0.5418111196712891,0.24751130618511114,0.453,0.02119536671792292,0.6881878367600861
5000,3,68,14,False,0,5,16,0,M3_product,False,12,R3_pca16,1.89,0,0.5483338148433488,0.5324922958397534,0.24769123400048412,0.4566,0.007919067805139467,0.6885430212792994,85,85,500,4,0,0.5415412734334873,0.5287220724191063,0.24838326426815022,0.46,0.010190287871225813,0.6899554215729865
5000,3,68,12,False,0,5,16,8,M4_entangled,False,12,R3_pca16,1.95,5,0.5556548536209553,0.5405945043656908,0.2469275533829349,0.4526,0.01070678677496442,0.6869757045265833,85,85,500,38,32,0.5536673006548536,0.5379510143810992,0.24713300779758668,0.455,0.011438923871494843,0.6874018342307591
5000,3,68,12,False,12,5,16,8,M5_frozen,True,12,R3_pca16,1.89,5,0.5557066961992809,0.5408320493066255,0.24694239549327845,0.4528,0.012382997083345506,0.6870048484319438,85,73,500,38,32,0.554255144131998,0.5380954673857217,0.24711873641692036,0.4555,0.014683499548565144,0.6873734763324135
5001,3,68,14,False,0,5,16,0,M3_product,False,12,R3_pca16,2.12,0,0.5587713469440165,0.5381034925526451,0.24630295974221153,0.446,0.007018971584515112,0.685707618827327,85,85,500,4,0,0.5640879799049819,0.5348131741140216,0.24648381694228674,0.449,0.008811178694137996,0.6860849299370051
5001,3,68,24,False,0,5,16,4,M4_entangled,False,12,R3_pca16,5.37,1,0.5408116653826399,0.5236389316897792,0.24805744992345308,0.4636,0.018695478486192334,0.6892513444263312,85,85,500,18,12,0.5373631709039548,0.5166682717000514,0.24850232665459154,0.47,0.025621737624335488,0.6901419301937469
5001,3,68,18,False,12,5,16,4,M5_frozen,True,12,R3_pca16,3.09,1,0.5405288585002568,0.5196070878274268,0.24806892788532378,0.4596,0.009189645458502512,0.6892777388084578,85,73,500,18,12,0.528642823895737,0.5137069851052902,0.24854721190569198,0.465,0.0036153207493717903,0.6902367017963214
5002,3,68,14,False,0,5,16,0,M3_product,False,12,R3_pca16,2.23,0,0.561767944273241,0.5437211093990755,0.24675053943616812,0.4488,0.017934249226504176,0.6867111977222319,85,85,500,4,0,0.559421345338983,0.5373330765279918,0.2471767197749945,0.455,0.021829976541070738,0.6877043905720034
5002,3,68,14,False,0,5,16,4,M4_entangled,False,12,R3_pca16,2.39,2,0.5719313366718028,0.5452202105803801,0.24532515008072897,0.441,0.011049953038986546,0.6837591580268831,85,85,500,20,14,0.5763955765279918,0.5382559707241911,0.2453751487571647,0.4475,0.012043281330489378,0.6839227571423457
5002,3,68,14,False,12,5,16,4,M5_frozen,True,12,R3_pca16,2.24,2,0.5708397534668721,0.5448157421674371,0.24558684696163463,0.441,0.015798366984336547,0.6842908879669594,85,73,500,20,14,0.5760525006420134,0.5389782357473035,0.2455775828810149,0.4465,0.01022831283039873,0.6843259646371894
5003,3,68,14,False,0,5,16,0,M3_product,False,12,R3_pca16,3.02,0,0.5559643040575244,0.5366782229070365,0.2471740377902265,0.4532,0.01585462612309036,0.6874931863978427,85,85,500,4,0,0.5552763466230098,0.5325420518746791,0.24722392093193918,0.4565,0.018765958832406112,0.6876110572549101
5003,3,68,20,False,0,5,16,4,M4_entangled,False,12,R3_pca16,3.43,1,0.5641254173086799,0.5352497431946585,0.24710985713520778,0.4544,0.02764658674298815,0.6874745993916633,85,85,500,17,12,0.5692180678608115,0.5418512455059066,0.246126934796423,0.4475,0.021538074617979054,0.6855075111008565
5003,3,68,18,False,12,5,16,4,M5_frozen,True,12,R3_pca16,2.69,1,0.5630563045711351,0.5341069594247561,0.24683560866454263,0.4548,0.023518599079429582,0.686856050738507,85,73,500,17,12,0.5674455091165896,0.5385288263995891,0.24607468439673658,0.45,0.021561892647314507,0.6853499295074384
5004,3,68,12,False,0,5,16,0,M3_product,False,12,R3_pca16,2.02,0,0.5658163199794557,0.5482665639445301,0.24633312204230015,0.444,0.017329121970570398,0.685809387797838,85,85,500,4,0,0.5594664869029276,0.5534636620441705,0.24725026308387016,0.4385,0.019425691579095787,0.6877751226956008
5004,3,68,18,False,0,5,16,4,M4_entangled,False,12,R3_pca16,3.9,1,0.5551367488443759,0.5389958911145352,0.2466480860475077,0.4494,0.014911466442910533,0.6864033761621098,85,85,500,17,12,0.563198189522342,0.5346205701078582,0.24632682760117192,0.453,0.02909840431100251,0.6857408239507606
5004,3,68,18,False,12,5,16,4,M5_frozen,True,12,R3_pca16,2.63,1,0.5546443246019517,0.5385304314329737,0.24658217583234665,0.4488,0.007766981565026646,0.6862717357223472,85,73,500,17,12,0.5625030094375963,0.537983115048793,0.24615885999475284,0.4485,0.021201210855211036,0.6853981777029751
,3,,,False,,,16,,M0_class_prior,,,R3_pca16,0.0,,0.5,0.5,0.24921599999999994,0.472,1.1102230246251565e-16,0.691578359988849,0,0,2000,,,0.5,0.5,0.24921599999999994,0.472,2.220446049250313e-16,0.6915783599888489
,3,,,False,,,16,,M1_logreg,,,R3_pca16,0.01,,0.5454457177709295,0.5345916795069338,0.24777783513990725,0.4564,0.018160262021969936,0.6887163393018879,17,17,2000,,,0.5382088228685157,0.5316271828454031,0.24901674551267633,0.458,0.024441004932939044,0.6913261126143054
,3,,,False,,,16,,M2_mlp,,,R3_pca16,0.3,,0.545683102208526,0.5315164355418592,0.24806567622004513,0.454,0.016452325855595026,0.6893530391009521,73,73,2000,,,0.543021916730868,0.5311697483307652,0.24886177547631416,0.4535,0.018371369536468358,0.6910444272550658
5000,3,68,12,False,0,5,16,0,M3_product,False,12,R3_pca16,8.52,0,0.5546756227529533,0.5287750385208012,0.24680288411494586,0.4638,0.013181986666914643,0.6867137319313357,85,85,2000,4,0,0.5630888466230097,0.5478380200308166,0.24619790158565766,0.4445,0.015401760167321739,0.6855242351282852
5000,3,68,15,False,0,5,16,8,M4_entangled,False,12,R3_pca16,11.62,5,0.5767477208525936,0.5530912942989215,0.2443410154419869,0.4376,0.012755663471320141,0.6817374685663568,85,85,2000,38,32,0.568132664034412,0.5424130071905495,0.24580350656503203,0.4475,0.016295698840968105,0.6847638609155693
5000,3,68,17,False,12,5,16,8,M5_frozen,True,12,R3_pca16,11.84,5,0.5711843541345659,0.5500032100667693,0.2451126873410617,0.4406,0.015533335285241225,0.6833317917998732,85,73,2000,38,32,0.5641421497817155,0.5440581664098614,0.24633175151405504,0.446,0.01526197917556413,0.6858607696210907
5001,3,68,10,False,0,5,16,0,M3_product,False,12,R3_pca16,8.04,0,0.5362114791987673,0.5225635593220339,0.24850468758678299,0.471,0.016525396538592023,0.6901632853333828,85,85,2000,4,0,0.5326202972521829,0.5187788906009245,0.24898750212941498,0.474,0.01921830449947808,0.6911498035235604
5001,3,68,22,False,0,5,16,4,M4_entangled,False,12,R3_pca16,16.72,1,0.585078967642527,0.5563174114021572,0.24392804202579924,0.4336,0.009081130147266603,0.6808806719201103,85,85,2000,18,12,0.5689682845403183,0.54918624807396,0.24555474491750506,0.441,0.009409624739426276,0.6841517989121673
5001,3,68,18,False,12,5,16,4,M5_frozen,True,12,R3_pca16,10.65,1,0.5748250513610683,0.5401258346173601,0.24521764749418298,0.446,0.008823241487259275,0.6835161095150654,85,73,2000,18,12,0.5643698638931689,0.5349496019517206,0.24615369080595956,0.452,0.0066478843353234025,0.6854112530386174
5002,3,68,9,False,0,5,16,0,M3_product,False,12,R3_pca16,4.62,0,0.5444001990241396,0.5254237288135594,0.24738600531177912,0.4592,0.011284487588729214,0.6879001351541412,85,85,2000,4,0,0.5487739551232667,0.5283769902413971,0.24750272140916948,0.4555,0.010664209404014188,0.6881587560508673
5002,3,68,9,False,0,5,16,4,M4_entangled,False,12,R3_pca16,6.15,2,0.5450540896250642,0.5288906009244992,0.2474888598271929,0.453,0.011463803824025327,0.6881175085951274,85,85,2000,20,14,0.5515496597329225,0.5232569337442219,0.24714306682815773,0.458,0.013294880015532036,0.6874052977761883
5002,3,68,9,False,12,5,16,4,M5_frozen,True,12,R3_pca16,3.93,2,0.5454274203903442,0.5293400102722137,0.24743005909401072,0.453,0.010218067072538691,0.6879970271271089,85,73,2000,20,14,0.5522067202747817,0.5230081535695943,0.2471053827412847,0.4585,0.012598951384130315,0.6873359742689785
5003,3,68,12,False,0,5,16,0,M3_product,False,12,R3_pca16,6.57,0,0.5598691897791475,0.5376444530046225,0.24575438327495877,0.449,0.01234966784401383,0.6846052183781607,85,85,2000,4,0,0.5603141451592193,0.5356397663071393,0.24687123746840262,0.4505,0.011579687921148135,0.6869123144165322
5003,3,68,12,False,0,5,16,4,M4_entangled,False,12,R3_pca16,7.5,1,0.5544151258346174,0.5358724961479199,0.24671200370057958,0.4522,0.009811442047391292,0.6865700809411306,85,85,2000,17,12,0.5555321488186955,0.5446761042629686,0.24717351741058016,0.4425,0.019433726076024498,0.6875245365645591
5003,3,68,19,False,12,5,16,4,M5_frozen,True,12,R3_pca16,11.48,1,0.5729025423728813,0.5544266820749872,0.24494831578824106,0.4374,0.022452609339534326,0.683018578635469,85,73,2000,17,12,0.5612300173343605,0.5469632768361582,0.2473620721292982,0.444,0.016376244147513302,0.6880137421040508
5004,3,68,19,False,0,5,16,0,M3_product,False,12,R3_pca16,12.99,0,0.5547801104262968,0.531943374422188,0.246963657878938,0.4596,0.018800716446084536,0.6870304287556284,85,85,2000,4,0,0.5571271507447354,0.5418913713405239,0.24671459423522246,0.449,0.017516300625961084,0.6865419229958658
5004,3,68,19,False,0,5,16,4,M4_entangled,False,12,R3_pca16,14.06,1,0.5908940035952748,0.5660439137134052,0.24258808110489904,0.429,0.025285251781200998,0.6781678802507005,85,85,2000,17,12,0.5823452346558808,0.5676040061633282,0.24452357676643083,0.426,0.019860095596396916,0.6822518837430895
5004,3,68,19,False,12,5,16,4,M5_frozen,True,12,R3_pca16,12.15,1,0.5946094953775037,0.5718477144324602,0.2418780991762926,0.4214,0.015822933682065297,0.676744462455556,85,73,2000,17,12,0.5779685092449922,0.547757768361582,0.24463928234165946,0.445,0.02015562655258236,0.6823884584766006
,3,,,False,,,16,,M0_class_prior,,,R3_pca16,0.0,,0.5,0.5,0.24921599999999994,0.472,1.1102230246251565e-16,0.691578359988849,0,0,5000,,,0.5,0.5,0.24921599999999994,0.472,2.220446049250313e-16,0.6915783599888489
,3,,,False,,,16,,M1_logreg,,,R3_pca16,0.01,,0.557211414997432,0.5338694144838212,0.2463467487582835,0.456,0.01096470314105954,0.6857871615586053,17,17,5000,,,0.5518044587827426,0.53973260143811,0.2471047034198391,0.4495,0.011375021256774956,0.6873787256178823
,3,,,False,,,16,,M2_mlp,,,R3_pca16,1.96,,0.5733936825885979,0.5502953261427838,0.24509701644653925,0.442,0.016312957098108646,0.6833091735166862,73,73,5000,,,0.569810927067283,0.5535760143810992,0.24556539406699807,0.4385,0.01937022411697509,0.6842692286787028
5000,3,68,20,False,0,5,16,0,M3_product,False,12,R3_pca16,31.15,0,0.5977449280945044,0.5750674114021571,0.2418952070585242,0.4194,0.010346112566904132,0.6767266660376854,85,85,5000,4,0,0.5971677179635336,0.5736228813559322,0.24210785175806887,0.42,0.006126037768971365,0.6771505921831386
5000,3,68,14,False,0,5,16,8,M4_entangled,False,12,R3_pca16,28.17,5,0.5855309450436569,0.5522117360041089,0.24354017385872398,0.4372,0.009096749911760297,0.6800893679199104,85,85,5000,38,32,0.5912792517334361,0.5492263739085773,0.24340579799082646,0.439,0.008396147060170125,0.6798524197598178
5000,3,68,20,False,12,5,16,8,M5_frozen,True,12,R3_pca16,35.19,5,0.5893005264509502,0.5662493579866461,0.2428816509981672,0.428,0.00782996820755502,0.6787049746988713,85,73,5000,38,32,0.591235113315357,0.560357280431433,0.2431642224672349,0.433,0.007440804966302678,0.6793505346190073
5001,3,68,17,False,0,5,16,0,M3_product,False,12,R3_pca16,27.46,0,0.5996265087313817,0.5757832562917309,0.24205977986259736,0.419,0.01712831415111623,0.6771730919255986,85,85,5000,4,0,0.6164531972265023,0.5793608757062146,0.23901424747097458,0.414,0.014087659015432874,0.6708500706779849
5001,3,68,13,False,0,5,16,4,M4_entangled,False,12,R3_pca16,24.29,1,0.5657177709296353,0.5433326913199794,0.2461369017935446,0.4452,0.009220467667078073,0.6853930110117382,85,85,5000,18,12,0.57648385336415,0.5503900231124808,0.24485908571184456,0.437,0.012891608235278646,0.682828319171078
5001,3,68,13,False,12,5,16,4,M5_frozen,True,12,R3_pca16,21.7,1,0.5673646956856703,0.5416634565998972,0.24589958492725392,0.4472,0.005999178836443356,0.6848982273494137,85,73,5000,18,12,0.5758799595531587,0.5477176425269645,0.24495370763749816,0.44,0.010865864480760372,0.6830077321847889
5002,3,68,24,False,0,5,16,0,M3_product,False,12,R3_pca16,36.59,0,0.6058121468926554,0.5742135336414997,0.2405794334811249,0.4208,0.010449202092340616,0.6740141413320939,85,85,5000,4,0,0.6068280126476631,0.5788071391884951,0.2408023943545087,0.415,0.013793769503443867,0.6746036687720316
5002,3,68,17,False,0,5,16,4,M4_entangled,False,12,R3_pca16,27.32,2,0.5930827876219825,0.5700179763739086,0.24263128713087473,0.423,0.015235067933428208,0.678322496217717,85,85,5000,20,14,0.5967985602850538,0.5705733179250129,0.24229034889268175,0.4215,0.008306788541891248,0.6776339850020436
5002,3,68,17,False,12,5,16,4,M5_frozen,True,12,R3_pca16,23.86,2,0.5928115369799691,0.5701431689779147,0.24266907682680675,0.4232,0.012810959170828997,0.6783982544657161,85,73,5000,20,14,0.5956098324345147,0.5687355546995377,0.24246628594671613,0.4235,0.007942263486877248,0.678006013070955
5003,3,68,22,False,0,5,16,0,M3_product,False,12,R3_pca16,37.96,0,0.5677468541345659,0.5392623266563945,0.2462495010331044,0.456,0.032046927523883904,0.6855989388696963,85,85,5000,4,0,0.5954844392013354,0.5687756805341551,0.24290797530144306,0.425,0.013405578726530006,0.6789010412340704
5003,3,68,35,False,0,5,16,4,M4_entangled,False,12,R3_pca16,66.51,1,0.6009697611710323,0.5693567026194145,0.24147962428912564,0.4246,0.011844068394831897,0.6759128007227291,85,85,5000,17,12,0.6100451014381099,0.5736228813559322,0.2400016577967511,0.42,0.006343604270176266,0.6728312288521198
5003,3,68,15,False,12,5,16,4,M5_frozen,True,12,R3_pca16,22.25,1,0.5652402734976887,0.5383570878274269,0.24567992796869967,0.4538,0.015145431770770185,0.6843955217763094,85,73,5000,17,12,0.5819118756420134,0.5448446327683616,0.24437849195297787,0.446,0.0066900541579981284,0.6818012389594579
5004,3,68,50,False,0,5,16,0,M3_product,False,12,R3_pca16,77.81,0,0.5705375256805342,0.545367873651772,0.24565463033429996,0.4482,0.03235130133285421,0.6844157109160509,85,85,5000,4,0,0.5834838052131485,0.5552452491011813,0.24446673411538347,0.4365,0.01253636618680746,0.6821246514337665
5004,3,68,20,False,0,5,16,4,M4_entangled,False,12,R3_pca16,33.05,1,0.6005587121212121,0.5737384437596302,0.24124057757019574,0.4204,0.013405127494918194,0.675358047591383,85,85,5000,17,12,0.5984788296096559,0.5770737031330252,0.2418197608835506,0.416,0.01178520947245088,0.6766118828211881
5004,3,68,20,False,12,5,16,4,M5_frozen,True,12,R3_pca16,26.61,1,0.6035214432460195,0.578303158705701,0.24079357795793294,0.4152,0.014255658291524495,0.6744492293433666,85,73,5000,17,12,0.6064207354262968,0.578381805341551,0.24021823066087927,0.4145,0.009651997593869616,0.6732093012463906
,3,,,False,,,16,,M0_class_prior,,,R3_pca16,0.0,,0.5,0.5,0.24921599999999994,0.472,1.1102230246251565e-16,0.691578359988849,0,0,10000,,,0.5,0.5,0.24921599999999994,0.472,2.220446049250313e-16,0.6915783599888489
,3,,,False,,,16,,M1_logreg,,,R3_pca16,0.02,,0.5648386941448382,0.5405559835644582,0.24557129974375813,0.4492,0.008717855729749861,0.684205349051332,17,17,10000,,,0.5675889589753468,0.5420197740112994,0.24534892712978562,0.4475,0.009414666299991324,0.6837731163705691
,3,,,False,,,16,,M2_mlp,,,R3_pca16,2.28,,0.6037549756034926,0.5769934514637904,0.2405845148731556,0.4158,0.019064337820538128,0.6740134963879827,73,73,10000,,,0.5993395287621982,0.5651643554185927,0.24182569601215936,0.4265,0.00866803444405438,0.6766214863197964
5000,3,68,20,False,0,5,16,0,M3_product,False,12,R3_pca16,55.45,0,0.5990997367745249,0.5632062146892656,0.24111055341921764,0.4282,0.018021151697496775,0.675044376380854,85,85,10000,4,0,0.6180481991525424,0.5832691319979455,0.23963150208895675,0.4075,0.022616996819362224,0.672184220198555
5000,3,68,50,False,0,5,16,8,M4_entangled,False,12,R3_pca16,165.95,5,0.6213255970724191,0.5882543656908064,0.2376394544293154,0.4078,0.017533416964190782,0.6678191151044325,85,85,10000,38,32,0.6281167742039034,0.584721687211094,0.23634812336992167,0.41,0.010895027324783537,0.6649685705014817
5000,3,68,50,False,12,5,16,8,M5_frozen,True,12,R3_pca16,143.5,5,0.6096871789933231,0.5770319722650231,0.23989740150030675,0.4164,0.01314180708776888,0.6725490442641089,85,73,10000,38,32,0.6165916313559321,0.583566063174114,0.23904239904142552,0.4095,0.01395609925859547,0.6709270752627995
5001,3,68,13,False,0,5,16,0,M3_product,False,12,R3_pca16,39.21,0,0.5973099640472521,0.5629847200821777,0.24206500454902247,0.4342,0.01984490677343714,0.6770457696153868,85,85,10000,4,0,0.6179147807524397,0.5962458269131998,0.23923002489633616,0.4005,0.02143084465027497,0.671407531397261
5001,3,68,50,False,0,5,16,4,M4_entangled,False,12,R3_pca16,180.05,1,0.6216393810991269,0.5809257832562917,0.23769373035771074,0.413,0.015711402181435578,0.6678798260438878,85,85,10000,18,12,0.6305815035952748,0.5910374935798665,0.2364179947578328,0.4025,0.026034101518413472,0.6653060913044849
5001,3,68,50,False,12,5,16,4,M5_frozen,True,12,R3_pca16,143.62,1,0.6095043656908063,0.5727240626605034,0.24051438801122432,0.4228,0.019312552285244512,0.6738821048845084,85,73,10000,18,12,0.6173851197354905,0.581712249614792,0.23881195334429936,0.413,0.014692990792158009,0.6702913824701255
5002,3,68,50,False,0,5,16,0,M3_product,False,12,R3_pca16,140.31,0,0.6191154661016949,0.5810541859270673,0.23800604008243725,0.4122,0.00889493533580074,0.6686917096839178,85,85,10000,4,0,0.6322326816897792,0.5847136620441705,0.236531659968205,0.409,0.024049149557511623,0.6659013117780439
5002,3,68,15,False,0,5,16,4,M4_entangled,False,12,R3_pca16,48.26,2,0.5988382768361582,0.5694273240883411,0.241891975652276,0.425,0.013623399146716522,0.6767757467040776,85,85,10000,20,14,0.619087458269132,0.587032935285054,0.23907805400158869,0.4075,0.018223381987844588,0.6710711256451162
5002,3,68,15,False,12,5,16,4,M5_frozen,True,12,R3_pca16,40.25,2,0.5975072226502312,0.5648561890087314,0.24210274971222015,0.4294,0.015152150192546258,0.6772219934988246,85,73,10000,20,14,0.6141911032999486,0.5821215331278891,0.23985778704260977,0.4115,0.011129286084076028,0.6726639072375477
5003,3,68,50,False,0,5,16,0,M3_product,False,12,R3_pca16,147.72,0,0.6234294748330765,0.5874422187981511,0.23761703796383768,0.406,0.005292897254559167,0.6678063753464721,85,85,10000,4,0,0.6305223179892142,0.5911418207498715,0.23665499686085179,0.4015,0.01365365888054918,0.6657989132451251
5003,3,68,17,False,0,5,16,4,M4_entangled,False,12,R3_pca16,54.11,1,0.6056524460708783,0.5796963276836158,0.2401587699435321,0.411,0.01775459478204966,0.6731438004520711,85,85,10000,17,12,0.6031454641756548,0.5662557781201849,0.24094001455453365,0.4225,0.018781045084536086,0.6746001013561908
5003,3,68,17,False,12,5,16,4,M5_frozen,True,12,R3_pca16,45.27,1,0.6048289034411916,0.5803319209039548,0.24032687677392836,0.4104,0.017837739807584227,0.6734897846226684,85,73,10000,17,12,0.6043943807781202,0.5652285567539805,0.2406291855472748,0.424,0.014864598048543443,0.6740222447244216
5004,3,68,45,False,0,5,16,0,M3_product,False,12,R3_pca16,130.65,0,0.6002084938366719,0.571680790960452,0.2420103127622049,0.423,0.012977595494637784,0.6772135658649575,85,85,10000,4,0,0.6156747560349256,0.5698350025680534,0.23930885639098015,0.424,0.03756741556253907,0.6714506407409937
5004,3,68,20,False,0,5,16,4,M4_entangled,False,12,R3_pca16,66.51,1,0.5874680598356445,0.560320364663585,0.24327435691784657,0.4326,0.016755310569678425,0.67959734813338,85,85,10000,17,12,0.6175496356574217,0.5867360041088855,0.23913871340304352,0.4055,0.014512326608984837,0.671097352731937
5004,3,68,50,False,12,5,16,4,M5_frozen,True,12,R3_pca16,135.74,1,0.5973825115562403,0.5720435285053929,0.2416295521664467,0.4206,0.01189520104178293,0.6761656117082335,85,73,10000,17,12,0.6328536289804828,0.5911337955829481,0.2361517091691328,0.4005,0.022836311107962772,0.6648056608674746
,4,,,False,,,16,,M0_class_prior,,,R3_pca16,0.0,,0.5,0.5,0.24921599999999994,0.472,1.1102230246251565e-16,0.691578359988849,0,0,500,,,0.5,0.5,0.24921599999999994,0.472,2.220446049250313e-16,0.6915783599888489
,4,,,False,,,16,,M1_logreg,,,R3_pca16,0.02,,0.537418624807396,0.5233724961479198,0.24987627343220634,0.4682,0.03379519047065577,0.6931403147557108,17,17,500,,,0.5524474752824858,0.5401338597842835,0.2476844109914044,0.4505,0.015797517796932465,0.6885467079885444
,4,,,False,,,16,,M2_mlp,,,R3_pca16,0.1,,0.538910663841808,0.5270319722650232,0.24874287968933304,0.4622,0.01730881890208401,0.6907035519462897,73,73,500,,,0.5525297332434514,0.5310333204930663,0.24727841180282978,0.4575,0.014417035558248865,0.6877032035777734
5000,4,68,13,False,0,5,16,0,M3_product,False,12,R3_pca16,2.51,0,0.5276972586029789,0.5128595274781715,0.24924644695761217,0.4784,0.022050008012107936,0.6916597338611725,85,85,500,4,0,0.533196102978942,0.517615241397021,0.24858530421112998,0.4725,0.0166781883388394,0.6903230745466916
5000,4,68,10,False,0,5,16,8,M4_entangled,False,12,R3_pca16,1.74,5,0.5318652092963534,0.5158962506420134,0.24877156095959585,0.4774,0.018187465070181184,0.690682286062698,85,85,500,38,32,0.5628250192604006,0.5463613893168978,0.24641876944394064,0.446,0.019441357666709968,0.6859433684952301
5000,4,68,10,False,12,5,16,8,M5_frozen,True,12,R3_pca16,1.37,5,0.5320340588084232,0.5157229070364664,0.2487970234708013,0.4782,0.018909640551856403,0.6907337232184616,85,73,500,38,32,0.5630497239342579,0.5479824730354391,0.24640603001400332,0.445,0.020383229426386276,0.6859174173532276
5001,4,68,18,False,0,5,16,0,M3_product,False,12,R3_pca16,2.7,0,0.5428455636877247,0.5268939393939394,0.24823068166807397,0.4618,0.013125911684145399,0.6896629930080711,85,85,500,4,0,0.545079368900873,0.524532935285054,0.24786886749757053,0.463,0.013775124075143082,0.6888718690148408
5001,4,68,15,False,0,5,16,4,M4_entangled,False,12,R3_pca16,2.8,1,0.504309354134566,0.4960259373394967,0.24973086893686922,0.4822,0.018049777766355496,0.6926185160820971,85,85,500,18,12,0.5303311183872624,0.511475988700565,0.24848682253259005,0.467,0.007610246299109558,0.690106872598514
5001,4,68,15,False,12,5,16,4,M5_frozen,True,12,R3_pca16,3.26,1,0.5050028890600924,0.49780431432973804,0.24967727274464477,0.4812,0.01534023143781371,0.692509676029422,85,73,500,18,12,0.5299228380200309,0.5159700821777093,0.24848902089426236,0.4635,0.00506363121794081,0.6901122224362715
5002,4,68,12,False,0,5,16,0,M3_product,False,12,R3_pca16,2.21,0,0.5416128980482795,0.5248202362609142,0.24805776528401297,0.4638,0.013017840696297335,0.6892343629059908,85,85,500,4,0,0.560965186825886,0.5288344247560349,0.24656887911940426,0.46,0.011439775651837538,0.6862709319466089
5002,4,68,12,False,0,5,16,4,M4_entangled,False,12,R3_pca16,2.22,2,0.5458370249101181,0.5263963790446842,0.24767079797060323,0.4628,0.016951118430753094,0.6884955367313919,85,85,500,20,14,0.5633617022984078,0.5395078967642527,0.2463206913895132,0.4495,0.0034686152651924214,0.6857651552508797
5002,4,68,12,False,12,5,16,4,M5_frozen,True,12,R3_pca16,1.62,2,0.5455574280945044,0.5249101181304572,0.24768861539080025,0.4638,0.01927681517898953,0.6885328036733248,85,73,500,20,14,0.5632774380457113,0.5395881484334875,0.2463644369389122,0.449,0.0046100934263205275,0.6858521488566899
5003,4,68,13,False,0,5,16,0,M3_product,False,12,R3_pca16,1.84,0,0.5180455508474576,0.5056208269131999,0.249090057599452,0.4752,0.004640853323334438,0.6913296268553071,85,85,500,4,0,0.5282245120698511,0.5182331792501285,0.24848282559573434,0.462,0.011964702390172183,0.6901013132552121
5003,4,68,19,False,0,5,16,4,M4_entangled,False,12,R3_pca16,3.34,1,0.5436915767847972,0.5259951206985105,0.2477094473876045,0.4632,0.010273048258360251,0.6885390612850381,85,85,500,17,12,0.550256604712378,0.5244607087827426,0.24750363819263468,0.4645,0.013266198243013227,0.6881299855187333
5003,4,68,19,False,12,5,16,4,M5_frozen,True,12,R3_pca16,3.4,1,0.5446558808423214,0.5290061633281973,0.24750868552269048,0.459,0.003218114784669421,0.6881340265186298,85,73,500,17,12,0.5506779259758603,0.5197980868002054,0.24736851311909894,0.468,0.0086929228184928,0.6878569070535588
5004,4,68,13,False,0,5,16,0,M3_product,False,12,R3_pca16,1.98,0,0.5301019196199281,0.5253755778120185,0.24993865760626577,0.4658,0.024008945609398247,0.6931846355750585,85,85,500,4,0,0.5447292709938367,0.5325821777092964,0.24813489938559846,0.458,0.016750520045645416,0.6894602195225287
5004,4,68,14,False,0,5,16,4,M4_entangled,False,12,R3_pca16,2.04,1,0.5334488957370314,0.522226502311248,0.2483730334019797,0.464,0.012619089853101211,0.6898955982372117,85,85,500,17,12,0.5482422878145865,0.5312339496661531,0.24697214001129575,0.4545,0.0045140931220510215,0.6870299865907328
5004,4,68,15,False,12,5,16,4,M5_frozen,True,12,R3_pca16,1.87,1,0.5352698061119672,0.5243515665125835,0.24805736468605868,0.4614,0.010133351322928074,0.6892367296458726,85,73,500,17,12,0.5546323269774012,0.538135593220339,0.2465029791924575,0.4465,0.009195140036576469,0.6860789458980615
,4,,,False,,,16,,M0_class_prior,,,R3_pca16,0.0,,0.5,0.5,0.24921599999999994,0.472,1.1102230246251565e-16,0.691578359988849,0,0,2000,,,0.5,0.5,0.24921599999999994,0.472,2.220446049250313e-16,0.6915783599888489
,4,,,False,,,16,,M1_logreg,,,R3_pca16,0.01,,0.5443515665125835,0.5366525423728814,0.24772654000171287,0.4514,0.014518108393229225,0.6886145749711183,17,17,2000,,,0.5626976197354905,0.542011748844376,0.24611036306325024,0.4465,0.006075100663396489,0.6853171458929155
,4,,,False,,,16,,M2_mlp,,,R3_pca16,1.11,,0.5641037493579867,0.5487031330251669,0.24644105105855688,0.441,0.0219481923251213,0.6860918067872303,73,73,2000,,,0.5890352144324602,0.5504140986132511,0.24399642046530465,0.44,0.016901194367499418,0.6811485992831303
5000,4,68,48,False,0,5,16,0,M3_product,False,12,R3_pca16,28.26,0,0.5765233371854135,0.5545294042116076,0.24494193428217767,0.4376,0.012725676904582768,0.6829836631149743,85,85,2000,4,0,0.5898979198767335,0.5549964689265536,0.24296745547680745,0.437,0.014116885025132602,0.6788937554154554
5000,4,68,17,False,0,5,16,8,M4_entangled,False,12,R3_pca16,11.21,5,0.5498585965588083,0.5359848484848485,0.2476615323022631,0.4564,0.0205921243190708,0.68848069216284,85,85,2000,38,32,0.5703476101052902,0.5512166153055984,0.24613342681279055,0.442,0.020050528284615232,0.6855062051474211
5000,4,68,19,False,12,5,16,8,M5_frozen,True,12,R3_pca16,10.52,5,0.5538239920390344,0.540934771443246,0.24718240847496728,0.4502,0.024556875007482628,0.6875362623603918,85,73,2000,38,32,0.5749008891884951,0.5620987416538265,0.2453721656617114,0.4295,0.021070217927759097,0.6839432773452123
5001,4,68,14,False,0,5,16,0,M3_product,False,12,R3_pca16,8.79,0,0.5601608243451464,0.5347329224447869,0.2463022377073513,0.4502,0.016207275785656294,0.6857091910934009,85,85,2000,4,0,0.5729989246276322,0.5279436312275295,0.24533497203567484,0.4575,0.022104535265571854,0.6837020066834955
5001,4,68,12,False,0,5,16,4,M4_entangled,False,12,R3_pca16,8.3,1,0.5826184514637904,0.5485008988186955,0.24427649866678686,0.441,0.012511871340241976,0.6815904764498633,85,85,2000,18,12,0.577736782550077,0.5471237801746276,0.24404413281029833,0.443,0.011138597695331806,0.6810783214867547
5001,4,68,14,False,12,5,16,4,M5_frozen,True,12,R3_pca16,7.42,1,0.5858291602465331,0.5426040061633282,0.24409980838004813,0.444,0.011885978695466315,0.681215934241857,85,73,2000,18,12,0.5764176457370314,0.5447804314329738,0.24430980635379998,0.4415,0.025217848220322026,0.6815694878872383
5002,4,68,27,False,0,5,16,0,M3_product,False,12,R3_pca16,15.24,0,0.5792984399075501,0.5429795839753467,0.2446816533357115,0.4488,0.027597610218390745,0.6824226837556415,85,85,2000,4,0,0.5947832402413971,0.5502616204417052,0.24234494782182944,0.442,0.0233971128608637,0.6775542509102698
5002,4,68,21,False,0,5,16,4,M4_entangled,False,12,R3_pca16,12.55,2,0.577835772984078,0.5481445814072933,0.24458511279863832,0.4442,0.010097200839690216,0.6822075921716377,85,85,2000,20,14,0.5936316287878788,0.5671224961479199,0.24246312043919604,0.4255,0.014034174877911676,0.6778310462612237
5002,4,68,21,False,12,5,16,4,M5_frozen,True,12,R3_pca16,11.28,2,0.575821937596302,0.5458846944016436,0.2447544419140675,0.4454,0.011927021485529356,0.6825466188299065,85,73,2000,20,14,0.5912541730868002,0.5565774268104777,0.24289569765962293,0.4345,0.006684428975495475,0.6787467546686566
5003,4,68,21,False,0,5,16,0,M3_product,False,12,R3_pca16,11.66,0,0.5840984527478171,0.5527478171545968,0.24388783313793255,0.4424,0.01754757866912542,0.6807723711209014,85,85,2000,4,0,0.6104654195557269,0.5819690549563431,0.24114365474080388,0.4135,0.021656315800175147,0.6754485210352343
5003,4,68,18,False,0,5,16,4,M4_entangled,False,12,R3_pca16,11.51,1,0.5463734270672831,0.5311312275295326,0.24821149040085683,0.4592,0.021468809580556,0.6896510452771146,85,85,2000,17,12,0.5788161675012841,0.5530624036979969,0.2446208533676138,0.4375,0.014431609321023395,0.6823155383222544
5003,4,68,18,False,12,5,16,4,M5_frozen,True,12,R3_pca16,8.56,1,0.5479102465331279,0.5361967128916282,0.24825200016416757,0.4548,0.01879835626839141,0.6897414404384934,85,73,2000,17,12,0.580092169042116,0.5578614535182331,0.24440196470081024,0.4335,0.00933718785841421,0.6818361474311532
5004,4,68,36,False,0,5,16,0,M3_product,False,12,R3_pca16,19.87,0,0.5499799370826913,0.5357216230097586,0.24779290647330932,0.453,0.02226361316144931,0.6888141046173685,85,85,2000,4,0,0.5782202988572162,0.5538889958911145,0.2448532498016181,0.4355,0.01708613156961323,0.6828682838451997
5004,4,68,17,False,0,5,16,4,M4_entangled,False,12,R3_pca16,10.95,1,0.5624407742681048,0.5426200564971752,0.24610537141540212,0.446,0.007856852058981203,0.685301669475583,85,85,2000,17,12,0.587761219183359,0.5569546096558808,0.24327275374080634,0.4325,0.004987739773083619,0.6795187607679661
5004,4,68,34,False,12,5,16,4,M5_frozen,True,12,R3_pca16,17.9,1,0.5584018682588597,0.536533769902414,0.24701385717088784,0.4534,0.02466337855405016,0.687211263203503,85,73,2000,17,12,0.5877140713276836,0.5602449280945043,0.24312530608364238,0.4295,0.012837862526581444,0.6792179643819244
,4,,,False,,,16,,M0_class_prior,,,R3_pca16,0.0,,0.5,0.5,0.24921599999999994,0.472,1.1102230246251565e-16,0.691578359988849,0,0,5000,,,0.5,0.5,0.24921599999999994,0.472,2.220446049250313e-16,0.6915783599888489
,4,,,False,,,16,,M1_logreg,,,R3_pca16,0.01,,0.5579193952234206,0.535419876733436,0.2462875483036454,0.4546,0.016390926970419096,0.6856663692695127,17,17,5000,,,0.5684305983564458,0.5391788649203904,0.24501204798305867,0.4505,0.011562255156140329,0.6829609153913638
,4,,,False,,,16,,M2_mlp,,,R3_pca16,0.72,,0.5587422958397534,0.542642526964561,0.24690060293206617,0.4516,0.01768210917361877,0.686955910401981,73,73,5000,,,0.5719064987801746,0.5479022213662045,0.2451583149690193,0.4455,0.008004658463769776,0.68335669673249
5000,4,68,19,False,0,5,16,0,M3_product,False,12,R3_pca16,26.4,0,0.5730607986646121,0.5514991011813045,0.24551327160587724,0.4408,0.018288235046727764,0.6842557170645599,85,85,5000,4,0,0.5824254863251155,0.5506548536209552,0.2438655685519369,0.442,0.027406152816437025,0.6807554757566635
5000,4,68,17,False,0,5,16,8,M4_entangled,False,12,R3_pca16,28.35,5,0.571229134565999,0.5489567282999487,0.24650703291280998,0.446,0.032531230724392554,0.6864320868365676,85,85,5000,38,32,0.5987948205572677,0.5663681304571135,0.24167762136942822,0.4295,0.011735846901654415,0.6762305370416912
5000,4,68,23,False,12,5,16,8,M5_frozen,True,12,R3_pca16,31.71,5,0.5706006034925526,0.553145865434001,0.2459467615988167,0.4416,0.031469170376250175,0.6850861985186117,85,73,5000,38,32,0.5947491332819723,0.5621789933230611,0.2417983203575708,0.4325,0.014673244644831837,0.6763744829498005
5001,4,68,12,False,0,5,16,0,M3_product,False,12,R3_pca16,17.59,0,0.566740979712378,0.5432107087827427,0.24595448995421212,0.4482,0.01856328745855608,0.6850421639859207,85,85,5000,4,0,0.5887533304442732,0.5569706599897277,0.2427120083619409,0.4345,0.008498382963871108,0.6783408010310715
5001,4,68,12,False,0,5,16,4,M4_entangled,False,12,R3_pca16,21.89,1,0.5679712378017463,0.5441063174114021,0.2458501004508119,0.445,0.008589740881778721,0.684787524283013,85,85,5000,18,12,0.5757485474447869,0.5398690292758089,0.24450933213450712,0.449,0.01814142675093001,0.6820120888169456
5001,4,68,16,False,12,5,16,4,M5_frozen,True,12,R3_pca16,22.18,1,0.5617395351823318,0.5429378531073447,0.24684764494725306,0.4492,0.020158112934448472,0.6867934983212237,85,73,5000,18,12,0.5775893201078584,0.5494270030816641,0.24426778693460066,0.443,0.018845053102459385,0.681540404852348
5002,4,68,26,False,0,5,16,0,M3_product,False,12,R3_pca16,34.64,0,0.5782028441191576,0.5519196199280945,0.2446343061234386,0.4414,0.020202693409463904,0.6823402273100397,85,85,5000,4,0,0.6036811440677967,0.5697226502311248,0.24102178253891576,0.424,0.01017234656558732,0.6749012894078499
5002,4,68,13,False,0,5,16,4,M4_entangled,False,12,R3_pca16,21.01,2,0.5780888867488444,0.5534861325115562,0.24425540235449852,0.4378,0.013300119080611881,0.6815372239814762,85,85,5000,20,14,0.5948835548279404,0.5624598741653827,0.241853875237173,0.429,0.005952896984977544,0.6764704737528634
5002,4,68,12,False,12,5,16,4,M5_frozen,True,12,R3_pca16,17.27,2,0.5879840780688239,0.5575661273754494,0.24322059320573253,0.4366,0.016181321528286014,0.6794364877843929,85,73,5000,20,14,0.5973392559065228,0.5598035439137135,0.2417626606415396,0.434,0.009672532459645555,0.6763640356603234
5003,4,68,16,False,0,5,16,0,M3_product,False,12,R3_pca16,25.16,0,0.5763800077041603,0.5505136106831022,0.2446635302728754,0.4412,0.012249635672528073,0.6824779409550387,85,85,5000,4,0,0.578991718027735,0.5419796481766821,0.24355616664838806,0.4495,0.023107242922266548,0.6798757655728405
5003,4,68,16,False,0,5,16,4,M4_entangled,False,12,R3_pca16,23.95,1,0.5755359206471495,0.5506548536209553,0.24471213133256997,0.4406,0.008660271425975828,0.6825192479657898,85,85,5000,17,12,0.5825067411402157,0.5598115690806369,0.24324833670106,0.4315,0.007517186076894614,0.6793420043836108
5003,4,68,20,False,12,5,16,4,M5_frozen,True,12,R3_pca16,25.16,1,0.5737018489984591,0.5454738058551618,0.24518074300701428,0.4446,0.018292636764650996,0.6835444099770465,85,73,5000,17,12,0.5896270704930662,0.5627006291730868,0.24216318958512445,0.4275,0.015118986041492024,0.677069514766593
5004,4,68,24,False,0,5,16,0,M3_product,False,12,R3_pca16,33.26,0,0.5849176617873652,0.5559289933230611,0.24362952396330226,0.4356,0.018282056753620043,0.6803355072541345,85,85,5000,4,0,0.5894635577170005,0.5539852978941961,0.24287673472507634,0.437,0.021265920524160632,0.678715688179389
5004,4,68,13,False,0,5,16,4,M4_entangled,False,12,R3_pca16,19.48,1,0.5901247110939908,0.562830636877247,0.24298447329694636,0.4332,0.015195205307364883,0.6789283632679014,85,85,5000,17,12,0.6062642446712891,0.5819209039548023,0.2406916038038002,0.4145,0.01448478174921972,0.6742239330247544
5004,4,68,12,False,12,5,16,4,M5_frozen,True,12,R3_pca16,15.23,1,0.5862694209039548,0.5611004108885465,0.2433211007079969,0.4304,0.014755042540375473,0.6796529532552955,85,73,5000,17,12,0.6058138321777093,0.5712153312788906,0.2417394144410926,0.421,0.02532600226385241,0.676445261224992
,4,,,False,,,16,,M0_class_prior,,,R3_pca16,0.0,,0.5,0.5,0.24921599999999994,0.472,1.1102230246251565e-16,0.691578359988849,0,0,10000,,,0.5,0.5,0.24921599999999994,0.472,2.220446049250313e-16,0.6915783599888489
,4,,,False,,,16,,M1_logreg,,,R3_pca16,0.02,,0.5622223292244479,0.5355033384694402,0.24571069767371664,0.4538,0.014724840961237974,0.6844823525977537,17,17,10000,,,0.576171875,0.5434643040575244,0.24411422381892317,0.4455,0.016029770267401117,0.6811238864865374
,4,,,False,,,16,,M2_mlp,,,R3_pca16,6.32,,0.6093632832562917,0.5739920390344119,0.2401424438307763,0.4184,0.00677437203388235,0.6730483059725865,73,73,10000,,,0.6212592690677967,0.5812387647663071,0.23788805487790585,0.41,0.028290378172751988,0.6682545379224459
5000,4,68,17,False,0,5,16,0,M3_product,False,12,R3_pca16,47.42,0,0.615779564714946,0.5858500256805341,0.23903325532857916,0.4078,0.015353848439245345,0.6708147399927591,85,85,10000,4,0,0.6173961543400104,0.5882126348228043,0.23902123351367113,0.404,0.01192499835956049,0.6708759284867634
5000,4,68,20,False,0,5,16,8,M4_entangled,False,12,R3_pca16,67.23,5,0.6129433102208526,0.578707627118644,0.23942687547929628,0.418,0.017397215156192948,0.6715598337806614,85,85,10000,38,32,0.6201056513225476,0.590162750385208,0.2385560252760718,0.4055,0.02100667343608368,0.6698336256635516
5000,4,68,32,False,12,5,16,8,M5_frozen,True,12,R3_pca16,80.75,5,0.6128606510015409,0.577683615819209,0.23933721910964986,0.4164,0.00859722137748899,0.6714087905238509,85,73,10000,38,32,0.6126011171032357,0.578381805341551,0.23977431714399006,0.4145,0.013429860655594643,0.672371966639747
5001,4,68,14,False,0,5,16,0,M3_product,False,12,R3_pca16,36.73,0,0.604924081920904,0.5735972008217771,0.24095664216407459,0.4196,0.008986384010031566,0.6748367503743643,85,85,10000,4,0,0.6178646234591679,0.5864631484334875,0.23906418071505492,0.4065,0.014279821850986847,0.6709209900205322
5001,4,68,13,False,0,5,16,4,M4_entangled,False,12,R3_pca16,38.28,1,0.6019096687211094,0.5708333333333333,0.24127936479276688,0.4238,0.010716517286852216,0.6754781049153257,85,85,10000,18,12,0.6149314249486388,0.5778601694915254,0.23903929020787767,0.416,0.013270287729700772,0.6707935710127445
5001,4,68,20,False,12,5,16,4,M5_frozen,True,12,R3_pca16,48.68,1,0.6065382639958912,0.5774011299435028,0.24063068530767878,0.4176,0.007175136607120869,0.6741481706952416,85,73,10000,18,12,0.6123693904083205,0.5817684257832563,0.23930820085023832,0.413,0.01323216006885503,0.6713136319342604
5002,4,68,23,False,0,5,16,0,M3_product,False,12,R3_pca16,58.06,0,0.6110052324088341,0.5826014381099127,0.24015795098788972,0.4118,0.01884539131210597,0.6732350964943542,85,85,10000,4,0,0.6125389220595789,0.5777157164869029,0.23979573801744233,0.4155,0.010096750722166621,0.6724166387533262
5002,4,68,14,False,0,5,16,4,M4_entangled,False,12,R3_pca16,35.1,2,0.6069518810991268,0.567825500770416,0.24070650828915618,0.4228,0.011871014242194144,0.6743084910176882,85,85,10000,20,14,0.6138229487673343,0.5666008602978942,0.23952935049703492,0.4235,0.023550649330418335,0.6718100837930415
5002,4,68,12,False,12,5,16,4,M5_frozen,True,12,R3_pca16,25.27,2,0.600002407550077,0.5715299178222907,0.2415663779197525,0.4252,0.01567545445416207,0.6760229193657036,85,73,10000,20,14,0.6064167228428351,0.5661996019517206,0.2400439350369574,0.4295,0.017311032777808138,0.6727873949260282
5003,4,68,20,False,0,5,16,0,M3_product,False,12,R3_pca16,44.62,0,0.6089230225988701,0.5741300719054956,0.24027655688284072,0.4216,0.014036094383737896,0.6733829347247452,85,85,10000,4,0,0.6184153505392912,0.589432460195172,0.2386326491877058,0.4055,0.021184771781095606,0.6699648943714964
5003,4,68,24,False,0,5,16,4,M4_entangled,False,12,R3_pca16,64.9,1,0.6077011106831023,0.5774653312788907,0.24067127930550078,0.4158,0.014835640239086905,0.674263318860726,85,85,10000,17,12,0.612696415960452,0.5766804699537751,0.23934818792897125,0.416,0.013001795950301554,0.6714647596639703
5003,4,68,39,False,12,5,16,4,M5_frozen,True,12,R3_pca16,86.09,1,0.607815549563431,0.5778441191576784,0.24081572896420672,0.4154,0.015189761978691,0.6745941004224505,85,73,10000,17,12,0.613470844568567,0.5745056497175142,0.23905588521866022,0.418,0.010169608397635836,0.6707629774795312
5004,4,68,50,False,0,5,16,0,M3_product,False,12,R3_pca16,109.77,0,0.6221736967128917,0.5850218284540318,0.2381214595680367,0.4096,0.00864610876738745,0.6690021529712196,85,85,10000,4,0,0.6131839448510529,0.5827394709809963,0.2397189110324356,0.4115,0.007802205466057596,0.6723879483739628
5004,4,68,14,False,0,5,16,4,M4_entangled,False,12,R3_pca16,35.04,1,0.6075001605033384,0.5757896764252697,0.24038742978028177,0.4184,0.00836572769256291,0.6735983406314695,85,85,10000,17,12,0.613563133988187,0.582001155624037,0.23948804649939529,0.4105,0.017588150251894922,0.6717550954340163
5004,4,68,14,False,12,5,16,4,M5_frozen,True,12,R3_pca16,29.99,1,0.6042523754494094,0.5728428351309707,0.24079374235898418,0.4222,0.010739799094824795,0.6743803268470504,85,73,10000,17,12,0.611723364470981,0.5800269645608629,0.23981094763909042,0.413,0.008790406047173373,0.6724081132414117
