split,structural_hash,depth,gate_count,two_qubit_gate_count,total_trainable_params,val_logloss,wall_clock_seconds
0,015576a6d70e,15,27,11,61,0.058589497007248546,1.4605
0,06684ed2d4e2,7,19,3,61,0.04585067931452458,1.1269
0,06fad203038f,9,22,6,61,0.05001056492184882,1.3213
0,072cc4c5404a,14,27,11,61,0.05135380919290929,1.3627
0,07b16a99f569,4,16,0,61,0.04013897089186971,1.0366
0,07b16a99f569,4,16,0,61,0.04733600444575192,1.0016
0,07b16a99f569,4,16,0,61,0.048286148403112385,1.0948
0,0829f65f5f26,13,25,9,61,0.04878184159527872,1.2887
0,08e20ad7d716,4,16,0,61,0.05772325030384678,0.9975
0,09b2eccb019d,15,24,12,61,0.06742195567538517,2.1367
0,0a0ec1d37b3a,11,20,8,61,0.04106274699188087,1.6488
0,0ace4c49ce0d,10,19,7,61,0.03717950077616222,1.3839
0,0b1c564f1310,11,23,7,61,0.05953517194861736,1.4091
0,0c18287a2413,17,26,14,61,0.05767639075239017,1.7439
0,0d0fbe56dd45,15,24,12,61,0.04371531785503339,1.4308
0,0e56b2abc334,13,22,10,61,0.0646260516767775,1.2904
0,0edee90dea52,5,20,0,61,0.051110390986562955,1.0778
0,0fab89b9ba2c,8,20,4,61,0.052098125737487476,1.189
0,106feecd14a4,7,16,4,61,0.04005678556842345,1.0929
0,1185d77d745f,9,24,4,61,0.048173931328050146,1.2679
0,119ab852ae4c,4,16,0,61,0.04439943876840873,1.0061
0,11f6f2515a34,7,16,4,61,0.04367144681861441,1.1148
0,11f6f2515a34,7,16,4,61,0.05464510541473323,1.0963
0,124425042844,14,27,11,61,0.05633474767135627,1.5246
0,12d19e69c38f,16,23,15,61,0.04351226693043913,1.5499
0,138ff358d891,9,22,6,61,0.04783388070866498,1.246
0,13e3290c60c3,8,20,4,61,0.04047034366694258,1.6014
0,14c6b972d666,14,25,13,61,0.047185775447056516,1.3739
0,1533e7d145eb,8,20,4,61,0.052541279119848655,1.1387
0,15c980eee193,12,22,10,61,0.06391148155783824,1.9911
0,16c4ff224e0a,8,23,3,61,0.040188909222303594,1.2856
0,16f87bc16973,11,23,7,61,0.05068695955006211,1.3765
0,1827a6c2cf9b,21,27,19,61,0.061924110907633584,1.4948
0,185fb8c393f2,16,25,13,61,0.04658055785358749,1.4005
0,192f8a61a262,13,19,11,61,0.05518548517883654,1.3989
0,19f564e45cac,13,19,11,61,0.051086825895967324,1.285
0,1a466658c2cf,9,22,6,61,0.03480274417650102,1.2509
0,1b8f61fb12ab,14,27,11,61,0.05783940690408736,1.4602
0,1bdce3023e4f,11,23,7,61,0.042082781044928116,1.2702
0,1be17b8b08b8,9,19,7,61,0.06473712061139963,1.1861
0,1d16b5db316d,16,26,14,61,0.042008685616052435,1.5911
0,1dbbf95d0e30,10,22,6,61,0.0598028293475866,1.2319
0,1fcd0d0909d3,9,19,7,61,0.05149630806578142,1.3339
0,2039b6043638,11,20,8,61,0.05385993178419316,1.4393
0,2049ec9cc7bd,15,22,14,61,0.04248082012088818,1.3316
0,21265dc60d6e,10,22,6,61,0.04287554061558491,1.1937
0,21da5c74b28f,10,23,7,61,0.04093699547979775,1.2818
0,21fd27fc02ef,12,26,10,61,0.04818920408525458,1.2863
0,2216cbb95191,7,19,3,61,0.05304704019974565,1.1413
0,223bdd32245f,7,19,3,61,0.04047677318874902,1.1437
0,22d92a4329d5,7,19,3,61,0.034968342691445366,1.1267
0,22d92a4329d5,7,19,3,61,0.04722248114944924,1.2732
0,22e53edd9fb8,10,23,7,61,0.052935772040321016,1.3242
0,2487af5d22b7,17,26,14,61,0.047167366197992444,1.3716
0,24c4c8767a2b,11,25,9,61,0.055253297824057884,1.4356
0,2591f3b92dc0,12,27,7,61,0.04666761683710468,1.6018
0,2809196352c7,11,27,7,61,0.04844955643445338,1.4501
0,281455fc1020,7,19,3,61,0.04597169532496112,1.154
0,286b82e1c66e,9,22,6,61,0.06816545586200713,1.2998
0,293cc854ffbe,4,16,0,61,0.05809237422102097,0.9996
0,294ab4c83231,13,16,12,61,0.044710634106115144,1.3191
0,2a000e114ce3,13,28,8,61,0.057427639840794055,1.4469
0,2cd183b329d6,7,16,4,61,0.04526361915953898,1.1522
0,2cefd7aa8a3d,13,19,11,61,0.04933078634867852,1.2769
0,2e67f4f8e425,12,24,8,61,0.034452841147067,1.2779
0,2f32cd0a3c4d,16,26,14,61,0.04794281259983682,1.4118
0,3139560380ed,17,25,17,61,0.044735938784936265,1.4798
0,313beb228912,7,19,3,61,0.07243614931547754,1.0508
0,32063825c19b,8,20,4,61,0.05090948519026343,1.249
0,333ab963d46a,21,27,19,61,0.06313258736237809,1.5083
0,340ecfa9a099,14,26,10,61,0.040409736839189386,1.3196
0,34f123fd3ec6,13,28,8,61,0.049469840315706254,1.459
0,35db80de5ba2,5,20,0,61,0.04561914110918161,1.1609
0,35db80de5ba2,5,20,0,61,0.04248677966407683,1.2691
0,379f3e04fb26,15,24,12,61,0.05607993100842815,1.4471
0,380f3a951528,7,19,3,61,0.04197847404910133,1.1841
0,38f8eb0d62ba,15,27,11,61,0.05476306521662851,1.4331
0,39d826a64d6e,12,24,8,61,0.06190981118324731,1.4853
0,3b5295f798ae,12,27,7,61,0.06269821371438897,1.411
0,3b61e74762dd,15,27,11,61,0.041726112527230366,1.5283
0,3b7c3105dcd1,4,16,0,61,0.039547764905052324,1.123
0,3b7c3105dcd1,4,16,0,61,0.038188051081145986,0.9808
0,3bc4fcee9818,15,27,11,61,0.044726744817562364,1.3821
0,3bdb74a459a0,7,19,3,61,0.04136511326226523,1.165
0,3be70e756afe,17,26,14,61,0.05675782324571364,1.3022
0,3c440e336342,7,19,3,61,0.05491901991929308,1.1782
0,3dad662f670d,7,19,3,61,0.04694434226786813,1.094
0,3dc4f3b3316b,7,19,3,61,0.04440501960351956,1.0871
0,40ac935b79f7,7,19,3,61,0.04654187437340207,1.3734
0,4168a76c0744,4,16,0,61,0.06811342359945836,0.9456
0,41af7cfb0346,8,20,4,61,0.057025124130574006,1.2265
0,421fa80d34e8,9,22,6,61,0.03987601207769492,1.2248
0,424f11391ed6,7,19,3,61,0.05345593031641615,1.1436
0,426f7e467397,14,27,11,61,0.0464869004637275,1.9433
0,42a89b455fa3,7,19,3,61,0.03597657644101702,1.2728
0,43487fbeef2d,15,27,11,61,0.04742927650834997,1.396
0,43e4afecd68d,12,26,10,61,0.06448432162767853,1.3694
0,44cd4b89780c,16,28,12,61,0.025447507366171192,1.5546
0,45bf17ab53fe,16,28,12,61,0.049875138139287345,1.7288
0,4642ee0fe6a1,18,26,18,61,0.052539192736169076,1.4414
0,478e1528fd47,9,24,4,61,0.045815486827201685,1.2762
0,47aefa2c3b30,14,27,11,61,0.049524978745100555,1.3942
0,47e28d85dbab,9,24,4,61,0.04958751239245464,1.2988
0,481327d96cdf,7,19,3,61,0.046629145869273775,1.0557
0,4949e7289a07,16,23,15,61,0.05045069537625082,1.4916
0,49deeafd7158,14,20,12,61,0.06243131862767026,1.323
0,4a0be76e4998,11,23,7,61,0.042554442011826524,1.2485
0,4a81dc62cff5,10,19,7,61,0.06399574373512897,1.4428
0,4b0a53601342,10,19,7,61,0.052995434229651965,1.3145
0,4b4672d8aa22,7,19,3,61,0.051183665752077605,1.0932
0,4b8bfdff4376,13,26,10,61,0.05063430260838904,1.3465
0,4c7225cb0007,13,28,8,61,0.0647487798146012,1.4895
0,4da117fd5f9e,9,24,4,61,0.07129840193605963,1.2201
0,4dd29eee6719,11,25,9,61,0.037326994442726594,1.2442
0,4dde975e567e,11,23,7,61,0.056302905277389445,1.4563
0,4e7e4f9b6524,8,20,4,61,0.0170654071217413,1.1767
0,4e85a3dd8685,13,26,10,61,0.049985186528352925,1.2542
0,52143ae4ac4b,7,16,4,61,0.07599467925599905,1.2448
0,522eeb1c6417,14,27,11,61,0.044040140763553705,1.4955
0,527c3e69aa09,10,19,7,61,0.052709500016691564,1.2094
0,529f94be7b94,13,22,10,61,0.05864271979533147,1.4691
0,52ab7364db1f,16,26,14,61,0.05754818600148648,1.4469
0,53c62d7cf705,8,20,4,61,0.05922436012500963,1.1789
0,5434f6036ce1,8,20,4,61,0.03765629066733088,1.2368
0,544dc771adae,14,23,11,61,0.04620898011080231,1.4829
0,55844bffa227,15,25,13,61,0.04673007904772603,1.5447
0,57042f8c2ffb,12,27,7,61,0.045559452583376715,1.2664
0,581655648b3f,14,23,11,61,0.04751455311261855,1.3102
0,586f94ba5274,15,27,11,61,0.044833899607396574,1.4878
0,58b09840e600,15,27,11,61,0.04002531221580442,1.611
0,5a30ba13e6e1,18,25,17,61,0.06560259925504662,1.4113
0,5b0363a122df,10,22,6,61,0.049492122941189154,1.2377
0,5c110cd4d3ad,13,23,11,61,0.05369728326731758,1.345
0,5c8acd9c9626,13,26,10,61,0.03709213764562431,1.4959
0,5edd8b055e68,7,16,4,61,0.05433418915294605,1.0687
0,5f60874932a6,4,16,0,61,0.05418097905074256,1.3041
0,6075780720d8,8,20,4,61,0.0421898964990756,1.217
0,6075780720d8,8,20,4,61,0.05163022938240194,1.2661
0,60a4846f8a9a,10,23,7,61,0.03553728137309041,1.2969
0,60a8006fddac,7,16,4,61,0.048286305904092615,1.0752
0,61c04d782603,7,16,4,61,0.05212241511686712,1.1567
0,61d8ee298451,14,20,12,61,0.05404230515309045,2.1211
0,62a10d6547e4,13,26,10,61,0.048876232831689875,1.3526
0,631ea99bc43c,12,24,8,61,0.04922673384186676,1.2538
0,6366f6f86edf,14,23,11,61,0.044921193816499276,1.2477
0,63f869607023,18,27,15,61,0.038982337982921327,1.4893
0,63f91ae70bc9,13,26,10,61,0.047014525085281984,1.4013
0,64748b697657,19,25,17,61,0.05571570879945128,1.7287
0,660686604c65,10,22,6,61,0.04544259199634884,1.6574
0,6656ca701b62,15,25,13,61,0.05515885667212512,1.6175
0,6674561ca941,10,23,7,61,0.038267309908172634,1.3095
0,67d58a8439aa,4,16,0,61,0.06603113786875706,1.0717
0,686835a64baf,17,25,17,61,0.037144089261608663,1.5573
0,6b70b25284df,16,26,14,61,0.05208165756054355,1.5543
0,6b867ae6976c,7,19,3,61,0.05300990392285265,1.1617
0,6bced5a08fbb,7,19,3,61,0.08245298202698104,0.9979
0,6c06e2848b17,11,26,6,61,0.06372874572891811,1.4198
0,6c1699daf1ec,16,23,15,61,0.04248248564986216,1.4049
0,6c4a2d8330cd,12,24,8,61,0.04757086386432538,1.3918
0,6c71145ed992,8,20,4,61,0.03881543955757812,1.4395
0,6d4a3797a2a3,10,23,7,61,0.05321148317590204,1.2627
0,6d6a31ff0afd,10,19,7,61,0.05862747920728481,1.2531
0,6dd137af510f,7,19,3,61,0.044554562423552935,1.4331
0,6df3d7537ca4,7,16,4,61,0.06606110126740943,1.449
0,6f35829dac41,9,24,4,61,0.0656969190354538,1.2899
0,6f8da0858071,15,27,11,61,0.05044122518887331,1.568
0,712d8aea6e74,15,24,12,61,0.05767863985035325,1.4704
0,7153c5bd5f0c,15,27,11,61,0.04183446194580406,1.6297
0,717febe397a3,10,19,7,61,0.05155664051041959,1.254
0,72f7705457f9,15,22,14,61,0.046389368285513294,1.4237
0,7315d1d14eb3,10,23,7,61,0.039591883857047185,1.3011
0,743b25be702a,14,27,11,61,0.048073454802491894,1.7818
0,75cacab1db55,20,27,19,61,0.06399264871176295,1.4607
0,7623f278a174,7,16,4,61,0.04748995454792437,1.1079
0,7623f278a174,7,16,4,61,0.05255740138430728,1.081
0,7623f278a174,7,16,4,61,0.060153854628556234,1.1379
0,768a181bd73b,18,27,15,61,0.030786912006459864,1.9723
0,76a445e0dae1,14,23,11,61,0.04906735472928571,1.3271
0,76b30a68339d,10,23,7,61,0.020822964357508855,1.2448
0,76bb1568c531,13,26,10,61,0.03951814535414588,1.3357
0,76c74b79cb97,7,16,4,61,0.05616990466043598,1.4649
0,772495a64140,7,16,4,61,0.044471091302223736,1.1274
0,772495a64140,7,16,4,61,0.07122414876968793,1.1542
0,79fe5285be95,11,20,8,61,0.05660535885119885,1.3051
0,7aa4385c2757,14,20,12,61,0.08698601528847724,1.3282
0,7e428a0a1e55,13,19,11,61,0.025992173334194197,1.4058
0,7e7c0dfe1a74,11,20,8,61,0.05498143947239425,1.2725
0,7f3aed384f51,4,16,0,61,0.05044131315535705,1.074
0,7fe64746228a,12,24,8,61,0.05334105658880313,1.4351
0,8003fa6cf58d,13,26,10,61,0.0429917461280452,1.7177
0,80efcde460dd,4,16,0,61,0.05401094131504211,1.0045
0,81210e06c13b,8,20,4,61,0.03553425820307746,1.1464
0,82385199fc7f,17,27,15,61,0.04086103640309691,1.5236
0,82741cbc2658,14,23,11,61,0.04005875866426651,1.4739
0,82a6995d4eda,16,28,12,61,0.04855814104911352,1.5602
0,8386e31144d3,11,23,7,61,0.05959575418442794,1.369
0,83cb5fb3aa7f,10,22,6,61,0.0286038754621223,1.269
0,845ac9fb9182,14,25,13,61,0.06076050130423706,1.622
0,847cf54f950c,16,28,12,61,0.04091594678943952,1.5523
0,84a618dca2c7,14,27,11,61,0.057077168694944475,1.6481
0,84b3e78eeddf,11,20,8,61,0.04586228242512497,1.517
0,84f9fd7e6e21,18,25,17,61,0.05696858185931116,1.4671
0,86859ecbabd8,12,27,7,61,0.049872551081356443,1.4457
0,86cd9ed59ffd,14,27,11,61,0.04732252855858696,1.4524
0,87db0726133c,14,23,11,61,0.03004466901427439,1.4142
0,880b6af94720,10,19,7,61,0.055705034036616335,1.3653
0,885a0049959a,17,25,17,61,0.05053953118077817,1.4846
0,8a1b91cc9467,4,16,0,61,0.04933678536428519,0.9731
0,8b00213559ef,10,23,7,61,0.050996526217755384,1.3219
0,8b3f5c70e7ed,13,23,11,61,0.05893321824532148,1.3537
0,8b975a728ca1,7,16,4,61,0.05646268412036753,1.1926
0,8b975a728ca1,7,16,4,61,0.04574114087923811,1.2409
0,8be7939ab660,15,27,11,61,0.053147311070131126,1.4131
0,8e249f067bad,18,27,15,61,0.053366529913624394,1.6297
0,8e6c56226a8f,14,23,11,61,0.03887545150271822,1.2681
0,8ed88cb69d4b,15,27,11,61,0.04725995985078616,1.5811
0,8fbe1c4cbc13,9,24,4,61,0.04305902454823136,1.3405
0,8fea3c837ab6,15,24,12,61,0.04853203771521003,1.3659
0,9004f02d23b4,11,20,8,61,0.04143416597684516,1.2766
0,910cf8c0bfc7,10,26,6,61,0.03825749532219547,1.3605
0,917e3761e6bd,8,23,3,61,0.04948018981696152,1.2098
0,91dbdbc0e1f5,14,26,10,61,0.056707200151470856,1.2191
0,9298c6e7278a,12,25,9,61,0.04911283061056101,1.1833
0,93916413df33,12,25,9,61,0.03446880903735218,1.2322
0,9522ffff6e1b,9,22,6,61,0.06156025776807531,1.2559
0,955df1cb61af,13,22,10,61,0.061116669074401435,1.4558
0,95b94d178edd,10,16,8,61,0.05480063539304077,1.425
0,95b94d178edd,10,16,8,61,0.05689421571669709,1.1694
0,95b94d178edd,10,16,8,61,0.03315297165770567,1.268
0,979aaf82f6a5,15,27,11,61,0.03811182356027719,1.39
0,97a9fea463c4,7,19,3,61,0.04488949120656079,1.1432
0,97fc797ea1be,8,20,4,61,0.0693077166877653,1.1723
0,987b17979f41,17,27,15,61,0.043549488068535556,1.4719
0,9897b38621dc,14,25,13,61,0.04332979452531663,1.4676
0,99bd7cb33a0a,14,22,14,61,0.05296444934816108,1.558
0,9aac81f2230c,15,27,11,61,0.06098100557731369,1.4222
0,9ad604f29ffc,10,22,6,61,0.062488791872490346,1.1924
0,9ceb2d4f4a42,7,16,4,61,0.05527542000103607,1.0821
0,9ceb2d4f4a42,7,16,4,61,0.04977161643451257,1.1001
0,9d3d9df7db75,9,22,6,61,0.03687274158383679,1.1905
0,9d5a063356a2,17,23,15,61,0.05381017328070008,1.36
0,9d5a70b6237f,11,27,7,61,0.05343627517397388,1.4537
0,9d95d3b066d5,11,27,7,61,0.046478892630686254,1.413
0,9eaeedb418c6,13,22,10,61,0.04644638345883382,1.568
0,a0691b526227,14,20,12,61,0.04345333708402274,1.5354
0,a11a5001edcc,5,20,0,61,0.06765778667278081,1.0752
0,a1bfe389054b,11,27,7,61,0.0640372991304454,1.564
0,a269c893d5e9,14,27,11,61,0.04947982740442588,1.616
0,a28d26fa1ddd,10,23,7,61,0.05748729277628999,1.3738
0,a2fe832011fe,15,27,11,61,0.0886551061890421,1.6174
0,a425538ddabd,11,23,7,61,0.047727192058849885,1.2938
0,a4d461e9eb9e,10,23,7,61,0.06013317517806682,1.3332
0,a57b9bfff4ea,4,16,0,61,0.048472541982160076,1.0613
0,a5d4bf93423d,12,22,10,61,0.048014018301545176,1.5295
0,a5e9d0e944dc,10,26,6,61,0.054750751281059565,1.5431
0,a5f9ff86e62f,13,28,8,61,0.050657739986563734,1.4885
0,a70ed100eec4,7,19,3,61,0.03975218885107899,1.1515
0,a75f09094b49,20,27,19,61,0.06080227287175445,1.6169
0,a7b79167a48b,7,16,4,61,0.05174282367801827,1.1221
0,a7e735c5993c,15,27,11,61,0.02855270708357473,1.5762
0,a967efb05c9e,17,26,14,61,0.04226105566696644,1.5597
0,aac25e7d8468,4,16,0,61,0.04643659426273873,0.9937
0,aac25e7d8468,4,16,0,61,0.043866582098406756,1.091
0,ab0f72e83e4e,10,23,7,61,0.04015928028909922,1.3415
0,ad31888f15f0,10,19,7,61,0.034150966909114074,1.1925
0,ad4196a0aff0,10,23,7,61,0.057993798337590025,1.3895
0,ae6343d66770,7,16,4,61,0.04367289861824443,1.0807
0,aea67b7c2242,9,22,6,61,0.04774899310491067,1.248
0,afd780ec355d,10,26,6,61,0.04694256251951475,1.4596
0,aff2f1d6be55,12,27,7,61,0.052675667209765145,1.4568
0,b0fc08291f0f,7,16,4,61,0.07598301380543204,1.1453
0,b133f0f7ee49,10,22,6,61,0.048623068315612014,1.2846
0,b16045dbd255,12,24,8,61,0.03044510325718734,1.3459
0,b34f0aeebc34,13,25,9,61,0.05077916624690486,1.3592
0,b38162d761bf,11,25,9,61,0.06361504571699686,1.3751
0,b393daf5dc0a,7,19,3,61,0.054858232864647354,1.3405
0,b39ac086e971,7,19,3,61,0.05527583888174045,1.0826
0,b3a6232775e1,9,22,6,61,0.058976832875029785,1.1931
0,b563210a19d8,14,27,11,61,0.048656161855617275,1.4215
0,b62ea45650c8,20,26,18,61,0.05920138811895729,1.4411
0,b75ccb812196,10,23,7,61,0.03930863079087016,1.2982
0,b7d90b7a2764,16,28,12,61,0.03757300407903346,1.4744
0,b911c67dae93,12,27,7,61,0.06446330942557474,1.4078
0,b9a8803dad88,5,20,0,61,0.05577300631430937,1.1503
0,ba93c591a12a,7,19,3,61,0.04620367624860704,1.3189
0,bb4649af522b,14,27,11,61,0.04476206259045076,1.3456
0,bdcad8be0e2e,16,22,14,61,0.04012490739543747,1.63
0,be2d3fd6e5a9,4,16,0,61,0.06239070130173466,1.2407
0,be2d3fd6e5a9,4,16,0,61,0.05654638947040983,1.1992
0,be2d3fd6e5a9,4,16,0,61,0.07875133768332661,1.0287
0,bf1593c370d7,13,23,11,61,0.04479737859298721,1.5457
0,c01791dda5e1,8,23,3,61,0.05136157869090082,1.3602
0,c027b3ff6837,16,28,12,61,0.06328291807933845,1.3937
0,c06044b25e7e,8,23,3,61,0.049583652868706106,1.3753
0,c1585f38b8c3,15,27,11,61,0.039516192970279675,1.3606
0,c19525470e9c,11,20,8,61,0.05096147369728548,1.2259
0,c1ac7d024ebd,10,26,6,61,0.05143423803417667,1.3618
0,c349461a4995,14,27,11,61,0.059679519484176984,1.4211
0,c4a6e0705920,10,19,7,61,0.054679907792603816,1.2184
0,c4b275faa8c4,15,27,11,61,0.04500808216342267,1.537
0,c4b8a7bdc3b7,9,19,7,61,0.05788113271261708,1.4272
0,c527d4e4bea6,5,20,0,61,0.051840749378663425,1.3283
0,c67c2d007731,7,19,3,61,0.061721329617609094,1.083
0,c7adfd9cc5ed,16,28,12,61,0.056251107965357816,1.4207
0,c7e02d89194a,10,26,6,61,0.05335759430802213,1.3527
0,c7f863da692b,12,19,11,61,0.04308467907952793,1.3217
0,c8d1cf58fd96,15,27,11,61,0.05025121402641427,1.6254
0,c90a530e4042,7,16,4,61,0.05153743290989602,1.156
0,c930e762a2cc,14,27,11,61,0.04467557086353105,1.3441
0,c951a367d806,10,22,6,61,0.05544386422897126,1.2403
0,ca954a1306f1,14,27,11,61,0.050360977432054435,1.6208
0,cc7ef5e32419,10,16,8,61,0.05639285556892034,1.3754
0,cc7ef5e32419,10,16,8,61,0.03937164219461368,1.1744
0,cd454a98785b,14,27,11,61,0.05430330703030357,1.5554
0,cd4586d563ef,13,26,10,61,0.04193733456190011,1.3436
0,cd763c399386,10,19,7,61,0.06517076683170332,1.1689
0,cd83f6e9cb10,10,28,4,61,0.04826394077956889,1.3524
0,cdd4c0ed71be,7,19,3,61,0.04927179607052039,1.1381
0,ce08324453bb,12,24,8,61,0.03726948896560668,1.4136
0,ce2203b998be,10,23,7,61,0.05790501570394518,1.2889
0,cf42a8465463,10,23,7,61,0.06187693444974999,1.1579
0,d0505626bf76,17,27,15,61,0.08620136306635073,1.4496
0,d0e42247cbc2,12,22,10,61,0.04321450770364185,1.276
0,d1b5248a49c2,11,20,8,61,0.03470077859970654,1.1875
0,d270296f1b16,12,26,10,61,0.05776374591306768,1.3327
0,d28bc0c48242,10,19,7,61,0.04654192539033296,1.2936
0,d45c1574c4c0,5,20,0,61,0.04655012953543748,1.1283
0,d4a0a85e103c,14,27,11,61,0.041343160406044625,1.4303
0,d594466dafa9,13,26,10,61,0.06563121285212838,1.5492
0,d5bb027f1e42,10,22,6,61,0.04427019556298944,1.3982
0,d6045baa161d,13,26,10,61,0.05597145776163892,1.3386
0,d6340426b764,12,24,8,61,0.054977791786653414,1.516
0,d795eeabb01f,18,25,17,61,0.05096489029067328,1.7712
0,d81d495eb858,14,27,11,61,0.05436863643128785,1.3464
0,d87f6b00d8b8,7,19,3,61,0.0573200999223893,1.0743
0,d885d2bef868,10,16,8,61,0.0412891964242634,1.2015
0,d9556a413df7,9,22,6,61,0.05309754802470796,1.1491
0,d97ccd04f4f5,7,16,4,61,0.04301483826582822,1.1769
0,d97ccd04f4f5,7,16,4,61,0.06305914410580968,1.1069
0,d9c36e170631,16,22,14,61,0.05338997146714139,1.561
0,da006d4b8ea6,10,19,7,61,0.03668993940797209,1.1473
0,db08b7d59498,11,23,7,61,0.042962377082921055,1.6251
0,dc049d2cbb26,14,27,11,61,0.032066950085430174,1.4061
0,dc30ff930450,8,20,4,61,0.04952113819448337,1.209
0,dc31895782f4,11,25,9,61,0.0513626207490458,1.3554
0,dc63c6e12cac,11,23,7,61,0.08404268626935939,1.3202
0,dd3d12e5859e,13,26,10,61,0.062481694593657586,1.3237
0,de76104d375b,9,24,4,61,0.03482076141213337,1.276
0,e3cb5e229ee2,15,25,13,61,0.05408535110728892,1.399
0,e425705d298f,10,26,6,61,0.05141262237123009,1.3428
0,e42bca3d18a6,15,27,11,61,0.05418215493253705,1.4828
0,e556967495b4,7,19,3,61,0.03862985167002656,1.0588
0,e5edc6bf12dc,14,26,10,61,0.04994725514256131,1.3588
0,e603adab834b,8,20,4,61,0.0435517762263504,1.2678
0,e63d377f086f,7,19,3,61,0.053318503394553095,1.0773
0,e69df03d0c42,8,23,3,61,0.19829793570248466,1.4704
0,e6baaf1886c7,13,26,10,61,0.04109151589245422,1.4334
0,e6d3c1ca478a,12,26,10,61,0.05780808667469142,1.3025
0,e6ef0fc23911,4,16,0,61,0.03925844152951083,1.0725
0,e6ef0fc23911,4,16,0,61,0.05507014094482768,1.049
0,e78c71509123,11,27,7,61,0.04203240026954235,1.3716
0,e7a113149909,12,19,11,61,0.031786724651248315,1.5726
0,e8d90d384cf2,12,27,7,61,0.06827601570901533,1.4174
0,e8e8325475cb,17,26,14,61,0.04045565992057436,1.6322
0,e9f9c2469831,15,27,11,61,0.034936644815993095,1.8116
0,ec3d3cfa1e99,13,19,11,61,0.0535128870528018,1.1884
0,ec7bfe0e079f,9,22,6,61,0.04724317790057231,1.4533
0,ed79c51132de,20,27,19,61,0.05693977917005739,1.5691
0,ed9992583ace,14,27,11,61,0.03624653136799295,1.4766
0,edd875503efa,13,28,8,61,0.042879315861494745,1.6161
0,ef34cf24eca2,14,26,10,61,0.04516608401154739,1.3089
0,effb0556a789,11,23,7,61,0.04093105041629532,1.3024
0,f01b47bd0a4e,4,16,0,61,0.055091361498335885,1.0149
0,f04bb4cf9438,10,19,7,61,0.04894038752013335,1.2259
0,f0785d5287f7,12,24,8,61,0.043770071664823364,1.3338
0,f0f54d37bab2,4,16,0,61,0.04699418288397909,1.1744
0,f2442c369b58,7,16,4,61,0.04728099544799994,1.3365
0,f2442c369b58,7,16,4,61,0.04942444311971322,1.1628
0,f287583de407,18,27,15,61,0.049387047305115485,1.5495
0,f386d919a671,10,19,7,61,0.05099491886421992,1.2237
0,f4cb7a4c121f,11,23,7,61,0.07646580551369281,1.3432
0,f5c22e9e174c,13,22,10,61,0.037715907937166296,1.2904
0,f5f71c50e798,10,19,7,61,0.050538713301339314,1.2177
0,f638f42f9bb0,12,24,8,61,0.05049751372775597,1.2854
0,f67cefeebe20,8,23,3,61,0.05571212489214841,1.2481
0,f727ad02a53f,14,27,11,61,0.037040762878864514,1.467
0,f7d45e3155b1,17,26,14,61,0.04222749519413034,1.5066
0,f807f337afdd,8,20,4,61,0.048617915409188694,1.2467
0,f807f337afdd,8,20,4,61,0.05518133487634263,1.2801
0,f89ac54dcd0d,8,20,4,61,0.04620837560439186,1.1821
0,fa667a5c2ce5,14,26,10,61,0.05411173392131469,1.3989
0,faac03b5f10b,15,26,14,61,0.07091505635558519,1.5715
0,fadef7f4fb6f,11,23,7,61,0.0496684873026476,1.2372
0,fb5f7aba4268,16,28,12,61,0.029421060803474914,1.6174
0,fd77ebb0115c,7,19,3,61,0.059887757676150274,1.2238
0,fd77ebb0115c,7,19,3,61,0.0556752777963179,1.3404
0,fdad693dfd24,14,26,10,61,0.05853729361014267,1.387
0,fe55878266ac,8,23,3,61,0.052039872791091096,1.2176
0,ffbfc02591d1,13,23,11,61,0.042754312356855326,1.3309
1,015c7c5812c3,7,19,3,61,0.12659297119047508,1.1037
1,0259740f3871,7,19,3,61,0.11684983261550924,1.3138
1,0359ba5e6bc1,15,25,13,61,0.1400140506434615,1.5407
1,044d9abdc85a,8,23,3,61,0.16590509878991805,1.8194
1,04afb910ca41,9,24,4,61,0.10660740068294763,1.1929
1,04c1e8ec8fe3,8,23,3,61,0.11571936838172205,1.1728
1,05217a353bd3,7,19,3,61,0.11321559493335472,1.2222
1,06684ed2d4e2,7,19,3,61,0.11283131651768713,1.2481
1,07b16a99f569,4,16,0,61,0.11620455662242099,1.0322
1,07b16a99f569,4,16,0,61,0.10446621183772457,1.2205
1,07b16a99f569,4,16,0,61,0.10132057161805369,1.7764
1,0829f65f5f26,13,25,9,61,0.09955644493648767,1.3476
1,08e20ad7d716,4,16,0,61,0.12158640111122915,0.9124
1,09b2eccb019d,15,24,12,61,0.13540580327692664,1.3884
1,09bd10508a85,9,22,6,61,0.11951812205323023,1.2159
1,0a0ec1d37b3a,11,20,8,61,0.11128282006381032,1.2225
1,0ace4c49ce0d,10,19,7,61,0.12796346338235276,1.1724
1,0c760a91e91b,10,22,6,61,0.12431678266632093,1.3102
1,0cde34536215,5,20,0,61,0.10283867545656145,1.1181
1,0ce96d69843a,15,27,11,61,0.11611868937679468,1.3299
1,0d0fbe56dd45,15,24,12,61,0.13302661639415256,1.3848
1,0d3379fcd92e,9,24,4,61,0.0991895444469263,1.2554
1,0e56b2abc334,13,22,10,61,0.134146572426439,1.2558
1,0edee90dea52,5,20,0,61,0.11530024876668933,1.1548
1,0fab89b9ba2c,8,20,4,61,0.12729559188625308,1.1001
1,10061d851073,7,19,3,61,0.10653397253495135,1.0731
1,106feecd14a4,7,16,4,61,0.14178253928066964,1.1492
1,111d1f350022,17,27,15,61,0.13172761886777679,1.5948
1,119ab852ae4c,4,16,0,61,0.11243314892329836,0.9943
1,11f6f2515a34,7,16,4,61,0.1169063182582542,1.067
1,12a72cdb5a32,11,25,9,61,0.10267419449883701,1.3014
1,12cc66f114a8,8,23,3,61,0.10982069370262976,1.1748
1,13b34ac7f4af,9,22,6,61,0.11134834377959851,1.189
1,13e3290c60c3,8,20,4,61,0.10125286328482003,1.1625
1,1533e7d145eb,8,20,4,61,0.08371543699882004,1.1946
1,16c4ff224e0a,8,23,3,61,0.12256417736548432,1.1385
1,1737c67d64c8,18,26,18,61,0.12145936638129967,1.3848
1,177510da5138,13,28,8,61,0.12267649505763151,1.5145
1,1827a6c2cf9b,21,27,19,61,0.13886310689924378,1.5863
1,185fb8c393f2,16,25,13,61,0.12459261104098819,1.3965
1,1948d84cfc99,7,19,3,61,0.12491995153801579,1.0676
1,19e5dd9ffe82,11,26,6,61,0.10842509283025288,1.389
1,19f564e45cac,13,19,11,61,0.1284188827091411,1.1836
1,1c7b6d1ef0fe,13,28,8,61,0.10309283987785985,1.3777
1,1d9422d43795,8,23,3,61,0.11731243402776356,1.1939
1,1f0dea064260,11,26,6,61,0.11061490392188819,1.3209
1,1fcd0d0909d3,9,19,7,61,0.1287101338977141,1.1586
1,2039b6043638,11,20,8,61,0.11801858137942703,1.2311
1,2088c4f0d60c,4,16,0,61,0.1123493585913049,0.945
1,20d376a11e89,12,25,9,61,0.14847147220392742,1.4636
1,21265dc60d6e,10,22,6,61,0.1226404947859365,1.1351
1,21fd27fc02ef,12,26,10,61,0.09644786072656883,1.2695
1,223bdd32245f,7,19,3,61,0.11702528190382572,1.294
1,223bdd32245f,7,19,3,61,0.1265874472077579,1.2924
1,22d92a4329d5,7,19,3,61,0.12605880160641655,1.199
1,243d2afacc18,13,28,8,61,0.09826081252306021,1.424
1,24c4c8767a2b,11,25,9,61,0.11401237143905833,1.327
1,259b3c042d35,9,19,7,61,0.13548555279661864,1.1299
1,26a87042b9d2,8,23,3,61,0.692737222716727,1.2091
1,2809196352c7,11,27,7,61,0.11672661987610941,1.3939
1,281455fc1020,7,19,3,61,0.10607489054892513,1.146
1,293cc854ffbe,4,16,0,61,0.11699586418561274,0.9507
1,294ab4c83231,13,16,12,61,0.11586344138648554,1.1743
1,2b8362192d2d,11,20,8,61,0.09023901116051569,1.2355
1,2cd183b329d6,7,16,4,61,0.1118985978078083,1.0724
1,2d7cf6b5874b,8,20,4,61,0.13018075979848637,1.6392
1,2e1153713548,15,27,11,61,0.12231723251993684,1.3403
1,2e67f4f8e425,12,24,8,61,0.11298734011256004,1.2119
1,2f06f34f068f,17,27,15,61,0.12535429122866448,1.4328
1,2f32cd0a3c4d,16,26,14,61,0.12754795073428077,1.5417
1,2fd22d0a9107,15,26,14,61,0.09331884456069266,1.4351
1,30191cac99a8,7,19,3,61,0.11171917757060708,1.0486
1,313beb228912,7,19,3,61,0.12777834827805315,1.139
1,3254ed6638be,9,22,6,61,0.10813313322314351,1.1211
1,333ab963d46a,21,27,19,61,0.12986049885982665,1.4298
1,342bdeb8ef6e,10,23,7,61,0.10736353122661738,1.2975
1,34f123fd3ec6,13,28,8,61,0.13970489887905208,1.3215
1,35b87e6bdf52,12,24,8,61,0.12524096808638702,1.3403
1,35db80de5ba2,5,20,0,61,0.10170796174123545,1.4876
1,38027c49a7ee,14,26,10,61,0.10716500033898445,1.3722
1,380f3a951528,7,19,3,61,0.12202799409635062,1.2463
1,39d826a64d6e,12,24,8,61,0.13273905740601372,1.3143
1,3b7c3105dcd1,4,16,0,61,0.10971413441758937,0.9682
1,3b7c3105dcd1,4,16,0,61,0.10097413030570733,1.0914
1,3bdb74a459a0,7,19,3,61,0.12386179472438887,1.0156
1,3c440e336342,7,19,3,61,0.12632450695598946,1.0617
1,3dad662f670d,7,19,3,61,0.1168550957378892,1.2613
1,3dc4f3b3316b,7,19,3,61,0.12650239566952698,1.0723
1,3eb4a158629a,18,27,15,61,0.10481496658806483,1.4069
1,3ff0891a23b4,11,23,7,61,0.09530118298473475,1.4295
1,413faa5bcf58,8,20,4,61,0.12598914278127887,1.2621
1,416d695ef2a9,12,24,8,61,0.13275561493463353,1.4513
1,41af7cfb0346,8,20,4,61,0.13389371739770756,1.0646
1,424f11391ed6,7,19,3,61,0.12549505094537639,1.0079
1,426f7e467397,14,27,11,61,0.12334864985939697,1.4348
1,42a89b455fa3,7,19,3,61,0.1397890204864307,1.1107
1,42aaec69aa33,8,23,3,61,0.13908450684840767,1.1924
1,43e4afecd68d,12,26,10,61,0.13076146608659614,1.2646
1,4642ee0fe6a1,18,26,18,61,0.1323629201929617,1.6721
1,4726b0659dcf,12,24,8,61,0.15364124732562676,1.4349
1,4830e3a4049e,7,19,3,61,0.11460040634282266,1.0341
1,48d85ee62f62,12,27,7,61,0.11598901621202524,1.3307
1,490c7b4c0714,13,28,8,61,0.11345066127502235,1.4501
1,4949e7289a07,16,23,15,61,0.11801547472674,1.3444
1,4a81dc62cff5,10,19,7,61,0.1293533219626702,1.1456
1,4b0a53601342,10,19,7,61,0.12587968333398614,1.1697
1,4b4672d8aa22,7,19,3,61,0.1199426046525987,1.0766
1,4b8bfdff4376,13,26,10,61,0.14783557530220934,1.3644
1,4da117fd5f9e,9,24,4,61,0.12668438632705092,1.2796
1,4dd29eee6719,11,25,9,61,0.09602942717549494,1.2341
1,4e1cee2b05a3,9,19,7,61,0.11899220546379238,1.1843
1,4e7e4f9b6524,8,20,4,61,0.12840028300915296,1.0545
1,502769db5ac2,12,27,7,61,0.14298410918383342,1.3936
1,5051a1c4ed1c,16,26,14,61,0.11873884709914256,1.4378
1,52143ae4ac4b,7,16,4,61,0.12417233092474117,1.0602
1,529f94be7b94,13,22,10,61,0.11528382526334896,1.3167
1,53fb73a5ef63,16,26,14,61,0.10405324731206464,1.6784
1,5434f6036ce1,8,20,4,61,0.12222936696458928,1.1226
1,544dc771adae,14,23,11,61,0.13362862441528967,1.2651
1,55844bffa227,15,25,13,61,0.10587174974184044,1.3414
1,567df35fe74e,10,16,8,61,0.12568194409285427,1.1829
1,57042f8c2ffb,12,27,7,61,0.13505400243299837,1.3143
1,573d4a7e4b0b,13,28,8,61,0.08411799408615044,1.3625
1,581655648b3f,14,23,11,61,0.10541855270385096,1.3109
1,586f94ba5274,15,27,11,61,0.12346220792517862,1.3697
1,5a001391bcb8,8,20,4,61,0.1255528520724651,1.1989
1,5a30ba13e6e1,18,25,17,61,0.1301912291444252,1.3626
1,5a7671171960,9,24,4,61,0.10709390702642692,1.4307
1,5afa153a12c9,9,22,6,61,0.13082128513203584,1.5276
1,5b4ba614240f,13,23,11,61,0.08844199254444804,1.3595
1,5c110cd4d3ad,13,23,11,61,0.13174392744259544,1.2586
1,5c8777cddebe,9,22,6,61,0.12680598894306763,1.0974
1,5c8acd9c9626,13,26,10,61,0.10987541813871066,1.3639
1,5d6a1d4fc9a0,14,25,13,61,0.1296017978573022,1.4619
1,5dba0ca75722,9,24,4,61,0.11833582961995168,1.327
1,5edd8b055e68,7,16,4,61,0.12973246947813818,1.4124
1,5f60874932a6,4,16,0,61,0.12159943502770824,1.0056
1,6075780720d8,8,20,4,61,0.10817696829230122,1.588
1,6075780720d8,8,20,4,61,0.11080813186003885,1.2791
1,60a4846f8a9a,10,23,7,61,0.13317214082719478,1.2411
1,60a8006fddac,7,16,4,61,0.12072463315027207,1.0366
1,61d8ee298451,14,20,12,61,0.12941890858417554,1.2216
1,6237c24fd067,14,25,13,61,0.13170824596415057,1.468
1,6273f8016466,12,26,10,61,0.1218759423917817,1.3458
1,62c3ae20b261,14,26,10,61,0.1092425454285691,1.5041
1,631ea99bc43c,12,24,8,61,0.166595454088345,1.261
1,63f91ae70bc9,13,26,10,61,0.09815973171966298,1.4683
1,648dcfd39060,10,23,7,61,0.10159535789396802,1.3275
1,65945342b92d,8,23,3,61,0.12143252780187323,1.2479
1,660686604c65,10,22,6,61,0.12016291207248292,1.1908
1,6656ca701b62,15,25,13,61,0.11459465519362258,1.3395
1,67d58a8439aa,4,16,0,61,0.1362197428356464,0.9665
1,684a015ed782,10,22,6,61,0.10957258854987593,1.2601
1,698c16c4776c,12,26,10,61,0.11880959084431615,1.2639
1,69cc7b98b95f,15,27,11,61,0.1204851465461994,1.429
1,6b867ae6976c,7,19,3,61,0.12369147672765148,1.0883
1,6b867ae6976c,7,19,3,61,0.11077111954819706,1.1374
1,6bced5a08fbb,7,19,3,61,0.13786238763200928,1.0875
1,6c06e2848b17,11,26,6,61,0.12309894737826471,1.3136
1,6c1699daf1ec,16,23,15,61,0.12156255731838256,1.3429
1,6c4a2d8330cd,12,24,8,61,0.10413495916323665,1.4759
1,6c506eb59214,11,27,7,61,0.1353529543915934,1.3197
1,6c71145ed992,8,20,4,61,0.1143252013264309,1.1547
1,6d6a31ff0afd,10,19,7,61,0.13276164094322274,1.1558
1,6dd137af510f,7,19,3,61,0.12207524872716248,1.1849
1,6de2db7cc3d4,7,19,3,61,0.136881008724698,1.1034
1,6df3d7537ca4,7,16,4,61,0.11775494754808855,1.114
1,6e24630f70db,4,16,0,61,0.12593494353632173,1.0216
1,6e561e4494db,13,26,10,61,0.11584685011787364,1.4989
1,6ef636c93aa3,10,26,6,61,0.11703862950097212,1.4027
1,6f35829dac41,9,24,4,61,0.09895155027864601,1.2423
1,6f8da0858071,15,27,11,61,0.11888002806918102,1.3889
1,6fd4927ae613,8,23,3,61,0.11540342110912978,1.2185
1,712a846f3c7d,12,27,7,61,0.10833703456044927,1.2756
1,712d8aea6e74,15,24,12,61,0.10511830828817752,1.3032
1,714b44b73ee0,14,26,10,61,0.08228169732744245,1.3103
1,7153c5bd5f0c,15,27,11,61,0.14313238169559067,1.383
1,72f7705457f9,15,22,14,61,0.10459786005720707,1.3442
1,74ffdff890fb,10,19,7,61,0.11977296754831314,1.2477
1,7527dbd5648c,17,25,17,61,0.13549048601976907,1.3931
1,7623f278a174,7,16,4,61,0.1257012972814252,1.1357
1,7623f278a174,7,16,4,61,0.11026916826557802,1.1479
1,76c74b79cb97,7,16,4,61,0.12127119293307359,1.2639
1,772495a64140,7,16,4,61,0.16156964197646598,1.241
1,77720dd55b43,15,24,12,61,0.13000169362479483,1.4047
1,79da9e828672,9,22,6,61,0.12191299073257972,1.1361
1,7aa4385c2757,14,20,12,61,0.12749074694563312,1.2197
1,7b8e4511db9b,7,19,3,61,0.11623568083711747,1.274
1,7d85abeb371e,14,26,10,61,0.12227032602796742,1.5444
1,7e428a0a1e55,13,19,11,61,0.1264074476062288,1.2425
1,7e61bf738ca3,16,26,14,61,0.12268815308576293,1.5935
1,7ed6dbb752a0,9,22,6,61,0.10076453293618187,1.2296
1,7f3aed384f51,4,16,0,61,0.11306232461975846,1.0879
1,7f64892d4b48,12,22,10,61,0.1208953408058689,1.3018
1,7fe64746228a,12,24,8,61,0.12742922156975897,1.2979
1,7ff62cef8300,12,24,8,61,0.12805105217000648,1.2881
1,8003fa6cf58d,13,26,10,61,0.11889600673729982,1.323
1,80efcde460dd,4,16,0,61,0.13586906712852656,1.0072
1,81271993ca13,13,26,10,61,0.12058551351309554,1.5284
1,81a6922300ef,13,25,9,61,0.12043744842355587,1.4546
1,81c2437a9e3e,7,19,3,61,0.10821555835440828,1.1358
1,82385199fc7f,17,27,15,61,0.10451311991672753,1.6901
1,82741cbc2658,14,23,11,61,0.12866672587891698,1.3058
1,82a6995d4eda,16,28,12,61,0.13003295463365916,1.4111
1,85c465dd0baf,16,28,12,61,0.1262111682034455,1.4804
1,87e6dce0d192,13,26,10,61,0.11279017791378819,1.3157
1,880b6af94720,10,19,7,61,0.12328571257805093,1.1242
1,88cda59a67fa,8,23,3,61,0.14308498099856237,1.1353
1,88d28dfe6616,11,23,7,61,0.09076206126730248,1.2923
1,890de14970f8,14,27,11,61,0.11431473950985871,1.411
1,896e06e31232,9,22,6,61,0.11588124971492375,1.3645
1,89a02a9f6e16,9,22,6,61,0.1048606168855204,1.27
1,89c3a95fe0b5,15,25,13,61,0.14765391974154335,1.397
1,8a1b91cc9467,4,16,0,61,0.11101749916215264,1.0089
1,8ae3274d1cdc,17,26,14,61,0.11326054951142085,1.3343
1,8b00213559ef,10,23,7,61,0.10047548908379911,1.1565
1,8b3f5c70e7ed,13,23,11,61,0.13204692869807988,1.2109
1,8b975a728ca1,7,16,4,61,0.10644015691314296,1.142
1,8b975a728ca1,7,16,4,61,0.10248789587202096,1.1433
1,8e249f067bad,18,27,15,61,0.12749857629048864,1.4467
1,8e6c56226a8f,14,23,11,61,0.12911700104032311,1.2406
1,8f2509c10eaf,19,28,16,61,0.13001511182159764,1.7392
1,8fb3b153b89e,8,20,4,61,0.13553782081562538,1.406
1,8fbe1c4cbc13,9,24,4,61,0.1153965714988621,1.2443
1,8fea3c837ab6,15,24,12,61,0.13804916151520183,1.3545
1,9004f02d23b4,11,20,8,61,0.12719614221493,1.1908
1,910cf8c0bfc7,10,26,6,61,0.11567214066156767,1.2676
1,917b3f9c1369,9,24,4,61,0.1264804902912815,1.2736
1,923660ce49c5,15,27,11,61,0.10725879883592998,1.5316
1,9298c6e7278a,12,25,9,61,0.12854505298019048,1.6294
1,93916413df33,12,25,9,61,0.11648202055360213,1.212
1,9485fcb63be5,17,27,15,61,0.0886561466238942,1.4689
1,952a5b49ab96,11,26,6,61,0.18451011329224365,1.1939
1,955df1cb61af,13,22,10,61,0.12561702798501356,1.5021
1,959de36094b1,9,24,4,61,0.09157215926558449,1.2383
1,95a362808ae1,11,23,7,61,0.13365381194699433,1.3592
1,95b94d178edd,10,16,8,61,0.1049435750847263,1.1098
1,95b94d178edd,10,16,8,61,0.11729132239072551,1.2459
1,96b01a01a648,11,26,6,61,0.09291711334808081,1.2971
1,970a5cd8ee73,15,26,14,61,0.09781969357219546,1.4001
1,97a9fea463c4,7,19,3,61,0.11974100737730654,1.1123
1,97fc797ea1be,8,20,4,61,0.11605148839435192,1.0381
1,9897b38621dc,14,25,13,61,0.12160372419937485,1.3693
1,99bd7cb33a0a,14,22,14,61,0.1123594157030502,1.3418
1,9ad604f29ffc,10,22,6,61,0.11009849562970754,1.1542
1,9b9563c0ece6,13,19,11,61,0.13524961962194956,1.3436
1,9c7b9cfa6f22,11,23,7,61,0.1296125308203035,1.3215
1,9ceb2d4f4a42,7,16,4,61,0.11976947307534037,1.0637
1,9d3d9df7db75,9,22,6,61,0.12718313051870672,1.136
1,9d5a063356a2,17,23,15,61,0.1288793835487392,1.2863
1,9eaeedb418c6,13,22,10,61,0.14134148608001226,1.2251
1,9f81a1a7a89b,12,26,10,61,0.1084492358171819,1.2566
1,9fc7a791eeab,7,19,3,61,0.1027472878041808,1.1381
1,a0691b526227,14,20,12,61,0.12736328686083961,1.3774
1,a06ec2cd5001,14,27,11,61,0.11884779246456073,1.6443
1,a09ed915848a,9,22,6,61,0.1242652537273061,1.4407
1,a119008a9a03,12,25,9,61,0.08784556423744602,1.3706
1,a2fe832011fe,15,27,11,61,0.15351582746902076,1.4549
1,a31c754684ce,7,19,3,61,0.10514666830143879,1.0994
1,a39ccd8f7685,11,23,7,61,0.14207491641243605,1.223
1,a52a94462135,12,27,7,61,0.12615670037186294,1.3214
1,a57b9bfff4ea,4,16,0,61,0.12734727154957437,1.0218
1,a5d4bf93423d,12,22,10,61,0.1032668750375305,1.2804
1,a70ed100eec4,7,19,3,61,0.10238539359591102,1.1231
1,a70ed100eec4,7,19,3,61,0.1121977127788554,1.2396
1,a776b6884152,15,26,14,61,0.12305457574578066,1.428
1,a7982ad174d8,7,28,0,61,0.10348985676509138,1.3426
1,a7a372b0d53d,10,23,7,61,0.14250774588897364,1.7888
1,a7b79167a48b,7,16,4,61,0.12507122723210112,1.042
1,a7e735c5993c,15,27,11,61,0.1358900883018135,1.4016
1,aa4ca7f47ad3,11,26,6,61,0.13760090173548492,1.4115
1,aac25e7d8468,4,16,0,61,0.12564137522012322,1.0484
1,aac25e7d8468,4,16,0,61,0.10482911212616085,0.9566
1,ad31888f15f0,10,19,7,61,0.12803540019599638,1.1906
1,ae6343d66770,7,16,4,61,0.11890739420085272,1.0688
1,ae736a8bbcdc,14,27,11,61,0.10361266326481172,1.3723
1,aea67b7c2242,9,22,6,61,0.12073856118874571,1.139
1,af394da31636,10,19,7,61,0.12044155941670616,1.1925
1,afa6379f736d,9,22,6,61,0.10657538703087857,1.2435
1,aff2f1d6be55,12,27,7,61,0.13899560729146707,1.3437
1,b0bc2fad3915,11,23,7,61,0.12156562171886313,1.2945
1,b0fc08291f0f,7,16,4,61,0.12029133631632252,1.0953
1,b10ca7f1a579,12,22,10,61,0.13559081470810075,1.3545
1,b282283d23ea,13,28,8,61,0.12392788816665866,1.6384
1,b38162d761bf,11,25,9,61,0.109037263215807,1.4137
1,b393daf5dc0a,7,19,3,61,0.10782069712466501,1.1337
1,b39ac086e971,7,19,3,61,0.10887241561273593,1.1301
1,b400febc24cc,8,20,4,61,0.09558726180315233,1.1328
1,b4fa8cc291ac,10,23,7,61,0.10380027137315387,1.4758
1,b57e1d722d11,8,23,3,61,0.12060689120772539,1.2163
1,b62ea45650c8,20,26,18,61,0.12875033345818418,1.4011
1,b75ccb812196,10,23,7,61,0.10480937514884647,1.1812
1,b8d1e8789b68,8,20,4,61,0.1387266724597219,1.2572
1,b911c67dae93,12,27,7,61,0.12142517674392411,1.3438
1,b9a8803dad88,5,20,0,61,0.10889862598081129,1.1699
1,b9a8803dad88,5,20,0,61,0.13784944385481207,1.1068
1,ba61f3c9c28a,12,24,8,61,0.08159802984842957,1.2105
1,ba93c591a12a,7,19,3,61,0.13082165091855424,1.0599
1,bc6a1ca1e1f0,5,20,0,61,0.11441705809966216,1.1717
1,bd044ce3b06b,8,23,3,61,0.11566856286912157,1.1361
1,bdcad8be0e2e,16,22,14,61,0.12417885271396208,1.3388
1,be2d3fd6e5a9,4,16,0,61,0.12985410348721732,1.0682
1,be2d3fd6e5a9,4,16,0,61,0.12643514086447824,1.2348
1,be2d3fd6e5a9,4,16,0,61,0.10779044881388829,1.197
1,be2e4b782fed,7,19,3,61,0.08963114617302989,1.0482
1,bec52a9ba35b,8,23,3,61,0.10029054183249803,1.1724
1,bf1593c370d7,13,23,11,61,0.12015624133163981,1.3451
1,c027b3ff6837,16,28,12,61,0.1341063596615899,1.3349
1,c06044b25e7e,8,23,3,61,0.10644444668056918,1.2113
1,c198f3c750a8,9,24,4,61,0.10659449746013729,1.2442
1,c1ac7d024ebd,10,26,6,61,0.1094177598161887,1.2883
1,c1e05a572d18,16,26,14,61,0.10700054358639381,1.4002
1,c40ae3432240,12,27,7,61,0.11798674900842071,1.2977
1,c4a6e0705920,10,19,7,61,0.12569135400575843,1.1463
1,c4e37c3273ab,14,26,10,61,0.10947537946245217,1.4343
1,c5010030de11,7,19,3,61,0.10424102010005733,1.085
1,c527d4e4bea6,5,20,0,61,0.12015510712968719,1.0689
1,c618a703af80,8,20,4,61,0.12053015425105926,1.241
1,c618a703af80,8,20,4,61,0.11831856638844385,1.2563
1,c673470d24ec,11,23,7,61,0.10531404275198619,1.3813
1,c67c2d007731,7,19,3,61,0.1075099828384729,1.0457
1,c6d8c9aa8c27,14,26,10,61,0.09918943745885267,1.5152
1,c6dd29608859,9,22,6,61,0.12721642261738808,1.3032
1,c795d7525a07,13,26,10,61,0.11449437651142401,1.2996
1,c7e02d89194a,10,26,6,61,0.10835928823900001,1.2321
1,c7f863da692b,12,19,11,61,0.12663440734860593,1.1978
1,c90a530e4042,7,16,4,61,0.1295913482242615,1.0578
1,ca78c51a2283,10,22,6,61,0.13038525650919153,1.2626
1,cb23c125be06,10,19,7,61,0.12878997836326433,1.2056
1,cc7ef5e32419,10,16,8,61,0.12307704709058763,1.1588
1,cd763c399386,10,19,7,61,0.13044842457870648,1.403
1,cd83f6e9cb10,10,28,4,61,0.11915027545871165,1.3022
1,cdd4c0ed71be,7,19,3,61,0.12503283378404564,1.1988
1,cddbe3dc026e,16,23,15,61,0.12150622207930845,1.469
1,ce08324453bb,12,24,8,61,0.10438818564420306,1.2938
1,ce2203b998be,10,23,7,61,0.12675427959124252,1.2289
1,d0505626bf76,17,27,15,61,0.6927727986227493,1.5499
1,d1b5248a49c2,11,20,8,61,0.1079785929324219,1.2265
1,d28bc0c48242,10,19,7,61,0.12698209154176981,1.1776
1,d321ccd40b14,10,22,6,61,0.1270744130957231,1.3515
1,d45c1574c4c0,5,20,0,61,0.12301350739709377,1.2049
1,d4a0a85e103c,14,27,11,61,0.14320319563140005,1.4445
1,d5bb027f1e42,10,22,6,61,0.14568112991631565,1.2587
1,d6045baa161d,13,26,10,61,0.11776965497656583,1.281
1,d6340426b764,12,24,8,61,0.11443951184970184,1.3356
1,d7b2d37376f8,5,20,0,61,0.11616108697454086,1.0721
1,d8615e7db34d,8,20,4,61,0.11903696223026367,1.1845
1,d87f6b00d8b8,7,19,3,61,0.11764062681757406,1.1016
1,d885d2bef868,10,16,8,61,0.13396337611719664,1.1419
1,d8c46a2ae40d,9,24,4,61,0.11742920343441988,1.1914
1,d97ccd04f4f5,7,16,4,61,0.12987047577035274,1.0513
1,d97ccd04f4f5,7,16,4,61,0.14024303273478816,1.0806
1,d9e4656c858c,10,23,7,61,0.1269141945080619,1.2792
1,db08b7d59498,11,23,7,61,0.09495769891590117,1.2148
1,dc63c6e12cac,11,23,7,61,0.12585821471161493,1.2334
1,dd3d12e5859e,13,26,10,61,0.10126791842821997,1.3054
1,decc9c65a4e9,13,28,8,61,0.130214398329624,1.555
1,defa5388a8b6,7,19,3,61,0.11022376075077743,1.0784
1,e2cc5dd15fc3,15,27,11,61,0.13052296052215248,1.3948
1,e2d92815388d,7,19,3,61,0.1237489590743187,1.1643
1,e3b89d5ebe3a,12,26,10,61,0.10792855815402125,2.3367
1,e3cb5e229ee2,15,25,13,61,0.10668772886373734,1.4281
1,e3ddea3fc636,9,24,4,61,0.1077675674000066,1.281
1,e425705d298f,10,26,6,61,0.10877928658180075,1.2928
1,e556967495b4,7,19,3,61,0.09880460263693527,1.1645
1,e556967495b4,7,19,3,61,0.11599356412919276,1.1347
1,e5a675199068,15,26,14,61,0.1135949412314551,1.4632
1,e603adab834b,8,20,4,61,0.12700579481672866,1.1345
1,e63d377f086f,7,19,3,61,0.14015646159945702,1.055
1,e69df03d0c42,8,23,3,61,0.4445723852871649,1.3322
1,e6d3c1ca478a,12,26,10,61,0.141055981891549,1.2915
1,e6e3aa257489,10,22,6,61,0.1341848251175191,1.3191
1,e6ef0fc23911,4,16,0,61,0.09730908330389508,1.0008
1,e6ef0fc23911,4,16,0,61,0.1019228720385827,0.992
1,e751dae7ca13,10,19,7,61,0.1190428181125262,1.273
1,e7a113149909,12,19,11,61,0.12428410691431951,1.3334
1,e8e8325475cb,17,26,14,61,0.10451822364912508,1.4339
1,e9f9c2469831,15,27,11,61,0.1337455999703476,1.3404
1,ec3d3cfa1e99,13,19,11,61,0.1151325882556424,1.5986
1,ed9992583ace,14,27,11,61,0.125453065163285,1.3444
1,ef34cf24eca2,14,26,10,61,0.13670154662448855,1.2853
1,ef8277207a3f,15,22,14,61,0.1380628244293146,1.403
1,effb0556a789,11,23,7,61,0.11450063675286004,1.3199
1,f01b47bd0a4e,4,16,0,61,0.11300216721787698,0.9398
1,f04bb4cf9438,10,19,7,61,0.12784538800711662,1.1611
1,f0f54d37bab2,4,16,0,61,0.12731821524245182,0.9564
1,f2442c369b58,7,16,4,61,0.11409959804253747,1.0568
1,f2c588d468f1,8,20,4,61,0.09171385526268444,1.0947
1,f4cb7a4c121f,11,23,7,61,0.1745960131816305,1.2679
1,f4f35784d93a,5,20,0,61,0.10800500317510414,1.3259
1,f5c22e9e174c,13,22,10,61,0.13946565184097123,1.2318
1,f5ec68571b9e,9,24,4,61,0.10978811032817964,1.2441
1,f7d45e3155b1,17,26,14,61,0.11405978467011045,1.4181
1,f807f337afdd,8,20,4,61,0.10057833073335107,1.4055
1,f89ac54dcd0d,8,20,4,61,0.10163460062765646,1.3125
1,facec555c1d5,12,27,7,61,0.1089954670984499,1.4027
1,fadef7f4fb6f,11,23,7,61,0.12169645267174317,1.2734
1,fd65671a8abb,10,23,7,61,0.12201840269496077,1.2682
1,fd77ebb0115c,7,19,3,61,0.12088814242111187,1.1237
1,fdad693dfd24,14,26,10,61,0.11465223249120503,1.6077
1,fe55878266ac,8,23,3,61,0.10094330553566197,1.1096
1,fe6112233f13,9,22,6,61,0.13131681661873676,1.3901
1,ff0c6873cdd1,7,19,3,61,0.09317645790828608,1.3533
2,00da4c12cc0c,7,19,3,61,0.035680981309734836,1.0954
2,015c7c5812c3,7,19,3,61,0.06696870448375652,1.1802
2,0197b783381d,9,22,6,61,0.044039131418583226,1.2044
2,0247d2e45f19,15,25,13,61,0.07416577219209414,1.4402
2,0259740f3871,7,19,3,61,0.047148952117428186,1.0912
2,0357d06265f9,5,20,0,61,0.04626842414988671,1.0784
2,042fcdf0161a,18,27,15,61,0.04043410724485988,1.4315
2,07b16a99f569,4,16,0,61,0.043144789284332255,1.1144
2,07b16a99f569,4,16,0,61,0.04346190008754594,0.9841
2,0829f65f5f26,13,25,9,61,0.03168621513000257,1.2786
2,08d08c37b2bb,13,26,10,61,0.0319702101554687,1.4683
2,08e20ad7d716,4,16,0,61,0.04675343982115153,0.9415
2,09b2eccb019d,15,24,12,61,0.0585050817774382,1.4785
2,09bd10508a85,9,22,6,61,0.050653058583058165,1.2545
2,0a0ec1d37b3a,11,20,8,61,0.040967664875636745,1.1946
2,0a800014d40b,8,20,4,61,0.04837588939292985,1.2039
2,0a81c577da3e,8,23,3,61,0.03197354008374572,1.1574
2,0ace4c49ce0d,10,19,7,61,0.047909366923889286,1.2633
2,0b6eb1b58443,14,27,11,61,0.041876384270370014,1.435
2,0c281b3aae0f,7,19,3,61,0.041048910302329315,1.0711
2,0d0fbe56dd45,15,24,12,61,0.04867645481833752,1.5864
2,0e56b2abc334,13,22,10,61,0.050825628857025185,1.2161
2,0ed5b4e71fcc,10,26,6,61,0.04429405561886659,1.2763
2,0edee90dea52,5,20,0,61,0.03725125404364984,1.3606
2,0fab89b9ba2c,8,20,4,61,0.043430384841221845,1.2041
2,119ab852ae4c,4,16,0,61,0.039768618765595835,1.1781
2,11f6f2515a34,7,16,4,61,0.04963567150001044,1.3052
2,124425042844,14,27,11,61,0.02469347403452341,1.4639
2,13d5740c1f2c,9,19,7,61,0.0466687127881085,1.1165
2,13e3290c60c3,8,20,4,61,0.03566570116974827,1.0429
2,15280284ca39,7,19,3,61,0.03859566918299477,1.0312
2,16bd9d15e668,14,27,11,61,0.049765416753313946,1.5795
2,16c4ff224e0a,8,23,3,61,0.03749421832608931,1.4025
2,1827a6c2cf9b,21,27,19,61,0.04537291880696294,1.6033
2,185fb8c393f2,16,25,13,61,0.04817209711495682,1.4333
2,1862bc61a472,14,25,13,61,0.040645067594094,1.2939
2,19f564e45cac,13,19,11,61,0.056951462549430655,1.2551
2,1da60450e6be,8,23,3,61,0.04719380135468422,1.2609
2,1dcef07251e5,13,26,10,61,0.04916713906380352,1.2521
2,1e291809e0b6,11,23,7,61,0.033516072892058484,1.3688
2,1f5a90aee832,14,25,13,61,0.05112872530726151,1.3865
2,1f6f0f2a3428,9,22,6,61,0.03670225923285749,1.1572
2,1fcd0d0909d3,9,19,7,61,0.05346687643393691,1.3083
2,2039b6043638,11,20,8,61,0.04119533081672714,1.4415
2,21265dc60d6e,10,22,6,61,0.049249812589542,1.2728
2,223bdd32245f,7,19,3,61,0.05229248640612996,1.2842
2,22a1581094e3,11,23,7,61,0.03864009903332568,1.2506
2,22d92a4329d5,7,19,3,61,0.04894634815237263,1.1274
2,24c4c8767a2b,11,25,9,61,0.047419885557550584,1.4283
2,252e0bca30a4,15,26,14,61,0.05702274491927008,1.4183
2,2809196352c7,11,27,7,61,0.04482164774583211,1.5583
2,293cc854ffbe,4,16,0,61,0.04512304044818302,1.1853
2,294ab4c83231,13,16,12,61,0.0517106996075506,1.339
2,29c0a4c8bfb4,14,27,11,61,0.05729805697434852,1.3072
2,2a000e114ce3,13,28,8,61,0.05927479667673405,1.545
2,2ac8a4ef2cf4,5,20,0,61,0.04826668964158757,1.0377
2,2cd183b329d6,7,16,4,61,0.04463133687265847,1.1729
2,2dedae7ebed9,8,23,3,61,0.03424390985784815,1.1853
2,2e2d6b7cd35b,13,26,10,61,0.027022239161527056,1.2998
2,2e67f4f8e425,12,24,8,61,0.06941647847826371,1.286
2,2f32cd0a3c4d,16,26,14,61,0.049700323558592524,1.4705
2,2f9c34bb4e3a,10,22,6,61,0.03816919281301632,1.2301
2,2fa8a39d3c6c,12,27,7,61,0.035282276213442904,1.3383
2,313beb228912,7,19,3,61,0.0410178209593141,1.1146
2,333ab963d46a,21,27,19,61,0.0442775864669549,1.5298
2,33d5aafc3cc0,7,19,3,61,0.03602342139226417,1.1725
2,34f123fd3ec6,13,28,8,61,0.07767753795499348,1.3639
2,35db80de5ba2,5,20,0,61,0.035708289983144875,1.1733
2,35db80de5ba2,5,20,0,61,0.0390120795396135,1.1337
2,35f27db6aeda,12,27,7,61,0.04113025030368313,1.312
2,378946c886bd,11,27,7,61,0.05435413799891123,1.2266
2,39d826a64d6e,12,24,8,61,0.06083489410448496,1.5163
2,3a21350e145f,14,27,11,61,0.0325249185398159,1.365
2,3a36e71c6545,13,26,10,61,0.049911975926674026,1.3327
2,3b088cbddd82,14,23,11,61,0.03860298671055611,1.2828
2,3b7c3105dcd1,4,16,0,61,0.043034612203679004,1.0842
2,3b7c3105dcd1,4,16,0,61,0.0370086616457622,1.0857
2,3b8c5d85acc1,11,23,7,61,0.043945128852686026,1.2113
2,3bdb74a459a0,7,19,3,61,0.038216741271176385,1.0748
2,3c13d4941bd6,8,23,3,61,0.05010971495177123,1.1391
2,3c440e336342,7,19,3,61,0.045654760831682815,1.1957
2,3dad662f670d,7,19,3,61,0.03531979907768081,1.1545
2,3dc4f3b3316b,7,19,3,61,0.0478841730295762,1.1787
2,3df9b07b6a20,18,25,17,61,0.04479328298154939,1.535
2,3fed59941401,11,25,9,61,0.032648817806273205,1.6039
2,40463b5c7c61,13,22,10,61,0.04627022223975457,1.2295
2,419e7c297a23,11,27,7,61,0.02147266933968402,1.321
2,41abfb0f50c7,13,26,10,61,0.1230955276838105,1.2946
2,41af7cfb0346,8,20,4,61,0.05069400549326223,1.273
2,424f11391ed6,7,19,3,61,0.050767565070487436,1.1179
2,426f7e467397,14,27,11,61,0.042439171934671976,1.6063
2,42a89b455fa3,7,19,3,61,0.04989417055525211,1.217
2,4377545b23bb,12,25,9,61,0.0443848414216287,1.3814
2,43e4afecd68d,12,26,10,61,0.08229428365074,1.433
2,44692e12d6d2,7,19,3,61,0.03350888340565415,1.1687
2,44707254ff9f,13,26,10,61,0.04033707657750274,1.3986
2,451bb587000b,10,23,7,61,0.04039103151675398,1.2864
2,4530be8601cb,8,23,3,61,0.03868698333616129,1.1484
2,4642ee0fe6a1,18,26,18,61,0.04350411785385987,1.513
2,486c1b51db42,13,26,10,61,0.030555975875483216,1.2789
2,48f19401ec34,18,25,17,61,0.05090323012722425,1.6964
2,4949e7289a07,16,23,15,61,0.04234222514465245,1.6153
2,4a81dc62cff5,10,19,7,61,0.054488324666530336,1.1947
2,4b0a53601342,10,19,7,61,0.04028195426411979,1.2962
2,4b4672d8aa22,7,19,3,61,0.046825131243801416,1.6495
2,4b8bfdff4376,13,26,10,61,0.04767243342004587,1.2795
2,4b958dbcd8b6,10,22,6,61,0.06707351229364772,1.289
2,4c4b0116498b,10,22,6,61,0.0332009088585403,1.4801
2,4c568f1dff6f,12,27,7,61,0.0404740092074533,1.3268
2,4cfdef0dec3b,12,24,8,61,0.043308087120036275,1.3254
2,4d28c617b36b,8,23,3,61,0.040211269234114805,1.1337
2,4da117fd5f9e,9,24,4,61,0.07089705504372629,1.3409
2,4dd29eee6719,11,25,9,61,0.03876012721544119,1.3445
2,4e7e4f9b6524,8,20,4,61,0.05021768177060121,1.1012
2,50c991e79e15,8,23,3,61,0.030553468671208908,1.1244
2,515ae2fdbade,14,26,10,61,0.022323698505489913,1.4442
2,52143ae4ac4b,7,16,4,61,0.046155897267546625,1.1696
2,529f94be7b94,13,22,10,61,0.03501566896934826,1.5711
2,53c62d7cf705,8,20,4,61,0.048610982243695505,1.1372
2,5434f6036ce1,8,20,4,61,0.048698687906588566,1.0829
2,544dc771adae,14,23,11,61,0.046471328547960926,1.4484
2,55844bffa227,15,25,13,61,0.04580209089383306,1.3566
2,567df35fe74e,10,16,8,61,0.04632724973304526,1.1041
2,56a1a41cbf30,9,24,4,61,0.03370785037544699,1.3406
2,56a1a41cbf30,9,24,4,61,0.05034954230506202,1.2238
2,56f8e24bd4c1,8,23,3,61,0.04159346998320836,1.2918
2,57042f8c2ffb,12,27,7,61,0.04313848089861986,1.4439
2,57f83b35f817,14,26,10,61,0.04071107032944355,1.3165
2,581655648b3f,14,23,11,61,0.03208490355040651,1.2595
2,586f94ba5274,15,27,11,61,0.03301060925148007,1.5746
2,5873f5b5d3e4,12,27,7,61,0.04323997215680999,1.3422
2,58bb210d11e7,11,20,8,61,0.059562757915441335,1.1214
2,5a001391bcb8,8,20,4,61,0.0488554247902684,1.2078
2,5a30ba13e6e1,18,25,17,61,0.05940424965616564,1.595
2,5a433251a78f,9,19,7,61,0.04065318872414119,1.156
2,5afa153a12c9,9,22,6,61,0.0576250214672565,1.289
2,5bbec92e77b8,17,26,14,61,0.041987281534686255,1.289
2,5c110cd4d3ad,13,23,11,61,0.0618700124908124,1.3174
2,5c8acd9c9626,13,26,10,61,0.04917583292084538,1.3634
2,5cdf81851361,11,26,6,61,0.05255522078211996,1.3601
2,5d9552befb52,14,23,11,61,0.04061969879350226,1.3273
2,5edd8b055e68,7,16,4,61,0.045657303035289795,1.0273
2,5f3ba2c471c3,10,26,6,61,0.06777438687438037,1.3691
2,5f418eba76fb,8,23,3,61,0.04742542459850064,1.163
2,5f60874932a6,4,16,0,61,0.05275901147371675,1.0439
2,5fb5b02022e0,5,20,0,61,0.04189818447861331,1.0564
2,6075780720d8,8,20,4,61,0.04597855805967069,1.0858
2,6075780720d8,8,20,4,61,0.04281016089514798,1.1899
2,60a8006fddac,7,16,4,61,0.046873934025310364,1.2002
2,61aae058a7dd,15,25,13,61,0.05473160617902914,1.4127
2,61d8ee298451,14,20,12,61,0.046607189752834725,1.6489
2,631ea99bc43c,12,24,8,61,0.15885327122973067,1.3362
2,63f91ae70bc9,13,26,10,61,0.052293585592319954,1.2837
2,64ba426ba146,7,19,3,61,0.04796796831055051,1.0043
2,64ca1196b226,13,26,10,61,0.0326269274983589,1.3743
2,65d0a0a3e17f,5,20,0,61,0.03652627113511434,1.1355
2,660686604c65,10,22,6,61,0.03974124431131005,1.1735
2,6656ca701b62,15,25,13,61,0.051167873555305346,1.5411
2,67d58a8439aa,4,16,0,61,0.06493731044114633,1.007
2,69b2f172a01f,15,25,13,61,0.04336635154688056,1.2282
2,6a0438716c91,10,22,6,61,0.036037514629909534,1.326
2,6b867ae6976c,7,19,3,61,0.04901615171139817,1.123
2,6bced5a08fbb,7,19,3,61,0.04993369069874407,1.0027
2,6c06e2848b17,11,26,6,61,0.0415611745916846,1.3229
2,6c1699daf1ec,16,23,15,61,0.04427801406714263,1.3851
2,6c71145ed992,8,20,4,61,0.0464179175693833,1.1217
2,6d303e2788d7,16,25,13,61,0.6927771813167634,1.4261
2,6d6a31ff0afd,10,19,7,61,0.05454115149343086,1.1526
2,6d7179fd7cd0,6,24,0,61,0.050526099932574176,1.1723
2,6dd137af510f,7,19,3,61,0.03531893609680804,1.0961
2,6df3d7537ca4,7,16,4,61,0.054637445277173985,1.1907
2,6e2365dbbeed,11,23,7,61,0.03395718773813419,1.189
2,6ef636c93aa3,10,26,6,61,0.03983768789240811,1.4356
2,6f35829dac41,9,24,4,61,0.054505749719443296,1.2423
2,6f8da0858071,15,27,11,61,0.03177597718944358,1.4943
2,6fd4927ae613,8,23,3,61,0.039299980654210184,1.2538
2,70d683288f9f,13,26,10,61,0.040639141164123274,1.4427
2,712d8aea6e74,15,24,12,61,0.04991768271685509,1.2869
2,7153c5bd5f0c,15,27,11,61,0.05770012381392811,1.3772
2,722994f69c31,13,26,10,61,0.04184734869966853,1.5714
2,72f7705457f9,15,22,14,61,0.028587609663606833,1.4381
2,7397e3e577cc,14,23,11,61,0.08409795375146098,1.3465
2,73d29ae4e3f7,10,23,7,61,0.04311153018761842,1.4908
2,751d49ba31af,13,26,10,61,0.040857770815121666,1.5248
2,759f403ce7b8,11,25,9,61,0.03512704509608114,1.256
2,7620e6e060af,11,23,7,61,0.03377398560385911,1.3323
2,7623f278a174,7,16,4,61,0.05030926912043893,1.1572
2,7623f278a174,7,16,4,61,0.046898009575155775,1.0748
2,76c74b79cb97,7,16,4,61,0.05171444896742305,1.1141
2,772495a64140,7,16,4,61,0.05119004248175904,1.1022
2,77c62b236955,12,27,7,61,0.04818848349496961,1.2736
2,7aa4385c2757,14,20,12,61,0.05567798552826538,1.2616
2,7db5c7a608e8,16,26,14,61,0.049766002131321256,1.5124
2,7e428a0a1e55,13,19,11,61,0.04658744844603472,1.2686
2,7e76bea7bb66,9,22,6,61,0.04530624338583647,1.1154
2,7f1591d7e8c5,8,20,4,61,0.0456543008667053,1.0427
2,7f3aed384f51,4,16,0,61,0.040377857445503894,0.9637
2,7fe64746228a,12,24,8,61,0.0456062411146396,1.5246
2,8003fa6cf58d,13,26,10,61,0.047624447415751475,1.3438
2,802b00ed69b0,11,23,7,61,0.039860310429608435,1.1752
2,80efcde460dd,4,16,0,61,0.05357552480014599,0.947
2,81271993ca13,13,26,10,61,0.042474109761396976,1.3821
2,81c2437a9e3e,7,19,3,61,0.04394080951462812,1.184
2,82385199fc7f,17,27,15,61,0.035684742803001455,1.4123
2,82741cbc2658,14,23,11,61,0.05094436029963992,1.4192
2,82a6995d4eda,16,28,12,61,0.04939230585084893,1.5838
2,86b64e085678,20,27,19,61,0.05196198688520379,1.719
2,87db0726133c,14,23,11,61,0.04143884215169077,1.2667
2,87e4d55c667d,12,26,10,61,0.05272455119448413,1.3445
2,880b6af94720,10,19,7,61,0.04438034057804872,1.1473
2,890de14970f8,14,27,11,61,0.05014331656309822,1.3479
2,89a02a9f6e16,9,22,6,61,0.04510501754168626,1.2223
2,8b00213559ef,10,23,7,61,0.05003512842409387,1.1946
2,8b3f5c70e7ed,13,23,11,61,0.03838510909244551,1.3241
2,8b975a728ca1,7,16,4,61,0.039075997113301834,1.2404
2,8b975a728ca1,7,16,4,61,0.04028638870011519,1.1436
2,8e249f067bad,18,27,15,61,0.05548646911940613,1.4118
2,8e6c56226a8f,14,23,11,61,0.02617349479014728,1.3282
2,8fea3c837ab6,15,24,12,61,0.04615632608803785,1.5974
2,9004f02d23b4,11,20,8,61,0.0475143166209665,1.2496
2,9015edaeca4f,15,19,15,61,0.04161001341103269,1.3052
2,906f20894401,10,23,7,61,0.025571420461363785,1.3492
2,913216eec92b,13,26,10,61,0.05190405433756077,1.3654
2,9258b879a16a,7,19,3,61,0.03677442490333093,1.0709
2,9298c6e7278a,12,25,9,61,0.038790646351172464,1.1425
2,9330fb05b7cd,8,23,3,61,0.042330322794117664,1.3259
2,93916413df33,12,25,9,61,0.042826205437203856,1.2457
2,94fdcbfa80c3,9,24,4,61,0.03939833448346573,1.2132
2,955df1cb61af,13,22,10,61,0.04480855467559511,1.4146
2,95b94d178edd,10,16,8,61,0.04480989421285563,1.1948
2,95b94d178edd,10,16,8,61,0.6927742092590088,1.1363
2,95b94d178edd,10,16,8,61,0.03577617596297476,1.2959
2,97a9fea463c4,7,19,3,61,0.04873826612763193,1.1677
2,97fc797ea1be,8,20,4,61,0.04397501262129844,1.0708
2,9897b38621dc,14,25,13,61,0.04153617865519653,1.4712
2,99bd7cb33a0a,14,22,14,61,0.043621252300987096,1.4158
2,9ad604f29ffc,10,22,6,61,0.052838080284931074,1.1464
2,9ceb2d4f4a42,7,16,4,61,0.04922059403621196,1.0539
2,9d3d9df7db75,9,22,6,61,0.04921393301886233,1.1896
2,9d5a063356a2,17,23,15,61,0.052670067437375775,1.2589
2,9e2f335be920,7,19,3,61,0.049474317360704775,1.0277
2,9eaeedb418c6,13,22,10,61,0.04899448617906338,1.5003
2,a0349c5d0c77,10,26,6,61,0.047839538099466755,1.2571
2,a09ed915848a,9,22,6,61,0.04313936181846737,1.2661
2,a2fe832011fe,15,27,11,61,0.07659364126582904,1.5888
2,a57b9bfff4ea,4,16,0,61,0.04142515044360651,1.0856
2,a5d4bf93423d,12,22,10,61,0.04404604058727721,1.4311
2,a68f3506952e,10,22,6,61,0.030636672342758724,1.323
2,a6a0373c4b3f,13,26,10,61,0.03358269934410078,1.3189
2,a6c78bdc6771,11,23,7,61,0.037541729596966625,1.2182
2,a6c78bdc6771,11,23,7,61,0.04384550011343059,1.253
2,a78aba63a411,8,23,3,61,0.043048123982481895,1.155
2,a7b79167a48b,7,16,4,61,0.050611274105267,1.1977
2,a7c9cd3c04e3,8,23,3,61,0.05011636830661699,1.2517
2,a7e735c5993c,15,27,11,61,0.05586164218585384,1.5568
2,aac25e7d8468,4,16,0,61,0.047735520672917905,1.0848
2,aac25e7d8468,4,16,0,61,0.04200725058128782,1.1136
2,ab29340d508e,14,27,11,61,0.049923700661740435,1.3204
2,ad31888f15f0,10,19,7,61,0.05732253835804804,1.2881
2,ae6343d66770,7,16,4,61,0.0485453478111055,1.1414
2,ae6343d66770,7,16,4,61,0.039293722243001664,1.1069
2,ae736a8bbcdc,14,27,11,61,0.02816627857999844,1.3531
2,aea67b7c2242,9,22,6,61,0.04817319714913991,1.1941
2,afa6379f736d,9,22,6,61,0.0387350070291727,1.2342
2,afb732730667,14,26,10,61,0.04186471481302683,1.2876
2,aff2f1d6be55,12,27,7,61,0.048788025277250825,1.2955
2,b0fc08291f0f,7,16,4,61,0.05439952785377068,1.0525
2,b16a38e4e5ca,13,26,10,61,0.03334174989072263,1.318
2,b16fc22814aa,13,19,11,61,0.04498743658370969,1.3412
2,b38162d761bf,11,25,9,61,0.0479535125164235,1.2609
2,b393daf5dc0a,7,19,3,61,0.0498559482159405,1.0655
2,b393daf5dc0a,7,19,3,61,0.03211777495276561,1.547
2,b39ac086e971,7,19,3,61,0.03654108428897128,1.06
2,b62ea45650c8,20,26,18,61,0.047735622636220186,1.3641
2,b75ccb812196,10,23,7,61,0.03313848362161431,1.3581
2,b8fb23fb397f,7,19,3,61,0.03015519834441718,1.0239
2,b911c67dae93,12,27,7,61,0.05264720485913662,1.3123
2,b919d24ae10e,7,19,3,61,0.04952929296582083,1.1811
2,b9a8803dad88,5,20,0,61,0.05102750148312399,1.1189
2,ba52455da174,14,27,11,61,0.04181088017898294,1.3747
2,ba93c591a12a,7,19,3,61,0.048631730339463386,1.0876
2,bc66533d5daf,11,27,7,61,0.04747665030936158,1.2116
2,bcf2d516e773,13,26,10,61,0.030515336360725256,1.4222
2,bd3dd1537429,11,23,7,61,0.05316307957310652,1.2473
2,bdcad8be0e2e,16,22,14,61,0.040803130744658654,1.4093
2,be2d3fd6e5a9,4,16,0,61,0.0668372602085726,1.0064
2,be2d3fd6e5a9,4,16,0,61,0.06053420196716614,1.0121
2,be2d3fd6e5a9,4,16,0,61,0.039670971895939024,0.96
2,bf1593c370d7,13,23,11,61,0.04209847112138381,1.4578
2,bf22ee537dc6,9,22,6,61,0.04334851195632163,1.1772
2,c027b3ff6837,16,28,12,61,0.07277397929009131,1.4674
2,c06044b25e7e,8,23,3,61,0.052190520881801206,1.3532
2,c1ac7d024ebd,10,26,6,61,0.0429704940138779,1.2794
2,c37410d1ad63,10,19,7,61,0.04985719001441729,1.239
2,c3f3e61f1634,10,23,7,61,0.023059814116084876,1.2125
2,c42807254cf1,9,27,3,61,0.06539005626825241,1.2957
2,c4a6e0705920,10,19,7,61,0.0488428252834967,1.1735
2,c4e32b7ae085,16,26,14,61,0.0412140352095191,1.5599
2,c5010030de11,7,19,3,61,0.03819110445254497,1.1289
2,c527d4e4bea6,5,20,0,61,0.040503739551474,1.3164
2,c67c2d007731,7,19,3,61,0.060193278930807156,1.2832
2,c6dd29608859,9,22,6,61,0.04525150626749944,1.2763
2,c7e02d89194a,10,26,6,61,0.03663865205322667,1.3005
2,c7f863da692b,12,19,11,61,0.05602628513750923,1.1773
2,c84e3aa1c665,9,27,3,61,0.034105238185671446,1.2116
2,c90a530e4042,7,16,4,61,0.046797553815395986,1.1416
2,c967fb877bca,15,25,13,61,0.03839076713820596,1.3128
2,ca9ca5aa1589,13,26,10,61,0.043439789042101856,1.5505
2,cbdec2d6b4a0,13,26,10,61,0.07309806550144443,1.3179
2,cc341f835d1a,5,20,0,61,0.047127565313395445,1.1687
2,cc7ef5e32419,10,16,8,61,0.0459171662453762,1.2548
2,cd763c399386,10,19,7,61,0.0541672590351219,1.3707
2,cd83f6e9cb10,10,28,4,61,0.03829394002413796,1.4566
2,ce2203b998be,10,23,7,61,0.07003854373195725,1.2009
2,d0226a818dbd,15,25,13,61,0.03479012817723347,1.4934
2,d0505626bf76,17,27,15,61,0.05801168411703735,1.3918
2,d08b5f6ddece,14,25,13,61,0.045797378253239096,1.2856
2,d1b5248a49c2,11,20,8,61,0.04482517094916467,1.1705
2,d28bc0c48242,10,19,7,61,0.06890035791922845,1.3857
2,d45c1574c4c0,5,20,0,61,0.04799315171704246,1.078
2,d4a0a85e103c,14,27,11,61,0.06113239904606413,1.4075
2,d4ea607f1a96,8,23,3,61,0.6928166358221264,1.184
2,d5bb027f1e42,10,22,6,61,0.04155803680596037,1.2524
2,d77ce5d7141b,10,26,6,61,0.033872629753671196,1.2672
2,d7db498b9016,5,20,0,61,0.040461170871447086,1.1965
2,d87f6b00d8b8,7,19,3,61,0.036698230970905965,1.027
2,d885d2bef868,10,16,8,61,0.051645753482701964,1.2184
2,d97ccd04f4f5,7,16,4,61,0.050736076366341136,1.3032
2,d97ccd04f4f5,7,16,4,61,0.05368638985581543,1.1644
2,d9f38a8cf7b8,8,20,4,61,0.03378778749973274,1.0319
2,da139ba8a183,13,26,10,61,0.035582103790836365,1.3774
2,dc1a120c4a8c,12,27,7,61,0.038835559165249056,1.3817
2,dc63c6e12cac,11,23,7,61,0.0861801145044551,1.3463
2,dcafe93f63e9,12,27,7,61,0.049184177349719596,1.3231
2,dd3d12e5859e,13,26,10,61,0.03170387500766956,1.3888
2,dda81c6c63ea,13,26,10,61,0.04999040784592466,1.3059
2,dea70b95ea64,11,25,9,61,0.03641715072272225,1.2319
2,e104f2ae99da,12,26,10,61,0.04971811332109069,1.2778
2,e2cdb1fcca06,10,23,7,61,0.039425803198063075,1.1511
2,e2d92815388d,7,19,3,61,0.04882133605773537,1.2149
2,e334e3995436,11,26,6,61,0.05606083111149486,1.2377
2,e389f36e7542,15,27,11,61,0.03411488873126715,1.3434
2,e3cb5e229ee2,15,25,13,61,0.028218524947136572,1.3756
2,e3cce44ca556,12,26,10,61,0.03754543524157307,1.5402
2,e425705d298f,10,26,6,61,0.03937902939796185,1.3726
2,e46fed0407f1,12,25,9,61,0.03393100225062381,1.2984
2,e556967495b4,7,19,3,61,0.02996151450958869,1.0674
2,e5b332a9f1da,14,25,13,61,0.03213832320324928,1.4851
2,e5edc6bf12dc,14,26,10,61,0.04599656538158684,1.2555
2,e603adab834b,8,20,4,61,0.05317424395830626,1.1202
2,e63d377f086f,7,19,3,61,0.03762940880918739,1.0591
2,e69df03d0c42,8,23,3,61,0.3433334912617108,1.2895
2,e6d3c1ca478a,12,26,10,61,0.0490911738937834,1.4667
2,e6e3aa257489,10,22,6,61,0.04860510568747266,1.2017
2,e6ef0fc23911,4,16,0,61,0.040058720109159535,1.0719
2,e6ef0fc23911,4,16,0,61,0.03451015520358322,1.1029
2,e7a113149909,12,19,11,61,0.04807954797238326,1.4644
2,e8e8325475cb,17,26,14,61,0.04175837290918202,1.6649
2,e8f1c815e58a,11,25,9,61,0.04409230685509702,1.2424
2,e9e4ce1b9992,7,16,4,61,0.05151799467593955,1.0693
2,e9f9c2469831,15,27,11,61,0.04544932780506262,1.3512
2,eb3595b92596,10,22,6,61,0.05557699414627496,1.2613
2,ebce9720fdc9,11,27,7,61,0.060828791462575915,1.6695
2,ec3d3cfa1e99,13,19,11,61,0.044902523117648516,1.3144
2,ec96cf205b0d,9,22,6,61,0.031048581587162297,1.1886
2,ed6ab90e67c6,15,27,11,61,0.04371359870333183,1.4703
2,ed79c51132de,20,27,19,61,0.057798864563072705,1.4692
2,ed9992583ace,14,27,11,61,0.038385535020044166,1.3308
2,ef34cf24eca2,14,26,10,61,0.05033572673920575,1.2958
2,ef8277207a3f,15,22,14,61,0.05462738252581394,1.302
2,effb0556a789,11,23,7,61,0.04676607745483305,1.3087
2,f01b47bd0a4e,4,16,0,61,0.04555144038587477,1.0927
2,f04bb4cf9438,10,19,7,61,0.04070747289015412,1.2611
2,f05fee2104d2,10,23,7,61,0.04475481310841378,1.1814
2,f0f54d37bab2,4,16,0,61,0.0480758052840978,1.1948
2,f1a539e48f90,5,20,0,61,0.048039291386957755,1.1818
2,f2033f1da9f0,11,23,7,61,0.03737586478734192,1.2691
2,f2442c369b58,7,16,4,61,0.03943452410545696,1.2176
2,f2442c369b58,7,16,4,61,0.04811145351547561,1.0964
2,f38c41398a6d,10,22,6,61,0.07047806756001578,1.2696
2,f40971011ae7,12,27,7,61,0.044894770863571715,1.343
2,f461e800bb9b,12,24,8,61,0.04263954903720279,1.3068
2,f4950b53c515,10,22,6,61,0.04332204565341479,1.1575
2,f4cb7a4c121f,11,23,7,61,0.12899879421291527,1.2888
2,f5c22e9e174c,13,22,10,61,0.050210599025173046,1.5276
2,f7579b6b5f84,13,26,10,61,0.03588592492835749,1.2542
2,f7bad853984a,17,26,14,61,0.046022680278354794,1.477
2,f7d45e3155b1,17,26,14,61,0.035892805429201737,1.4972
2,f807f337afdd,8,20,4,61,0.030194828329668022,1.1487
2,f807f337afdd,8,20,4,61,0.03547545462143341,1.1584
2,f89ac54dcd0d,8,20,4,61,0.04292490863258748,1.2569
2,f96b920a2ad6,9,22,6,61,0.047928019405923124,1.2006
2,f9cfd9ad7044,19,26,18,61,0.04463639390468564,1.4228
2,fa4093f35790,9,22,6,61,0.05234894596190795,1.156
2,fadef7f4fb6f,11,23,7,61,0.03904311202735141,1.4087
2,fbd363fde2a6,12,27,7,61,0.0410197398765456,1.3094
2,fd77ebb0115c,7,19,3,61,0.04392353341695628,1.2051
2,fdad693dfd24,14,26,10,61,0.06200889514629187,1.4734
2,fe55878266ac,8,23,3,61,0.057183063919400895,1.1493
2,fe55878266ac,8,23,3,61,0.03475828501337527,1.2038
2,fe7945cbdef6,14,26,10,61,0.051912158708291106,1.3018
2,ffb2019ae30c,17,26,14,61,0.06818211264211699,1.4479
3,01477420c2fd,11,20,8,61,0.051825731690654846,1.186
3,015c7c5812c3,7,19,3,61,0.05399772409317874,1.0843
3,0197b783381d,9,22,6,61,0.05441279902671708,1.1915
3,0247d2e45f19,15,25,13,61,0.0646662251960594,1.4021
3,02d864a6a1c9,13,26,10,61,0.048389676820473106,1.2734
3,0382460e0b3e,14,26,10,61,0.058754416912697734,1.2461
3,0476150787f0,13,26,10,61,0.057730342334740614,1.2354
3,06090195c669,11,20,8,61,0.05573348812949064,1.1148
3,0693239396a8,18,25,17,61,0.05861931213943951,1.3952
3,06b0189d971f,12,26,10,61,0.06890173871559828,1.3265
3,07b16a99f569,4,16,0,61,0.055442842098508506,0.9638
3,07b16a99f569,4,16,0,61,0.053055325442452596,1.0237
3,0829f65f5f26,13,25,9,61,0.050198409605327204,1.1765
3,08d08c37b2bb,13,26,10,61,0.054025796593014375,1.2209
3,08e20ad7d716,4,16,0,61,0.05532135150925513,0.916
3,09b2eccb019d,15,24,12,61,0.11940359070365177,1.3241
3,09bd10508a85,9,22,6,61,0.042577042098626824,1.1468
3,0a0ec1d37b3a,11,20,8,61,0.04937061939533969,1.2726
3,0a55a8aa634d,12,27,7,61,0.0638394415409312,1.2731
3,0ace4c49ce0d,10,19,7,61,0.05068421098359188,1.1468
3,0b1c564f1310,11,23,7,61,0.05280894039761508,1.1256
3,0b6eb1b58443,14,27,11,61,0.06927179098204732,1.3396
3,0ba749304dd0,8,20,4,61,0.06684877200943945,1.0847
3,0d0fbe56dd45,15,24,12,61,0.050840280031029327,1.4699
3,0d4ebd681a76,7,19,3,61,0.06628872331513684,1.0765
3,0e56b2abc334,13,22,10,61,0.06617069997307849,1.204
3,0edee90dea52,5,20,0,61,0.053077567209481036,1.0163
3,0f69573f48b4,11,23,7,61,0.05685210761491615,1.3073
3,0fab89b9ba2c,8,20,4,61,0.07075243481103026,1.1171
3,1185d77d745f,9,24,4,61,0.05275793924569211,1.1795
3,119ab852ae4c,4,16,0,61,0.04750219327269981,0.9384
3,11f6f2515a34,7,16,4,61,0.05786039842493199,1.0566
3,121b17a3beed,9,22,6,61,0.07414460719100938,1.1365
3,13e3290c60c3,8,20,4,61,0.04840639218722832,1.066
3,1406ef12b30b,15,27,11,61,0.05860583807142837,1.3968
3,15c980eee193,12,22,10,61,0.055010303638540904,1.2665
3,16c4ff224e0a,8,23,3,61,0.049356190784334016,1.1177
3,16f87bc16973,11,23,7,61,0.04684541272510883,1.2469
3,180c66388c07,14,26,10,61,0.0559581512427984,1.3137
3,1827a6c2cf9b,21,27,19,61,0.04609028601499035,1.3963
3,185fb8c393f2,16,25,13,61,0.05391182011899223,1.4099
3,190d41f412b2,14,26,10,61,0.07548353406668103,1.2778
3,19f564e45cac,13,19,11,61,0.055349968012721205,1.1911
3,1b01246b9cdd,10,19,7,61,0.05342182972076512,1.1678
3,1b4120628fc6,13,23,11,61,0.047956928010770165,1.2968
3,1bdce3023e4f,11,23,7,61,0.042350503128875006,1.1746
3,1d5458cd125c,9,22,6,61,0.040165729040944634,1.0768
3,1d69c43e46a9,14,26,10,61,0.04610955906555632,1.2713
3,1e291809e0b6,11,23,7,61,0.050753307945740594,1.2609
3,1f47cde6200a,13,19,11,61,0.05793125434557626,1.2134
3,1f4adbade5e1,15,26,14,61,0.06429857056945386,1.362
3,1f6f0f2a3428,9,22,6,61,0.049442617084371684,1.136
3,1fcd0d0909d3,9,19,7,61,0.048529891597370124,1.2298
3,2039b6043638,11,20,8,61,0.06034632001149872,1.2006
3,21265dc60d6e,10,22,6,61,0.04373866241262649,1.1459
3,21fd27fc02ef,12,26,10,61,0.0516413881868152,1.2616
3,22d92a4329d5,7,19,3,61,0.060231485681692266,1.072
3,22dc47fd919a,14,26,10,61,0.05510670233729867,1.2573
3,22e53edd9fb8,10,23,7,61,0.059806157483359906,1.1984
3,24c4c8767a2b,11,25,9,61,0.04379202316200759,1.2752
3,26f2a46ff69a,11,23,7,61,0.057078360665222205,1.2013
3,26f90d079a54,13,26,10,61,0.054965773988569805,1.3137
3,276984cf7146,13,26,10,61,0.05365600586244295,1.3299
3,27f8b29fb902,16,26,14,61,0.047745852249523296,1.3896
3,2809196352c7,11,27,7,61,0.053985496757964595,1.3001
3,293cc854ffbe,4,16,0,61,0.048715853222013945,1.0923
3,294ab4c83231,13,16,12,61,0.04926944776663951,1.1707
3,2a380d9fb0a4,11,25,9,61,0.05319599042137138,1.2115
3,2cd183b329d6,7,16,4,61,0.05036744743589597,1.1348
3,2e67f4f8e425,12,24,8,61,0.06599152727142915,1.2298
3,2f32cd0a3c4d,16,26,14,61,0.05180545205446817,1.367
3,301f4249c4ba,13,26,10,61,0.05476799938092128,1.3243
3,313beb228912,7,19,3,61,0.0542160976816428,1.0583
3,313beb228912,7,19,3,61,0.06667765080880718,1.0733
3,32063825c19b,8,20,4,61,0.049924576430202934,1.077
3,333ab963d46a,21,27,19,61,0.05009710609567346,1.3675
3,34f123fd3ec6,13,28,8,61,0.07585843369464768,1.6411
3,355c4baa1137,13,26,10,61,0.0394325306678508,1.3281
3,358382acbe6d,13,26,10,61,0.05725186566587818,1.3148
3,3599cbb68d8e,13,25,9,61,0.05113211067346354,1.3257
3,35db80de5ba2,5,20,0,61,0.05678794304390268,1.0749
3,38592ebf7d29,12,25,9,61,0.0611347712879404,1.2973
3,396660f27472,7,19,3,61,0.052727650019746726,1.0627
3,39d826a64d6e,12,24,8,61,0.05629610519727008,1.3039
3,3a21350e145f,14,27,11,61,0.0561183970320228,1.5287
3,3b5295f798ae,12,27,7,61,0.06202793123037764,1.349
3,3b7c3105dcd1,4,16,0,61,0.0587625484615761,0.9598
3,3b7c3105dcd1,4,16,0,61,0.05229906864762413,0.9667
3,3bdb74a459a0,7,19,3,61,0.05238384278323357,1.0046
3,3c440e336342,7,19,3,61,0.047708332081737415,1.1007
3,3dad3a50a509,14,26,10,61,0.050764078025274,1.2917
3,3dad662f670d,7,19,3,61,0.05159721281719557,1.0754
3,3dc4f3b3316b,7,19,3,61,0.0715960023090479,1.0463
3,3dc4f3b3316b,7,19,3,61,0.050255427334975275,1.0543
3,3fed59941401,11,25,9,61,0.03998204347875462,1.1967
3,41af7cfb0346,8,20,4,61,0.052077709776180016,1.107
3,424f11391ed6,7,19,3,61,0.05216089828666761,0.9893
3,426f7e467397,14,27,11,61,0.05259909416305459,1.4477
3,42a89b455fa3,7,19,3,61,0.050682063870577485,1.0625
3,434a11874a18,15,27,11,61,0.04803038097818298,1.3992
3,43e4afecd68d,12,26,10,61,0.07956934345776433,1.2423
3,44707254ff9f,13,26,10,61,0.04731707714575292,1.3514
3,4530be8601cb,8,23,3,61,0.05214144041402721,1.1942
3,45372e7db110,13,26,10,61,0.0646613661781597,1.3141
3,4642ee0fe6a1,18,26,18,61,0.05229030781811802,1.4277
3,4717d93dbac6,14,23,11,61,0.052447449068209764,1.2419
3,4949e7289a07,16,23,15,61,0.04703204375209344,1.3852
3,4a81dc62cff5,10,19,7,61,0.061155678538404944,1.3781
3,4a90659d16ae,16,26,14,61,0.053344674487871474,1.3707
3,4b0a53601342,10,19,7,61,0.05783220371377245,1.2515
3,4b4672d8aa22,7,19,3,61,0.05297096139402643,1.0484
3,4b8bfdff4376,13,26,10,61,0.048967513573892806,1.2678
3,4da117fd5f9e,9,24,4,61,0.0919817335816795,1.1852
3,4dd29eee6719,11,25,9,61,0.05784267460094877,1.2172
3,4e7e4f9b6524,8,20,4,61,0.10030655935340055,1.0157
3,4f62469bd21d,14,26,10,61,0.04333746448538573,1.2481
3,5041a152e3e8,12,27,7,61,0.05699893679078004,1.2341
3,52143ae4ac4b,7,16,4,61,0.05425855184917832,1.078
3,521b9da2ece9,10,26,6,61,0.06121109757019352,1.4688
3,529f94be7b94,13,22,10,61,0.04963151199647928,1.221
3,52f116e1dabc,16,26,14,61,0.04524239786228313,1.3226
3,5434f6036ce1,8,20,4,61,0.04536933618506303,1.0342
3,544dc771adae,14,23,11,61,0.045997744891980004,1.1843
3,549cbf760d16,13,26,10,61,0.055453374742914445,1.3023
3,54e011fc56a6,7,19,3,61,0.05145407247499259,1.0124
3,55844bffa227,15,25,13,61,0.05694974205499085,1.3395
3,55ca98d67913,14,23,11,61,0.05816446296174817,1.368
3,56a1a41cbf30,9,24,4,61,0.055465006234475894,1.2298
3,57042f8c2ffb,12,27,7,61,0.05183065147750221,1.3301
3,58164f0d2db6,14,26,10,61,0.047532131637892626,1.3571
3,581655648b3f,14,23,11,61,0.04718201971620886,1.3054
3,586f94ba5274,15,27,11,61,0.05358586933306064,1.3561
3,5a001391bcb8,8,20,4,61,0.058507304686780816,1.1307
3,5a30ba13e6e1,18,25,17,61,0.04768388901330602,1.3697
3,5a433251a78f,9,19,7,61,0.05718857426636118,1.1292
3,5b21de1a866b,16,25,13,61,0.05022269321463649,1.3247
3,5c110cd4d3ad,13,23,11,61,0.05461958331228451,1.2312
3,5c8acd9c9626,13,26,10,61,0.055122456887284614,1.3417
3,5cd0d300482b,18,27,15,61,0.05409912158879929,1.3525
3,5edd8b055e68,7,16,4,61,0.047026867517861594,1.0381
3,5f09add77df2,11,23,7,61,0.096039552926424,1.1858
3,5f3ba2c471c3,10,26,6,61,0.06455184996093127,1.2408
3,5f60874932a6,4,16,0,61,0.05698512451036191,0.9682
3,6075780720d8,8,20,4,61,0.051538526913488536,1.1094
3,6075780720d8,8,20,4,61,0.05114249938740549,1.0626
3,60a4846f8a9a,10,23,7,61,0.06112882643906053,1.2406
3,60a8006fddac,7,16,4,61,0.05057295307062923,1.0257
3,61d8ee298451,14,20,12,61,0.05453780797146834,1.2343
3,631ea99bc43c,12,24,8,61,0.1922490319212905,1.2075
3,63f91ae70bc9,13,26,10,61,0.05187990292120393,1.2587
3,64748b697657,19,25,17,61,0.04915829440946519,1.3965
3,64ca1196b226,13,26,10,61,0.049881714909875516,1.3097
3,660686604c65,10,22,6,61,0.050226206928218275,1.1321
3,6656ca701b62,15,25,13,61,0.055708981667319,1.2785
3,67496e0c1b3f,8,23,3,61,0.0528267505592125,1.1361
3,67d58a8439aa,4,16,0,61,0.06723295222904052,0.9362
3,6b867ae6976c,7,19,3,61,0.05656557421467528,1.1247
3,6bced5a08fbb,7,19,3,61,0.05113238800589609,1.0207
3,6c06e2848b17,11,26,6,61,0.0555770177059418,1.2264
3,6c1699daf1ec,16,23,15,61,0.05156575425665479,1.3438
3,6c71145ed992,8,20,4,61,0.046329140621725724,1.0853
3,6d6a31ff0afd,10,19,7,61,0.061567394163628504,1.1146
3,6dd137af510f,7,19,3,61,0.0660671145553442,1.1012
3,6ddc5dfab040,20,27,19,61,0.04886248572416026,1.4435
3,6df3d7537ca4,7,16,4,61,0.05677902058424394,1.0428
3,6df3d7537ca4,7,16,4,61,0.04722954912031567,1.0458
3,6e230e287b73,11,27,7,61,0.05798382693248419,1.3173
3,6e561e4494db,13,26,10,61,0.07211185916130954,1.3461
3,6eedb67e8971,14,26,10,61,0.05169300696701936,1.2689
3,6f35829dac41,9,24,4,61,0.05541116603671112,1.1986
3,6f8da0858071,15,27,11,61,0.043400459743611904,1.3644
3,706467588519,9,22,6,61,0.056667570345574875,1.1224
3,70b55bb28b8e,10,26,6,61,0.05361472340145028,1.2251
3,70d683288f9f,13,26,10,61,0.046434593448264866,1.318
3,712d8aea6e74,15,24,12,61,0.07587931992195578,1.3092
3,7153c5bd5f0c,15,27,11,61,0.04962902544164993,1.4792
3,71a6ef0f6806,10,26,6,61,0.04964108128097006,1.3389
3,722994f69c31,13,26,10,61,0.05852617586344623,1.2167
3,72f7705457f9,15,22,14,61,0.05118820116265453,1.458
3,735e629afc5b,11,23,7,61,0.05017034903194513,1.1875
3,751d49ba31af,13,26,10,61,0.05914147885328416,1.3069
3,759f403ce7b8,11,25,9,61,0.05132696976874311,1.1739
3,7620e6e060af,11,23,7,61,0.052702458502933675,1.2169
3,7623f278a174,7,16,4,61,0.054779104191603215,1.1016
3,7623f278a174,7,16,4,61,0.05575105553399172,1.0871
3,76c74b79cb97,7,16,4,61,0.04942318286508821,1.0024
3,772495a64140,7,16,4,61,0.0521699275119459,1.0565
3,772495a64140,7,16,4,61,0.07110197812386894,1.0509
3,7aa4385c2757,14,20,12,61,0.05258090745712595,1.2097
3,7dd87443d4d2,14,27,11,61,0.05607408516775644,1.5618
3,7e428a0a1e55,13,19,11,61,0.05768659037526705,1.2299
3,7f3aed384f51,4,16,0,61,0.05140951442372854,0.9597
3,7f730f43f251,8,20,4,61,0.05512779555684517,1.15
3,7fe64746228a,12,24,8,61,0.05262137852728749,1.276
3,8003fa6cf58d,13,26,10,61,0.05301928899910139,1.3056
3,80efcde460dd,4,16,0,61,0.05569638625444516,0.9311
3,80efcde460dd,4,16,0,61,0.06964361053776094,0.9353
3,810a36e5e7a4,14,27,11,61,0.05447067545831698,1.3673
3,81c2437a9e3e,7,19,3,61,0.04879073219104331,1.0784
3,82385199fc7f,17,27,15,61,0.050220123584435124,1.4392
3,82741cbc2658,14,23,11,61,0.06100199400126221,1.2959
3,82a6995d4eda,16,28,12,61,0.11284014508648214,1.3576
3,85d35e937a6e,20,27,19,61,0.04879420046589535,1.4607
3,85e8d179692f,10,19,7,61,0.04910689918267745,1.1105
3,86190013eba1,11,20,8,61,0.05477947903094048,1.1849
3,87e4d55c667d,12,26,10,61,0.06850125600999485,1.3503
3,880b6af94720,10,19,7,61,0.04004181755171801,1.1111
3,88e76547d173,9,22,6,61,0.05575138973146249,1.243
3,896727392d22,14,26,10,61,0.04130238239800668,1.2541
3,89d3777650cd,8,23,3,61,0.05557251616932809,1.1154
3,8a4645b29d2c,11,26,6,61,0.051829325266144505,1.2762
3,8b00213559ef,10,23,7,61,0.04659956739346464,1.1024
3,8b3f5c70e7ed,13,23,11,61,0.04956526020081483,1.1995
3,8b975a728ca1,7,16,4,61,0.0529233930238368,1.2085
3,8b975a728ca1,7,16,4,61,0.05422055996624052,1.0832
3,8e249f067bad,18,27,15,61,0.061110434924090185,1.4258
3,8e6c56226a8f,14,23,11,61,0.05665403669023291,1.2294
3,8f292d60df82,13,26,10,61,0.049700260070411076,1.3168
3,8f6f906b21a6,11,23,7,61,0.06593811163485389,1.2449
3,8fea3c837ab6,15,24,12,61,0.0545236766529925,1.5445
3,9004f02d23b4,11,20,8,61,0.05835078804093655,1.1738
3,906f20894401,10,23,7,61,0.04601768487612362,1.2122
3,910cf8c0bfc7,10,26,6,61,0.04319047217430191,1.2983
3,913216eec92b,13,26,10,61,0.047111910969752965,1.278
3,91abf759e238,10,19,7,61,0.05847219099140469,1.1698
3,9298c6e7278a,12,25,9,61,0.055156712007520814,1.1452
3,93916413df33,12,25,9,61,0.054385066221907225,1.1907
3,955df1cb61af,13,22,10,61,0.0569541882310092,1.2502
3,95b94d178edd,10,16,8,61,0.05070856087411276,1.1227
3,95b94d178edd,10,16,8,61,0.04562263747991952,1.1058
3,96bcf1dda7e4,12,25,9,61,0.06156665978666193,1.2601
3,97a9fea463c4,7,19,3,61,0.05236875551128673,1.0631
3,97fc797ea1be,8,20,4,61,0.057925854730790226,1.0395
3,9897b38621dc,14,25,13,61,0.05746373159556639,1.4635
3,99bd7cb33a0a,14,22,14,61,0.06206506438529253,1.2974
3,9ad604f29ffc,10,22,6,61,0.05117915322174005,1.1079
3,9b6955f2f2f2,13,26,10,61,0.05027231400353396,1.3185
3,9ceb2d4f4a42,7,16,4,61,0.0560512050022077,1.0491
3,9ceb2d4f4a42,7,16,4,61,0.05579192372141658,1.0607
3,9d3d9df7db75,9,22,6,61,0.05156634719266626,1.0453
3,9d5a063356a2,17,23,15,61,0.049069231161371976,1.3604
3,9eaeedb418c6,13,22,10,61,0.06939868205680383,1.1771
3,9f4f9f70821d,15,26,14,61,0.049151647077706556,1.438
3,a1e46cafcf41,12,27,7,61,0.06443587458728782,1.3592
3,a237d1cf7a3d,5,20,0,61,0.047453696167266454,1.0542
3,a278520a2108,10,26,6,61,0.057455797306454254,1.2836
3,a28d26fa1ddd,10,23,7,61,0.04919327105104222,1.2039
3,a2fe832011fe,15,27,11,61,0.07437989257861294,1.4
3,a57b9bfff4ea,4,16,0,61,0.05244659995741529,0.9276
3,a5d4bf93423d,12,22,10,61,0.04569365558175335,1.2725
3,a6a0373c4b3f,13,26,10,61,0.04728898039497595,1.2569
3,a6c78bdc6771,11,23,7,61,0.062386047638800415,1.1898
3,a6c78bdc6771,11,23,7,61,0.05137427028445127,1.2318
3,a7b79167a48b,7,16,4,61,0.0719236492920285,1.0312
3,a7e735c5993c,15,27,11,61,0.056033247868854,1.3677
3,a8e581a92e19,11,27,7,61,0.04835632834632822,1.3513
3,a93f2b769ffe,17,27,15,61,0.0526245962529563,1.4221
3,a97f419a9111,13,23,11,61,0.051885728393872003,1.342
3,aa20b6ff6550,9,22,6,61,0.045385398498361686,1.1254
3,aac25e7d8468,4,16,0,61,0.059152052995603825,0.9361
3,aac25e7d8468,4,16,0,61,0.056172075232841435,0.9557
3,aac25e7d8468,4,16,0,61,0.05430450285700924,0.9432
3,ab0f72e83e4e,10,23,7,61,0.05275457735265151,1.1702
3,ab29340d508e,14,27,11,61,0.05774901400830679,1.3374
3,ad2fada5ca55,10,16,8,61,0.049775880433417415,1.122
3,ad31888f15f0,10,19,7,61,0.05211274626423433,1.1315
3,ae6343d66770,7,16,4,61,0.05492850303082487,1.0917
3,ae6343d66770,7,16,4,61,0.05495943688209735,1.0417
3,aea67b7c2242,9,22,6,61,0.05356913318605361,1.1567
3,aecbcafd815c,12,26,10,61,0.06529049457500367,1.2567
3,af394da31636,10,19,7,61,0.05673686671896762,1.1341
3,af51ef81bd96,13,26,10,61,0.0502222027898479,1.3195
3,aff2f1d6be55,12,27,7,61,0.05282017824926507,1.3123
3,b0a3239ea13a,11,20,8,61,0.04919534480065993,1.1366
3,b0fc08291f0f,7,16,4,61,0.056260532143836466,1.2745
3,b38162d761bf,11,25,9,61,0.05752929428409153,1.2236
3,b393daf5dc0a,7,19,3,61,0.05722758371059249,1.0697
3,b39ac086e971,7,19,3,61,0.05031527844297174,1.0655
3,b62ea45650c8,20,26,18,61,0.05341278931431819,1.3614
3,b753da297116,13,26,10,61,0.04882139044468707,1.268
3,b75ccb812196,10,23,7,61,0.0469861663940325,1.2692
3,b78084171a0a,15,24,12,61,0.0490148917139451,1.3342
3,b78b6445a2dd,7,16,4,61,0.07480677871465143,1.0457
3,b911c67dae93,12,27,7,61,0.04434667227955135,1.314
3,b919d24ae10e,7,19,3,61,0.05188701144245207,1.1057
3,b950fa2fe48a,13,26,10,61,0.05199624401961732,1.2945
3,b9a8803dad88,5,20,0,61,0.05861062925327773,1.0734
3,ba52455da174,14,27,11,61,0.05801708334975116,1.2924
3,ba93c591a12a,7,19,3,61,0.05078857566959143,1.0824
3,bb6878b2ba76,8,23,3,61,0.04690483135184617,1.205
3,bcf2d516e773,13,26,10,61,0.03790165518905407,1.3785
3,bd898d371eb4,13,26,10,61,0.047657479190542335,1.2982
3,bdcad8be0e2e,16,22,14,61,0.05110690373496915,1.3501
3,bdec55df117d,8,20,4,61,0.05865416258349551,1.1293
3,be2d3fd6e5a9,4,16,0,61,0.06681105821589352,0.9837
3,be2d3fd6e5a9,4,16,0,61,0.055050250705687774,0.9549
3,be2d3fd6e5a9,4,16,0,61,0.05230374617700237,0.9603
3,bea0354f021c,15,27,11,61,0.05174666206435288,1.4261
3,bf1593c370d7,13,23,11,61,0.0458262946897278,1.3077
3,c027b3ff6837,16,28,12,61,0.07471742554550902,1.3047
3,c06044b25e7e,8,23,3,61,0.060135168288807085,1.2239
3,c06044b25e7e,8,23,3,61,0.05481275215161531,1.2208
3,c0a477e8dbab,14,26,10,61,0.04378148958729183,1.3057
3,c179f37e9c4c,13,26,10,61,0.07372293890389159,1.3277
3,c19525470e9c,11,20,8,61,0.043922240766347306,1.1603
3,c1ac7d024ebd,10,26,6,61,0.05435058753557673,1.2726
3,c30e3ca04a56,16,23,15,61,0.044423862211205936,1.3559
3,c3afd502c838,13,26,10,61,0.049335657088079826,1.2173
3,c3f3e61f1634,10,23,7,61,0.03621624265961389,1.2619
3,c4117f5baf3a,11,23,7,61,0.04587849793076058,1.2269
3,c4a6e0705920,10,19,7,61,0.055433612432129756,1.1423
3,c5010030de11,7,19,3,61,0.049124443055878014,1.0824
3,c527d4e4bea6,5,20,0,61,0.050351744049419986,1.0145
3,c67c2d007731,7,19,3,61,0.05715270529218132,1.1616
3,c6ac8b125d08,14,26,10,61,0.06484946233894164,1.3328
3,c6dd29608859,9,22,6,61,0.05152698319443125,1.1786
3,c7e02d89194a,10,26,6,61,0.04898434125980235,1.2115
3,c7f863da692b,12,19,11,61,0.051359325067779876,1.1747
3,c90a530e4042,7,16,4,61,0.05348294365006188,1.0602
3,ca9ca5aa1589,13,26,10,61,0.053260462937063206,1.3991
3,cb8e9e645c06,12,25,9,61,0.04864364251591997,1.3164
3,cc341f835d1a,5,20,0,61,0.04957673178115296,1.2666
3,cc7ef5e32419,10,16,8,61,0.05195805072114133,1.1186
3,cd29c5395934,9,22,6,61,0.039620274657379134,1.1509
3,cd763c399386,10,19,7,61,0.05939659032797947,1.1848
3,cd83f6e9cb10,10,28,4,61,0.04789669013486901,1.2965
3,ce2203b998be,10,23,7,61,0.06000260363013285,1.207
3,ced39318537e,20,26,18,61,0.050340545656707494,1.3935
3,d0226a818dbd,15,25,13,61,0.05388714549593387,1.3574
3,d0505626bf76,17,27,15,61,0.0701905203241879,1.4036
3,d0f0af1fc92d,12,27,7,61,0.09653982428124436,1.2636
3,d1b5248a49c2,11,20,8,61,0.053523550780428725,1.1163
3,d28bc0c48242,10,19,7,61,0.05263341451840922,1.1351
3,d3de2b12f218,14,26,10,61,0.05634557878689815,1.3447
3,d45c1574c4c0,5,20,0,61,0.05605853447814462,1.0594
3,d4a0a85e103c,14,27,11,61,0.053367315721856184,1.3322
3,d5bb027f1e42,10,22,6,61,0.053827487455869696,1.1468
3,d6045baa161d,13,26,10,61,0.04504358580672731,1.2874
3,d77140f2a161,14,22,14,61,0.06238354098261626,1.3137
3,d87f6b00d8b8,7,19,3,61,0.049265050633640985,1.0317
3,d885d2bef868,10,16,8,61,0.049842572321283404,1.1491
3,d97ccd04f4f5,7,16,4,61,0.05112936100484453,1.033
3,d97ccd04f4f5,7,16,4,61,0.05164921272767184,1.0443
3,da139ba8a183,13,26,10,61,0.04616206728661315,1.342
3,dbc2aeda97e0,12,24,8,61,0.05020895260143762,1.2586
3,dc0ee5adfdba,13,26,10,61,0.050604150514555,1.3606
3,dc63c6e12cac,11,23,7,61,0.08710654408535563,1.2016
3,dd3d12e5859e,13,26,10,61,0.045286225748710524,1.269
3,e1a6ea0952b4,8,20,4,61,0.059956078855374274,1.2189
3,e2cdb1fcca06,10,23,7,61,0.054972632115207,1.1619
3,e2d92815388d,7,19,3,61,0.0629123560484906,1.1129
3,e3723fe4f294,13,26,10,61,0.04747130207854988,1.3224
3,e3cb5e229ee2,15,25,13,61,0.044225161080165186,1.4032
3,e3cce44ca556,12,26,10,61,0.05840754525718052,1.3539
3,e425705d298f,10,26,6,61,0.0586377406739752,1.2495
3,e556967495b4,7,19,3,61,0.04517584548861028,1.0857
3,e5b332a9f1da,14,25,13,61,0.047905265849008616,1.3516
3,e5eb108f43cd,4,16,0,61,0.05216298674636017,1.0679
3,e603adab834b,8,20,4,61,0.051989595730799046,1.1006
3,e63d377f086f,7,19,3,61,0.05508363441317968,1.0312
3,e69df03d0c42,8,23,3,61,0.6925318132506436,1.2069
3,e6d3c1ca478a,12,26,10,61,0.050586047188131,1.4049
3,e6e3aa257489,10,22,6,61,0.051224199058276326,1.1928
3,e6ef0fc23911,4,16,0,61,0.0497343391039062,1.0515
3,e6ef0fc23911,4,16,0,61,0.052902895236550646,0.9876
3,e7a113149909,12,19,11,61,0.0490707612071472,1.3015
3,e8e8325475cb,17,26,14,61,0.04546561439564723,1.5513
3,e910e2e73672,14,26,10,61,0.04865559668350248,1.4493
3,e9f9c2469831,15,27,11,61,0.04520570465784372,1.2927
3,ebce9720fdc9,11,27,7,61,0.06908291689654458,1.4049
3,ec3d3cfa1e99,13,19,11,61,0.048608542059509284,1.1891
3,ec96cf205b0d,9,22,6,61,0.044824151602985744,1.1434
3,ed6ab90e67c6,15,27,11,61,0.06717491298861362,1.3937
3,ed9992583ace,14,27,11,61,0.04761259876664611,1.3986
3,ee0b75f485f5,11,23,7,61,0.05695030902218311,1.2292
3,ee8c8df13159,16,26,14,61,0.0634306098326129,1.4179
3,ef34cf24eca2,14,26,10,61,0.04175758776653184,1.2685
3,effb0556a789,11,23,7,61,0.053932520906241635,1.221
3,f01b47bd0a4e,4,16,0,61,0.053103621959230185,0.94
3,f04bb4cf9438,10,19,7,61,0.05041113980178925,1.1694
3,f0511dfd06a9,20,27,19,61,0.04952426200526477,1.4294
3,f0f54d37bab2,4,16,0,61,0.057916476544659146,0.9893
3,f1fc622143be,8,23,3,61,0.052744150595617344,1.1742
3,f2033f1da9f0,11,23,7,61,0.05001040974208889,1.2234
3,f21fb4387ffc,11,27,7,61,0.08164802894902828,1.3007
3,f2442c369b58,7,16,4,61,0.054650722017019364,1.0313
3,f4cb7a4c121f,11,23,7,61,0.07659779622908955,1.1689
3,f4f36215f5d6,4,16,0,61,0.054195582518074145,0.9119
3,f564e1094a08,7,16,4,61,0.06018525787804369,1.0475
3,f5c22e9e174c,13,22,10,61,0.04167939908240191,1.3667
3,f7d45e3155b1,17,26,14,61,0.04705962946918032,1.4164
3,f7f82da2af20,13,26,10,61,0.04737439754428633,1.2776
3,f807f337afdd,8,20,4,61,0.04599322018090872,1.1236
3,f89ac54dcd0d,8,20,4,61,0.05220494461579925,1.1443
3,f9d83f152c7b,11,23,7,61,0.05720302395162375,1.4938
3,fa28b07caf3d,9,22,6,61,0.049862208621218373,1.1268
3,fa4093f35790,9,22,6,61,0.0632773268179184,1.0997
3,fa92bc889c8c,11,27,7,61,0.06496115988924149,1.3271
3,fadef7f4fb6f,11,23,7,61,0.04354238098582888,1.1665
3,fbccc78389bb,18,25,17,61,0.050979721422261336,1.3839
3,fce6f2d2e521,15,27,11,61,0.049095233042976666,1.3208
3,fd77ebb0115c,7,19,3,61,0.05737013128767016,1.0942
3,fd77ebb0115c,7,19,3,61,0.059793944917643116,1.084
3,fdad693dfd24,14,26,10,61,0.06623974779623339,1.4498
3,fe55878266ac,8,23,3,61,0.05447277390631197,1.1787
4,0219ada14906,8,23,3,61,0.040217769292739354,1.2508
4,0347927e3361,14,26,10,61,0.04997792589075459,1.2591
4,03cc380b0e3f,9,22,6,61,0.05282082111672529,1.1462
4,03d3d740b84c,5,20,0,61,0.05126213860256617,1.0287
4,04f15b1f3beb,16,25,13,61,0.05095874070556878,1.5875
4,07b16a99f569,4,16,0,61,0.04828108617530739,0.9432
4,07b16a99f569,4,16,0,61,0.05079849252188434,0.9416
4,07cb88bb0ba1,14,25,13,61,0.045164388558297554,1.3488
4,0829f65f5f26,13,25,9,61,0.05152491253740929,1.1808
4,08c634f3d64e,9,22,6,61,0.04648268538661666,1.4163
4,08e20ad7d716,4,16,0,61,0.04442406959267971,0.9126
4,09b2eccb019d,15,24,12,61,0.06114357224676158,1.3051
4,0a0ec1d37b3a,11,20,8,61,0.07023619895246434,1.1818
4,0a85b79307c6,11,25,9,61,0.052232268609467995,1.2599
4,0ace4c49ce0d,10,19,7,61,0.0512810717375278,1.1408
4,0ba749304dd0,8,20,4,61,0.05963461345252888,1.0632
4,0d0fbe56dd45,15,24,12,61,0.05158217112456107,1.334
4,0dc64f0f4fed,8,20,4,61,0.05744132080490846,1.0968
4,0e56b2abc334,13,22,10,61,0.05500358616106157,1.225
4,0edee90dea52,5,20,0,61,0.05983861582682908,1.0138
4,0f5b00222590,11,23,7,61,0.055301422961117876,1.3061
4,0fab89b9ba2c,8,20,4,61,0.05731685346494047,1.1001
4,112756abbc7a,7,16,4,61,0.06334679214328404,1.1813
4,119ab852ae4c,4,16,0,61,0.06050226430172681,0.9379
4,11f6f2515a34,7,16,4,61,0.047178007481945165,1.031
4,13d5740c1f2c,9,19,7,61,0.05382429238242498,1.1184
4,13e3290c60c3,8,20,4,61,0.0506745016335997,1.0558
4,14b1a9e0baa3,15,25,13,61,0.0654767599913981,1.34
4,15280284ca39,7,19,3,61,0.05100447982973899,1.0545
4,16c4ff224e0a,8,23,3,61,0.06437537267999187,1.11
4,1779b73f5d4c,11,20,8,61,0.04997593066322,1.1799
4,17d0d9bb7700,15,25,13,61,0.048680404829530954,1.2517
4,1827a6c2cf9b,21,27,19,61,0.06454477904938807,1.4116
4,185fb8c393f2,16,25,13,61,0.045528518729995075,1.3326
4,188a7b34f941,14,27,11,61,0.04847908094802025,1.56
4,188ccfa15e5e,14,26,10,61,0.048207923543791914,1.2454
4,19241b11f4e4,7,19,3,61,0.0513376673236851,1.0448
4,19488a702a69,8,23,3,61,0.04620064310569615,1.4042
4,1948d84cfc99,7,19,3,61,0.04386807551432599,0.9932
4,19f564e45cac,13,19,11,61,0.06650015054787621,1.177
4,1a66c1fb6bd3,15,25,13,61,0.05220737223925129,1.2885
4,1bb9668ab6f2,19,25,17,61,0.0536392663673589,1.4458
4,1c908d079ccd,19,26,18,61,0.049447691513869,1.3998
4,1e34c08706ff,11,26,6,61,0.06761077274192728,1.1773
4,1fcd0d0909d3,9,19,7,61,0.06359586013964627,1.1138
4,2039b6043638,11,20,8,61,0.05279669010082601,1.2003
4,20bfdbeb8045,16,25,13,61,0.04279770434181034,1.3632
4,21265dc60d6e,10,22,6,61,0.042004033890958886,1.1081
4,2185516ab6ff,9,22,6,61,0.05603148582371287,1.1767
4,224174a55ab4,16,22,14,61,0.046851400571684354,1.2611
4,22d92a4329d5,7,19,3,61,0.05330085033128636,1.2629
4,22d92a4329d5,7,19,3,61,0.05124956381835287,1.0796
4,2325f02d575f,8,20,4,61,0.05605376622485631,1.1347
4,24c4c8767a2b,11,25,9,61,0.04786471393135573,1.2756
4,27c9434c93f8,11,26,6,61,0.07422283023193672,1.2159
4,2809196352c7,11,27,7,61,0.046837731080250404,1.2716
4,286b82e1c66e,9,22,6,61,0.06865111375781358,1.287
4,293cc854ffbe,4,16,0,61,0.05190679131258272,0.9107
4,294ab4c83231,13,16,12,61,0.0486612105433015,1.1795
4,2cd183b329d6,7,16,4,61,0.04607033014032293,1.0443
4,2d0e147fd25d,8,23,3,61,0.048897061048090024,1.3298
4,2d1cd73e777c,13,26,10,61,0.05302326568131123,1.2934
4,2db6e9f122c6,17,25,17,61,0.05116037185388548,1.3849
4,2e67f4f8e425,12,24,8,61,0.06356821135422776,1.1899
4,2f32cd0a3c4d,16,26,14,61,0.06567650937788659,1.3646
4,313beb228912,7,19,3,61,0.04011529588998902,1.039
4,31765e35e3d3,14,25,13,61,0.05311153604061359,1.3424
4,333ab963d46a,21,27,19,61,0.04583889939957054,1.3599
4,33d2d19110dc,13,26,10,61,0.05472113779404979,1.2616
4,33ef6291059e,12,27,7,61,0.050048228682189104,1.3118
4,34f123fd3ec6,13,28,8,61,0.07204246853051018,1.3224
4,35bba8dd0526,14,26,10,61,0.043088852098238414,1.2993
4,35db80de5ba2,5,20,0,61,0.054484106332527496,1.0534
4,35e0b4746c10,8,23,3,61,0.05160754480383076,1.1535
4,36959d89559b,10,19,7,61,0.049531533918317855,1.2525
4,37ce7f08d096,11,23,7,61,0.04697340595721712,1.1334
4,39d826a64d6e,12,24,8,61,0.048648072085795004,1.2847
4,3af0b22b94d6,11,26,6,61,0.058096883377072625,1.4202
4,3b6661dbc7ce,15,26,14,61,0.05079405877427506,1.4023
4,3b7c3105dcd1,4,16,0,61,0.05399702929435035,0.9646
4,3b7c3105dcd1,4,16,0,61,0.060741101396859495,0.9705
4,3b7c3105dcd1,4,16,0,61,0.05657079989221731,0.9596
4,3bdb74a459a0,7,19,3,61,0.052218345213615125,1.0135
4,3bdb74a459a0,7,19,3,61,0.05167505727060548,1.0961
4,3c440e336342,7,19,3,61,0.05885774231760615,1.052
4,3d895d1d0b7c,10,23,7,61,0.04554448335233427,1.597
4,3dad662f670d,7,19,3,61,0.051426309281113164,1.0313
4,3dc4f3b3316b,7,19,3,61,0.06791302217765036,1.0631
4,4066307e0490,11,23,7,61,0.040220326579466,1.1735
4,40ac935b79f7,7,19,3,61,0.05585589409193267,1.0659
4,40ac935b79f7,7,19,3,61,0.05397316273789242,1.093
4,413faa5bcf58,8,20,4,61,0.05396936955583239,1.1015
4,4178b9cb3503,12,24,8,61,0.044943793084905925,1.2141
4,41af7cfb0346,8,20,4,61,0.05784916090817235,1.0457
4,424f11391ed6,7,19,3,61,0.04404967576299715,0.9868
4,426f7e467397,14,27,11,61,0.04899344422862713,1.4082
4,42a89b455fa3,7,19,3,61,0.06421908262400121,1.1525
4,43e4afecd68d,12,26,10,61,0.07791017642186172,1.2323
4,44707254ff9f,13,26,10,61,0.04692352350096817,1.3092
4,4642ee0fe6a1,18,26,18,61,0.03831979287293796,1.4074
4,47e47bad8005,9,22,6,61,0.05498983293417798,1.0679
4,48ddd507c727,13,22,10,61,0.04582537215314601,1.2526
4,4949e7289a07,16,23,15,61,0.04146518917389798,1.3453
4,4a0e038bfc00,11,23,7,61,0.04763035747795554,1.2071
4,4a81dc62cff5,10,19,7,61,0.06423636824124786,1.1319
4,4b0a53601342,10,19,7,61,0.05300252235302505,1.1335
4,4b4672d8aa22,7,19,3,61,0.04831421786691327,1.029
4,4b7fec31a6bc,12,25,9,61,0.045915678328604735,1.2003
4,4b8bfdff4376,13,26,10,61,0.06980281843936298,1.262
4,4d423b4efddb,12,22,10,61,0.04517698971640354,1.199
4,4da117fd5f9e,9,24,4,61,0.07959655272007637,1.1574
4,4dd29eee6719,11,25,9,61,0.04917402316595087,1.2091
4,4e7e4f9b6524,8,20,4,61,0.04162017608084819,1.0043
4,505e705e80b3,10,16,8,61,0.05821322728964996,1.1292
4,52143ae4ac4b,7,16,4,61,0.048950829531673734,1.0529
4,529f94be7b94,13,22,10,61,0.047818685035926733,1.2238
4,5434f6036ce1,8,20,4,61,0.058013949158607137,1.0296
4,544dc771adae,14,23,11,61,0.048322109456181095,1.2109
4,54cb8c7c97e1,7,19,3,61,0.051716315842119776,1.0808
4,54cbc2f73555,15,24,12,61,0.052159084325963764,1.2343
4,55208cac3c7a,12,22,10,61,0.06079036170018126,1.2222
4,55844bffa227,15,25,13,61,0.04947309575310179,1.3275
4,57042f8c2ffb,12,27,7,61,0.04606799670946576,1.4142
4,57fa511568b7,11,23,7,61,0.06543608046275796,1.1374
4,581655648b3f,14,23,11,61,0.05411497745326947,1.2417
4,585a106b419c,8,23,3,61,0.06395461641688968,1.1187
4,586f94ba5274,15,27,11,61,0.04456149372867111,1.318
4,5a30ba13e6e1,18,25,17,61,0.05665202433994946,1.3274
4,5a433251a78f,9,19,7,61,0.047450207055566164,1.1255
4,5bbec92e77b8,17,26,14,61,0.03572598963803977,1.3297
4,5c110cd4d3ad,13,23,11,61,0.044817023902959906,1.2151
4,5c8acd9c9626,13,26,10,61,0.053710160084897166,1.3735
4,5d911cf5c0ee,11,25,9,61,0.043123563574115654,1.2545
4,5dd2952a322b,16,23,15,61,0.05209033588136294,1.3219
4,5e8c262f8237,7,16,4,61,0.05598193353820765,1.0398
4,5eaa2ba8d841,8,20,4,61,0.06268754145000491,1.1445
4,5edd8b055e68,7,16,4,61,0.0510110840496906,1.0559
4,5f60874932a6,4,16,0,61,0.05430080004673062,0.9591
4,5fadbed4e542,15,26,14,61,0.04993202181872331,1.2781
4,6075780720d8,8,20,4,61,0.05671734842794275,1.0526
4,6075780720d8,8,20,4,61,0.06176439287352406,1.0533
4,6075780720d8,8,20,4,61,0.05402268112946467,1.0456
4,60a8006fddac,7,16,4,61,0.054138359871001414,0.9981
4,61d8ee298451,14,20,12,61,0.05417809276897081,1.209
4,631ea99bc43c,12,24,8,61,0.04718102461769883,1.2013
4,6366951523ba,8,23,3,61,0.05442382648516768,1.1795
4,6388b2e2d55f,11,23,7,61,0.08428062244842752,1.1994
4,63f91ae70bc9,13,26,10,61,0.056730161466677705,1.2727
4,64132ac46ea0,21,26,22,61,0.06074193891014265,1.4779
4,64a0e4e8f139,12,25,9,61,0.05245665752418454,1.2253
4,64ba426ba146,7,19,3,61,0.04030149723025186,1.0024
4,65052a4ff4ef,9,22,6,61,0.05037033463458976,1.1334
4,660686604c65,10,22,6,61,0.05808194708572372,1.1336
4,6656ca701b62,15,25,13,61,0.05303544292344523,1.2442
4,674ea51e5704,13,22,10,61,0.05046623917177297,1.1792
4,67d58a8439aa,4,16,0,61,0.05000018860131647,1.2583
4,67d58a8439aa,4,16,0,61,0.06905001629868954,0.9396
4,6b5c74288ed2,16,25,13,61,0.05152209730706906,1.2341
4,6bced5a08fbb,7,19,3,61,0.049508599812865296,0.9859
4,6c06e2848b17,11,26,6,61,0.046359503914757946,1.208
4,6c1699daf1ec,16,23,15,61,0.048692567230452864,1.2802
4,6c71145ed992,8,20,4,61,0.05515518540162459,1.0409
4,6d4d13ec052d,7,19,3,61,0.0395144776247808,1.0116
4,6d6a31ff0afd,10,19,7,61,0.05287231648902089,1.1284
4,6dd137af510f,7,19,3,61,0.05706901345234741,1.087
4,6df3d7537ca4,7,16,4,61,0.04951634488935927,1.0279
4,6e24630f70db,4,16,0,61,0.04586402385736938,1.036
4,6f35829dac41,9,24,4,61,0.055242809057741996,1.2253
4,6f8da0858071,15,27,11,61,0.06116643659967529,1.3566
4,709303b8e197,9,24,4,61,0.040126111176251686,1.1387
4,712d8aea6e74,15,24,12,61,0.04612426133151339,1.3115
4,7153c5bd5f0c,15,27,11,61,0.052877320312784054,1.3836
4,72f7705457f9,15,22,14,61,0.05876146740798627,1.2934
4,73f8eebe4211,14,26,10,61,0.0477625000627574,1.2675
4,7444fee394bf,14,20,12,61,0.05399771339423128,1.252
4,74ffdff890fb,10,19,7,61,0.055676852986412104,1.3059
4,7515b0845b26,10,19,7,61,0.05162901816706383,1.1552
4,759bde70da28,13,26,10,61,0.054835253194363776,1.2598
4,75b94cbddf17,12,25,9,61,0.05323486634566547,1.3397
4,7623f278a174,7,16,4,61,0.04124982572969603,1.0568
4,7623f278a174,7,16,4,61,0.045143300576889554,1.0857
4,769f35435aa9,8,20,4,61,0.06408379863240983,1.0277
4,76c74b79cb97,7,16,4,61,0.05259922173088526,1.0981
4,76f6d1c6ab95,13,26,10,61,0.049018042504583595,1.2394
4,771eeb3b27ca,10,19,7,61,0.05149470886424817,1.0944
4,772495a64140,7,16,4,61,0.049963162792608436,1.067
4,772495a64140,7,16,4,61,0.05905731453514729,1.0734
4,77b54622c966,11,27,7,61,0.05236879966565266,1.2344
4,77c94920a010,8,20,4,61,0.03659431956187584,1.0227
4,7aa4385c2757,14,20,12,61,0.03839721065280835,1.2183
4,7b768fd459a1,13,22,10,61,0.04694347684573678,1.2272
4,7b99652b0b20,14,26,10,61,0.04992272187560362,1.5065
4,7bd16c013b44,10,19,7,61,0.04995956271365512,1.1537
4,7d61dcb3b8e9,14,23,11,61,0.04218448642034651,1.5123
4,7e428a0a1e55,13,19,11,61,0.06687050629555295,1.2254
4,7f3aed384f51,4,16,0,61,0.046044897275041685,0.9549
4,7f3aed384f51,4,16,0,61,0.046754039804138385,0.9942
4,7f9a014d9911,15,27,11,61,0.08940868487284755,1.379
4,7fca3ec0fadb,6,24,0,61,0.05165772491644213,1.1328
4,7fe64746228a,12,24,8,61,0.05555933972063379,1.2678
4,8003fa6cf58d,13,26,10,61,0.05479002143949249,1.317
4,80efcde460dd,4,16,0,61,0.05445892423039574,0.932
4,820b742ed424,14,26,10,61,0.04811528915043989,1.2529
4,82385199fc7f,17,27,15,61,0.6927532549245758,1.4288
4,82741cbc2658,14,23,11,61,0.046785957058766994,1.2979
4,82a6995d4eda,16,28,12,61,0.060372901350568275,1.358
4,83095b4f86b5,10,23,7,61,0.05857004082504777,1.7182
4,841e73beb4c1,16,25,13,61,0.0523295884885994,1.2424
4,84aa1400ba69,7,19,3,61,0.050536841483807944,1.0658
4,85ff7daef4f7,12,22,10,61,0.06478680367695258,1.2316
4,85ff7daef4f7,12,22,10,61,0.058615799380195045,1.2769
4,86b1e6100170,19,26,18,61,0.04820334315358685,1.4298
4,880b6af94720,10,19,7,61,0.04789587974577175,1.1146
4,880b6af94720,10,19,7,61,0.053650052532683706,1.0938
4,891a9c9ecea2,10,26,6,61,0.09581532365621388,1.2066
4,8b00213559ef,10,23,7,61,0.05906084555722387,1.096
4,8b25c83c1d93,16,25,17,61,0.050175252916463,1.4067
4,8b3f5c70e7ed,13,23,11,61,0.04507761632906701,1.2107
4,8b975a728ca1,7,16,4,61,0.07183902839219188,1.1572
4,8b975a728ca1,7,16,4,61,0.05285415069989577,1.0419
4,8b975a728ca1,7,16,4,61,0.05030370709788035,1.0502
4,8e249f067bad,18,27,15,61,0.052126939205943516,1.4245
4,8e6c56226a8f,14,23,11,61,0.05840017440186355,1.2245
4,8fea3c837ab6,15,24,12,61,0.04573358518682543,1.2857
4,9004f02d23b4,11,20,8,61,0.056315264438662097,1.1718
4,9298c6e7278a,12,25,9,61,0.060829591038623954,1.2315
4,92d9bd8faf1f,12,24,8,61,0.05192035179820336,1.1997
4,938e39d91028,14,26,10,61,0.035782053795782164,1.2651
4,93916413df33,12,25,9,61,0.06516253006396074,1.1603
4,955df1cb61af,13,22,10,61,0.05289688295406972,1.512
4,95b94d178edd,10,16,8,61,0.05020375626204082,1.1026
4,95b94d178edd,10,16,8,61,0.05797019199909984,1.1135
4,95c2d4f2ad23,19,26,18,61,0.04036174465419067,1.3812
4,95c9b507f2bf,13,25,9,61,0.050701267063372996,1.2613
4,9674f89a7c48,13,26,10,61,0.05595754163118511,1.281
4,97a9fea463c4,7,19,3,61,0.1040527660419597,1.0512
4,97fc797ea1be,8,20,4,61,0.04274727639040204,1.0312
4,9811306aa982,10,22,6,61,0.6807394735956603,1.1558
4,9897b38621dc,14,25,13,61,0.04428840613669385,1.3432
4,99bd7cb33a0a,14,22,14,61,0.05072118610683593,1.2988
4,9ad604f29ffc,10,22,6,61,0.05400957719132482,1.1146
4,9ceb2d4f4a42,7,16,4,61,0.05941354621191022,1.0247
4,9ceb2d4f4a42,7,16,4,61,0.054041480744849074,1.022
4,9d3d9df7db75,9,22,6,61,0.0606122873157571,1.0414
4,9d5a063356a2,17,23,15,61,0.04574939166451507,1.243
4,9d637c98d4cc,11,25,9,61,0.06019134822721327,1.1733
4,9de1f30e492d,15,25,13,61,0.04888111120988828,1.31
4,9e0fdb2670bf,11,25,9,61,0.0491845212753931,1.2067
4,9eaeedb418c6,13,22,10,61,0.04587343305470029,1.1677
4,a1b15ee0e66f,4,16,0,61,0.053047313089656746,0.9043
4,a1e80d2aeb8f,8,20,4,61,0.042052358504419095,1.0652
4,a2fe832011fe,15,27,11,61,0.09797190262325266,1.4067
4,a57b9bfff4ea,4,16,0,61,0.04779821956136413,0.9022
4,a5d4bf93423d,12,22,10,61,0.05295268360514038,1.2747
4,a5f93a95abca,10,19,7,61,0.04927748934165274,1.2022
4,a61003012d32,16,26,14,61,0.05908562261193852,1.2824
4,a70ed100eec4,7,19,3,61,0.05483482156481233,1.0695
4,a79ee94a6008,17,25,17,61,0.062155883584943714,1.3825
4,a7b79167a48b,7,16,4,61,0.05251282026272424,1.0268
4,a7e735c5993c,15,27,11,61,0.052275163749369385,1.3827
4,a8e8fc3c7900,18,27,15,61,0.06038877492006925,1.4088
4,a928201f815a,14,25,13,61,0.053836456078874856,1.328
4,a96631a80107,17,26,14,61,0.04725549378839104,1.4505
4,aac25e7d8468,4,16,0,61,0.04926305043524927,0.935
4,aac25e7d8468,4,16,0,61,0.053865028778561946,0.9359
4,aaddf4cff305,8,20,4,61,0.0492402380958694,1.0506
4,ab2b42b3a676,11,23,7,61,0.049345980229783974,1.1188
4,abb85f56c4dc,15,27,11,61,0.04746529907675384,1.368
4,abf6f0309077,10,22,6,61,0.05108520079235092,1.1011
4,ad31888f15f0,10,19,7,61,0.04893521522379158,1.1301
4,add1a89fee30,16,28,12,61,0.06543342957349442,1.4009
4,ae6343d66770,7,16,4,61,0.05104626288063705,1.1233
4,ae6343d66770,7,16,4,61,0.045184816093491814,1.1584
4,aea67b7c2242,9,22,6,61,0.06071902208163068,1.1425
4,af2accd608a6,5,20,0,61,0.04806669328443749,1.0513
4,aff2f1d6be55,12,27,7,61,0.057676527881024446,1.2815
4,b0fc08291f0f,7,16,4,61,0.05326665502976793,1.0354
4,b30c8bbd1224,9,22,6,61,0.05460309804791701,1.1698
4,b38162d761bf,11,25,9,61,0.05000393416368652,1.2342
4,b384190fc68d,16,25,13,61,0.05492800907971944,1.3934
4,b393daf5dc0a,7,19,3,61,0.044956566889814004,1.0655
4,b39ac086e971,7,19,3,61,0.055219603904335016,1.1557
4,b3c58e3eea9a,11,23,7,61,0.06695918290102588,1.1279
4,b62ea45650c8,20,26,18,61,0.055668233178016155,1.4062
4,b6b24f1cf0f7,14,23,11,61,0.04190431693974052,1.2988
4,b726388bc8cb,14,23,11,61,0.05717103530920378,1.2951
4,b750c99070ef,15,24,12,61,0.05719679876928373,1.3002
4,b75ccb812196,10,23,7,61,0.06030690145608328,1.1502
4,b8fb23fb397f,7,19,3,61,0.056585142852670516,1.0479
4,b911c67dae93,12,27,7,61,0.057857202932033225,1.3297
4,b9944dd25657,13,22,10,61,0.06549959693803459,1.2521
4,ba93c591a12a,7,19,3,61,0.05647599188206379,1.0545
4,baadc262f94e,11,26,6,61,0.0496767938623095,1.2248
4,bdcad8be0e2e,16,22,14,61,0.05185817064225975,1.3411
4,bdfabb55c4ab,10,19,7,61,0.05143242058468342,1.2819
4,be2d3fd6e5a9,4,16,0,61,0.06484806128760717,0.957
4,be2d3fd6e5a9,4,16,0,61,0.07236410789879495,0.9504
4,be2d3fd6e5a9,4,16,0,61,0.04790084744366095,0.9652
4,be2e4b782fed,7,19,3,61,0.06378059332504607,1.0124
4,bf1593c370d7,13,23,11,61,0.05226487122691434,1.2895
4,bf18fb78ab85,12,25,9,61,0.043047154527294365,1.2292
4,c027b3ff6837,16,28,12,61,0.056438292109204445,1.3128
4,c06044b25e7e,8,23,3,61,0.06159863533133706,1.2894
4,c1ac7d024ebd,10,26,6,61,0.06034494278836687,1.2824
4,c20ea6c3cdd3,13,22,10,61,0.06574942031355852,1.2298
4,c435c322ffde,8,23,3,61,0.059163655165161456,1.1755
4,c4886fde4629,11,23,7,61,0.045931627068537276,1.146
4,c49bc52fe652,15,26,14,61,0.0442372792979797,1.3254
4,c4a6e0705920,10,19,7,61,0.04990610865826684,1.1517
4,c527d4e4bea6,5,20,0,61,0.05771943401114291,1.0121
4,c56c004afa29,13,26,10,61,0.045963596790465806,1.3612
4,c675b26216e4,9,22,6,61,0.05946741655499716,1.1455
4,c67c2d007731,7,19,3,61,0.06664823038807104,1.0339
4,c67c2d007731,7,19,3,61,0.04502707046849925,1.0281
4,c7e02d89194a,10,26,6,61,0.06699221203674394,1.1745
4,c7f863da692b,12,19,11,61,0.0548724727283425,1.1604
4,c811f03e51cb,13,22,10,61,0.060154539555120325,1.3555
4,c90a530e4042,7,16,4,61,0.05138666672324726,1.053
4,cbfda551efa8,11,23,7,61,0.05455385013983559,1.2665
4,cc1e4e208a0e,13,26,10,61,0.049846404836284705,1.2128
4,cc7ef5e32419,10,16,8,61,0.055268012111770994,1.1235
4,cd763c399386,10,19,7,61,0.049046642829301094,1.3348
4,cd83f6e9cb10,10,28,4,61,0.04800203404432141,1.2981
4,ce2203b998be,10,23,7,61,0.08040399552045213,1.2238
4,d0505626bf76,17,27,15,61,0.05039075255591731,1.4104
4,d1b5248a49c2,11,20,8,61,0.08584256706796135,1.114
4,d28bc0c48242,10,19,7,61,0.05530477307593939,1.1387
4,d3a2faff38e1,12,24,8,61,0.04888748633499475,1.2849
4,d3d93998a803,9,22,6,61,0.046689411500595135,1.0447
4,d45c1574c4c0,5,20,0,61,0.05128195237794978,1.0463
4,d4a0a85e103c,14,27,11,61,0.048021372847834615,1.3434
4,d4b3bb3a4c36,8,20,4,61,0.0622637556309206,1.1921
4,d5bb027f1e42,10,22,6,61,0.04945943801176041,1.1113
4,d5c082b51b85,9,19,7,61,0.05159388727447501,1.1592
4,d87f6b00d8b8,7,19,3,61,0.054558488437496805,1.0292
4,d885d2bef868,10,16,8,61,0.05379469622942222,1.1033
4,d9556a413df7,9,22,6,61,0.04543842789154742,1.1426
4,d97ccd04f4f5,7,16,4,61,0.04486385719951469,1.0197
4,d97ccd04f4f5,7,16,4,61,0.052727996377907524,1.0346
4,da355e5e37f1,8,20,4,61,0.05681677415441016,1.1372
4,db75b3e5387b,9,22,6,61,0.053182090257554396,1.377
4,dc63c6e12cac,11,23,7,61,0.08434067848205128,1.1829
4,dd3d12e5859e,13,26,10,61,0.045240107753533425,1.248
4,dfbb58dee89c,12,22,10,61,0.059967847926656076,1.1678
4,e0fd6ed09700,9,24,4,61,0.047140373763761304,1.1142
4,e20825461599,8,20,4,61,0.04351752601892102,1.062
4,e3cb5e229ee2,15,25,13,61,0.04465776235726862,1.3224
4,e40806e5f174,14,25,13,61,0.043647062623288435,1.3513
4,e40bfcf340cb,8,23,3,61,0.0529419592330798,1.2571
4,e425705d298f,10,26,6,61,0.054401075816300604,1.2436
4,e556967495b4,7,19,3,61,0.04870778097436411,1.0116
4,e57f3e0e13ac,14,23,11,61,0.05583510467571478,1.2592
4,e59b94318460,8,23,3,61,0.05146281143518882,1.1378
4,e603adab834b,8,20,4,61,0.040037520866160206,1.0992
4,e6125982748f,13,22,10,61,0.045628756340315,1.1799
4,e63d377f086f,7,19,3,61,0.04669841492092554,1.0289
4,e69df03d0c42,8,23,3,61,0.0782633752957031,1.2767
4,e6d3c1ca478a,12,26,10,61,0.06465210155543927,1.2513
4,e6ef0fc23911,4,16,0,61,0.060667745123858245,0.9513
4,e6ef0fc23911,4,16,0,61,0.04592167998880297,0.9698
4,e7308c339218,11,23,7,61,0.06548439839891944,1.1257
4,e7a113149909,12,19,11,61,0.05732260845252221,1.2236
4,e7dc438380b8,10,26,6,61,0.06158235266541926,1.2617
4,e8e8325475cb,17,26,14,61,0.05701054939391651,1.3842
4,e8ea2bfa5a88,5,20,0,61,0.055991229926809195,1.0384
4,e8fdd2275a0b,15,25,13,61,0.049268152244524015,1.3736
4,e9f9c2469831,15,27,11,61,0.044938107441507315,1.2861
4,ec3d3cfa1e99,13,19,11,61,0.05119187399731011,1.1735
4,ece9bd7a64a0,5,20,0,61,0.04636023838365136,1.0765
4,ed9992583ace,14,27,11,61,0.051052342353212814,1.3454
4,ef34cf24eca2,14,26,10,61,0.06274402386452191,1.2665
4,effb0556a789,11,23,7,61,0.05605489809974719,1.2349
4,f01b47bd0a4e,4,16,0,61,0.04696479459437523,0.9574
4,f04bb4cf9438,10,19,7,61,0.053121305939436786,1.165
4,f0f54d37bab2,4,16,0,61,0.05677244573204243,0.9372
4,f214c8cc0134,8,20,4,61,0.034621544569063,1.072
4,f2442c369b58,7,16,4,61,0.04565651301871489,1.0237
4,f2c588d468f1,8,20,4,61,0.05870653428286679,1.2216
4,f4cb7a4c121f,11,23,7,61,0.09543039368841721,1.1599
4,f4f35784d93a,5,20,0,61,0.05108213263001635,1.1046
4,f5c22e9e174c,13,22,10,61,0.04992643368722099,1.1893
4,f62d5ec75e4f,9,22,6,61,0.04687547816265544,1.1606
4,f7d45e3155b1,17,26,14,61,0.05701958555078942,1.3954
4,f807f337afdd,8,20,4,61,0.059953284208998675,1.1176
4,f89ac54dcd0d,8,20,4,61,0.06405373929138576,1.1237
4,f8dcd6424b45,10,23,7,61,0.0498370435013327,1.1891
4,fadef7f4fb6f,11,23,7,61,0.04984091305420584,1.2797
4,fb72e52136a0,13,26,10,61,0.04986640970365436,1.2707
4,fcaad701eda0,11,20,8,61,0.05262577495045052,1.2086
4,fd621d1188ea,9,22,6,61,0.05146151594091019,1.1459
4,fd77ebb0115c,7,19,3,61,0.05748070486839888,1.0819
4,fdad693dfd24,14,26,10,61,0.04337387633177547,1.3033
4,fe4d0893c66e,10,23,7,61,0.04796695819451158,1.1203
4,fe55878266ac,8,23,3,61,0.05067527769502156,1.1079
4,ff0c6873cdd1,7,19,3,61,0.046328970120306165,1.025
