block,structural_hash,depth,two_qubit_gate_count,total_trainable_params,val_logloss,transpiled_two_qubit,transpiled_depth,wall_clock_seconds
0,00d1a145b304,15,14,53,0.7389477715886416,48,56,3.2928
0,047160bc22a8,13,8,53,0.8595009025350349,30,40,3.3338
0,04dc1a987b6d,14,11,53,0.7553265895426686,29,36,3.1782
0,07385542e9ad,10,4,53,0.7494044233837269,10,17,2.9497
0,07b16a99f569,4,0,53,0.7870665100034028,0,4,2.4519
0,07b16a99f569,4,0,53,0.7751722003417609,0,4,2.1605
0,0800fe397342,17,15,53,0.7866468178357202,49,52,3.3801
0,087c2397e3b9,10,8,53,0.7406627358661688,30,36,2.4696
0,0892c1ad427c,11,9,53,0.8295457405184073,9,16,2.8503
0,0a0ec1d37b3a,11,8,53,0.7429260680387567,26,32,2.6976
0,0ace4c49ce0d,10,7,53,0.7939190956071459,23,34,2.6887
0,0b1c564f1310,11,7,53,0.7846345580552957,16,19,2.5442
0,0dcc795ff904,15,14,53,0.7842419888644767,48,54,3.2831
0,0fd685f341b9,13,11,53,0.782908380649292,31,39,3.134
0,1185d77d745f,9,4,53,0.7511521563780446,10,15,2.6211
0,12d19e69c38f,16,15,53,0.7382906212765863,47,48,3.1118
0,13e3290c60c3,8,4,53,0.7759463540171548,8,10,2.6471
0,14f2551b2562,7,3,53,0.762830252444445,6,17,2.8489
0,185fb8c393f2,16,13,53,0.7703232259400151,37,44,3.0542
0,19f564e45cac,13,11,53,0.7902830949303731,37,38,2.9976
0,1f1a353443ff,18,15,53,0.7395788001272324,52,64,3.2319
0,2216cbb95191,7,3,53,0.766689962428233,3,11,2.434
0,223bdd32245f,7,3,53,0.7578349016155059,6,14,2.4435
0,22d92a4329d5,7,3,53,0.7798696352372387,3,11,2.8122
0,22e53edd9fb8,10,7,53,0.8085537402490174,13,18,2.6968
0,23c40275695e,10,7,53,0.7741635752750058,15,22,2.8825
0,2422c77523bb,9,7,53,0.778724839279298,15,21,2.677
0,2809196352c7,11,7,53,0.7873561761989029,11,16,2.8758
0,294ab4c83231,13,12,53,0.7506072533658246,44,43,2.6777
0,29deebce271b,20,18,53,0.7863091522098232,61,55,3.2526
0,2b61da1d3456,10,7,53,0.7789724846563197,18,23,2.742
0,2f32cd0a3c4d,16,14,53,0.7408970032286039,37,45,3.5514
0,333ab963d46a,21,19,53,0.8249146128510741,62,59,3.1219
0,34f123fd3ec6,13,8,53,0.8267764382440289,26,34,3.0562
0,35db80de5ba2,5,0,53,0.7572566315393786,0,5,2.4045
0,35db80de5ba2,5,0,53,0.7669741167280086,0,5,2.4708
0,36e0aabc6199,13,10,53,0.7760389289112132,29,36,2.7979
0,39d826a64d6e,12,8,53,0.7569973188781001,30,36,3.0166
0,3b7c3105dcd1,4,0,53,0.7720990254365233,0,4,2.2013
0,3bdb74a459a0,7,3,53,0.7753254902684253,6,12,2.3662
0,3dad662f670d,7,3,53,0.7877732177655907,3,7,2.3267
0,3f5bed41314d,12,7,53,0.7912683339757832,19,29,3.0065
0,424f11391ed6,7,3,53,0.7916261680401162,3,7,2.349
0,43e4afecd68d,12,10,53,0.7440790503180459,18,22,3.5639
0,45ed1a6625f4,13,11,53,0.76600924595171,38,45,2.8679
0,48affc77a385,9,6,53,0.7638960083584712,6,15,2.8575
0,48e43dbde2d4,5,0,53,0.7655723163686408,0,5,2.5399
0,4a6e97ef8a28,9,7,53,0.8062813377871565,15,19,2.5787
0,4a81dc62cff5,10,7,53,0.756875323295699,19,28,2.6331
0,4b0a53601342,10,7,53,0.7599973829174104,23,29,2.6402
0,4b8bfdff4376,13,10,53,0.7728548027929533,30,35,2.8996
0,4d48c3c0d230,13,11,53,0.7614277721793787,38,45,2.8599
0,4da117fd5f9e,9,4,53,0.8297082962099044,10,17,2.7464
0,4f9dffb9a3c0,10,4,53,0.7653734784819515,10,17,3.0277
0,505e705e80b3,10,8,53,0.7467952225737726,30,36,2.6195
0,51a5bc9056e2,10,4,53,0.8136845885038361,10,17,3.0354
0,52143ae4ac4b,7,4,53,0.8278145200446778,14,20,2.4373
0,529f94be7b94,13,10,53,0.7609902727407891,30,33,2.7124
0,5434f6036ce1,8,4,53,0.8171366383697394,10,14,2.3797
0,57042f8c2ffb,12,7,53,0.8195759318092316,16,24,2.8833
0,581655648b3f,14,11,53,0.7086395410449748,36,43,2.8845
0,5c8acd9c9626,13,10,53,0.7924043489166398,26,32,3.0916
0,5ca6aa610441,11,9,53,0.8453474480486327,9,16,2.8689
0,5f60874932a6,4,0,53,0.7157134960156429,0,4,2.2292
0,61c04d782603,7,4,53,0.7740603274139262,12,17,2.4475
0,61d8ee298451,14,12,53,0.8223793799731296,44,40,3.5234
0,64748b697657,19,17,53,0.742497766526059,59,69,3.4946
0,65d0a0a3e17f,5,0,53,0.7719200080024118,0,5,2.4229
0,660686604c65,10,6,53,0.7820216328755571,15,24,2.7122
0,6a4e45974819,8,3,53,0.8087556823139869,3,8,2.6044
0,6a9bbb003481,14,11,53,0.7725115565020005,29,35,3.0681
0,6bced5a08fbb,7,3,53,0.7907760054473315,6,10,2.2552
0,6c00e79bfcbd,11,7,53,0.7944439301804532,19,26,2.9124
0,6c06e2848b17,11,6,53,0.7920942597695588,12,23,2.7114
0,6c1699daf1ec,16,15,53,0.8170686505410653,47,47,2.9906
0,6c71145ed992,8,4,53,0.766444752148386,10,13,2.3868
0,6d747449c8c6,13,11,53,0.7319964524042527,34,37,3.1285
0,6dd137af510f,7,3,53,0.7670290989038948,6,16,2.4902
0,6df3d7537ca4,7,4,53,0.7416225130047664,12,17,2.373
0,6df3d7537ca4,7,4,53,0.7435435727531059,12,17,2.4428
0,6e06b1ddc9fb,11,8,53,0.8075111096094016,24,27,2.5772
0,6eba4712bc4f,8,4,53,0.7538742165065664,10,16,2.5501
0,712d8aea6e74,15,12,53,0.8098071050504254,44,43,2.9346
0,7287e38b454c,18,15,53,0.7538799137026417,50,61,3.6474
0,740abe644d08,11,8,53,0.8024649736476563,30,37,2.8174
0,7623f278a174,7,4,53,0.7793897131490803,14,21,2.3889
0,772495a64140,7,4,53,0.7366238175070826,14,20,2.5628
0,772495a64140,7,4,53,0.7967091321510914,14,20,2.4838
0,7e428a0a1e55,13,11,53,0.794714609193192,36,43,2.8641
0,7f3aed384f51,4,0,53,0.7987287194883054,0,4,2.198
0,7f83590adc27,8,3,53,0.7865834373529643,3,12,2.9947
0,8003fa6cf58d,13,10,53,0.782156166579291,24,28,3.0083
0,80efcde460dd,4,0,53,0.7569388450191035,0,4,2.1481
0,82741cbc2658,14,11,53,0.7542762989539343,37,42,3.2662
0,82a6995d4eda,16,12,53,0.8256794724788546,42,40,3.5406
0,83ecfe77fb76,12,11,53,0.8094522121055627,33,37,2.9992
0,84bb2188d74a,8,3,53,0.8334307403944661,3,11,2.7624
0,856364fe2ab6,10,7,53,0.7952208521394111,19,27,2.7108
0,85cb01183148,15,14,53,0.7700141089154761,34,36,3.0813
0,85fdea6b8d65,7,3,53,0.8238971632677083,3,11,2.7865
0,880b6af94720,10,7,53,0.7324314658306904,19,27,2.4981
0,893d3e652a17,10,4,53,0.8036825664836941,10,16,2.9154
0,8b3f5c70e7ed,13,11,53,0.8294258011941128,33,34,2.8918
0,8b975a728ca1,7,4,53,0.7198237851627336,12,17,2.3912
0,8e249f067bad,18,15,53,0.7088903348687725,50,55,3.4647
0,8fea3c837ab6,15,12,53,0.8078404212289836,46,45,2.984
0,9004f02d23b4,11,8,53,0.7864862574378298,30,38,2.6964
0,913bd60e734f,8,4,53,0.7372653911966219,10,16,2.4626
0,94625a2b807a,8,4,53,0.7421010712896853,10,18,2.5195
0,94ad0cdd7b0a,6,0,53,0.7489383672470613,0,4,2.7167
0,95b94d178edd,10,8,53,0.7306729756668555,28,33,2.4965
0,97a9fea463c4,7,3,53,0.80685922328891,6,14,2.9036
0,97fc797ea1be,8,4,53,0.7730161434735312,10,12,2.3252
0,99bd7cb33a0a,14,14,53,0.7698679014627557,38,42,3.1847
0,9ad604f29ffc,10,6,53,0.8173927243401427,12,20,2.5232
0,9ceb2d4f4a42,7,4,53,0.7882170670276402,14,21,2.3673
0,9d3d9df7db75,9,6,53,0.7763369270667824,12,15,2.7025
0,9d5a063356a2,17,15,53,0.7847842579711107,49,46,2.896
0,9eaeedb418c6,13,10,53,0.8154806735902927,29,34,3.2248
0,a311400ce9ef,13,11,53,0.782417899548768,31,33,2.9512
0,a5d4bf93423d,12,10,53,0.7959779768878603,27,35,3.7821
0,a5f93a95abca,10,7,53,0.7113759949900125,19,28,3.064
0,a70ed100eec4,7,3,53,0.7602756511495632,3,11,2.4287
0,a78aba63a411,8,3,53,0.8439576498049783,3,8,2.6217
0,a7b79167a48b,7,4,53,0.769635034330421,12,17,2.525
0,a7e735c5993c,15,11,53,0.7916272992571024,36,45,3.19
0,a998529ff2da,11,9,53,0.7967267510948177,9,16,2.8692
0,aa3d4c3cb630,10,7,53,0.7733434620958077,18,25,2.6486
0,aac25e7d8468,4,0,53,0.7584265186287773,0,4,2.1196
0,aac25e7d8468,4,0,53,0.7536515822844359,0,4,2.2727
0,ac61e43f3f21,7,0,53,0.7595868936119055,0,7,2.8516
0,ac74fcef1f25,11,10,53,0.7431917816702412,18,25,2.9036
0,ad31888f15f0,10,7,53,0.7296285410645289,23,34,2.6304
0,ae6343d66770,7,4,53,0.770984752444973,12,17,2.4452
0,aea67b7c2242,9,6,53,0.7357931875143747,12,25,2.6404
0,af0a201762aa,10,8,53,0.73161263543459,28,33,2.8281
0,aff2f1d6be55,12,7,53,0.7861952291156474,19,27,2.9852
0,b36ca4190dde,12,9,53,0.8535573179964103,18,29,2.9252
0,b38162d761bf,11,9,53,0.833620106195,9,16,3.0433
0,b393daf5dc0a,7,3,53,0.7769027697823154,6,11,2.3166
0,b62ea45650c8,20,18,53,0.8116837024528907,55,56,3.1215
0,b911c67dae93,12,7,53,0.8580638473117426,16,26,3.4509
0,ba93c591a12a,7,3,53,0.7846791561101208,3,11,2.4588
0,bdcad8be0e2e,16,14,53,0.7633814959420406,46,51,3.3936
0,be2d3fd6e5a9,4,0,53,0.7830198621394026,0,4,2.1727
0,bf1593c370d7,13,11,53,0.749458815995999,33,39,2.9943
0,c03561287602,6,0,53,0.7606690172994917,0,6,2.7137
0,c06044b25e7e,8,3,53,0.7711858212211102,6,16,2.7052
0,c19525470e9c,11,8,53,0.8372305198546031,26,30,3.002
0,c527d4e4bea6,5,0,53,0.7549244591101933,0,5,2.3925
0,c7e02d89194a,10,6,53,0.7657066332307852,6,10,2.7047
0,c7f863da692b,12,11,53,0.7964860721722284,35,38,2.6284
0,ca727d89e66c,8,3,53,0.7885750863028095,3,12,2.8495
0,cb5372fefdbe,8,3,53,0.745339921596918,3,8,2.5638
0,cc7ef5e32419,10,8,53,0.7615428725935007,32,38,2.7245
0,cd763c399386,10,7,53,0.7660635438003612,23,36,2.8039
0,cd83f6e9cb10,10,4,53,0.7820873691186289,10,19,2.9803
0,cf282fddf3fc,8,3,53,0.805267751860272,3,12,2.7081
0,d1b5248a49c2,11,8,53,0.7390853766347375,28,33,2.5647
0,d28bc0c48242,10,7,53,0.7577016914631037,19,28,2.7608
0,d2a2f861d2f1,9,4,53,0.8942505300438366,10,18,2.8097
0,d3a2faff38e1,12,8,53,0.8213497477054656,26,34,3.0609
0,d45c1574c4c0,5,0,53,0.7452105552215958,0,5,2.4185
0,d48f3cbc620e,8,3,53,0.7657005884299013,6,19,2.7019
0,d4a0a85e103c,14,11,53,0.7541468953853313,29,36,3.0724
0,d5bb027f1e42,10,6,53,0.759708766875279,12,19,2.7192
0,d87f6b00d8b8,7,3,53,0.7957954213684013,6,13,2.3657
0,d885d2bef868,10,8,53,0.7779127158528001,30,36,2.5217
0,d97ccd04f4f5,7,4,53,0.748747571733742,14,20,2.4964
0,d981e63a9ca3,7,3,53,0.7562126713161565,6,13,2.2556
0,d9f38a8cf7b8,8,4,53,0.7788841244259648,10,13,2.7298
0,db9e5810dda9,10,7,53,0.7284110643396075,19,28,2.6557
0,dd3d12e5859e,13,10,53,0.7774528273110008,26,32,2.8526
0,e034a8f3e690,10,7,53,0.7560028507633259,18,25,2.6562
0,e13f09b8a58a,4,0,53,0.7434202295546882,0,4,2.1248
0,e24defbc30f9,12,10,53,0.809621490211091,18,26,3.1459
0,e425705d298f,10,6,53,0.7703402752979559,6,14,2.9258
0,e556967495b4,7,3,53,0.7634536474504348,3,7,2.2799
0,e569a4ad9f3f,15,14,53,0.7727679204306931,34,37,3.1065
0,e603adab834b,8,4,53,0.7480523239506033,10,17,2.5015
0,e6a1abd9ed6a,11,8,53,0.7984354395091058,28,35,2.7294
0,e6ef0fc23911,4,0,53,0.7975533196848713,0,4,2.1677
0,e7a113149909,12,11,53,0.8049756160703293,35,40,2.7768
0,ec0461cdde93,13,8,53,0.7666695654318513,26,34,3.0042
0,ec3d3cfa1e99,13,11,53,0.7647205205968233,37,37,2.7134
0,ed9992583ace,14,11,53,0.7892027280594245,29,34,3.0438
0,ef34cf24eca2,14,10,53,0.8307398082104597,28,33,2.8732
0,effb0556a789,11,7,53,0.7820239068508591,21,28,2.816
0,f2442c369b58,7,4,53,0.7614235330011996,12,17,2.3836
0,f2442c369b58,7,4,53,0.76328585227958,12,17,2.3112
0,f4cb7a4c121f,11,7,53,0.729449436356439,18,23,2.7409
0,f4f35784d93a,5,0,53,0.7508423815964144,0,5,2.4164
0,f58e85e5f2fc,7,4,53,0.7439007119512961,12,17,2.3865
0,f7d45e3155b1,17,14,53,0.809653144863874,46,53,3.3653
0,f807f337afdd,8,4,53,0.804191703739322,10,17,2.5386
0,fd403ab3ad13,10,7,53,0.7442976891364366,21,26,2.7551
0,fd77ebb0115c,7,3,53,0.7416425474330345,3,11,2.4491
0,feadae627ad0,7,3,53,0.7557264501051202,3,11,2.4446
1,04674db05f0e,12,7,53,0.7259313855619121,19,28,3.1025
1,07b16a99f569,4,0,53,0.701600405215013,0,4,2.5676
1,07b16a99f569,4,0,53,0.7326993367127811,0,4,2.4684
1,0a0ec1d37b3a,11,8,53,0.7058558826916586,26,32,2.7365
1,0ace4c49ce0d,10,7,53,0.7769475957792695,23,34,2.8975
1,0b194a3d9649,13,10,53,0.7658338625177826,28,38,3.0435
1,0beaa6097ab1,18,15,53,0.7163174347278755,50,60,3.2273
1,0c18287a2413,17,14,53,0.7380157408178382,44,46,3.1077
1,0c7357a974c0,14,11,53,0.7259552907234058,29,33,3.0348
1,0d3379fcd92e,9,4,53,0.7507190939163484,8,11,2.6609
1,0f5f58bfd640,9,3,53,0.7511434819279359,3,11,2.8091
1,0fa941be8720,16,14,53,0.736156530303134,40,45,3.1573
1,0fd685f341b9,13,11,53,0.7197645453811771,31,39,3.4539
1,106feecd14a4,7,4,53,0.7214030253290675,14,21,2.4574
1,1286b9d7592f,12,10,53,0.7336574144026482,14,17,2.8416
1,13e3290c60c3,8,4,53,0.700356349874387,8,10,2.7208
1,1533e7d145eb,8,4,53,0.7203952127527096,10,12,2.5028
1,170257dd9920,9,3,53,0.7183912745724874,3,12,2.9208
1,176ac26e068b,13,10,53,0.7371027698691762,29,37,2.956
1,1779b73f5d4c,11,8,53,0.7467532053070474,26,33,2.9786
1,185fb8c393f2,16,13,53,0.7241971970500484,37,44,3.1066
1,19f564e45cac,13,11,53,0.8857503689986762,37,38,3.0124
1,1ae6d35f0eab,11,7,53,0.7287564942664448,23,36,3.3832
1,1bbcc27b7a3e,9,6,53,0.7626232372801293,6,15,2.7236
1,1ca34c52576f,15,13,53,0.7305798793941276,38,45,2.9474
1,1d21ab331501,15,11,53,0.7431556540521211,32,38,3.0816
1,1f1a353443ff,18,15,53,0.7504853075258718,52,64,3.297
1,1ffd9d4ea677,10,7,53,0.7297071670015588,23,29,2.8455
1,2088c4f0d60c,4,0,53,0.7073465127896231,0,4,2.3101
1,223bdd32245f,7,3,53,0.7169832756173473,6,14,2.5358
1,2325f02d575f,8,4,53,0.7408052713304847,10,18,3.0655
1,2809196352c7,11,7,53,0.7850783949641014,11,16,3.3053
1,281455fc1020,7,3,53,0.7240777144877557,6,15,2.8288
1,28f1da047f96,11,8,53,0.7126094558768465,28,34,2.6791
1,2b5fb3002942,9,3,53,0.7528327214419878,3,12,2.9062
1,2b7ba721059c,12,10,53,0.76094242938599,26,33,4.0976
1,2b8362192d2d,11,8,53,0.7300672731628772,28,32,2.6598
1,2c5211cbc472,11,7,53,0.7628660613057144,23,31,3.1464
1,2f32cd0a3c4d,16,14,53,0.7557041548864265,37,45,3.7591
1,303bdf628760,12,10,53,0.7360914434421967,30,39,2.8961
1,333ab963d46a,21,19,53,0.74551758286733,62,59,3.1925
1,34f123fd3ec6,13,8,53,0.7735504204015978,26,34,3.0911
1,39d826a64d6e,12,8,53,0.7311765094537503,30,36,3.8856
1,3b7c3105dcd1,4,0,53,0.6967621910495809,0,4,2.2174
1,3bdb74a459a0,7,3,53,0.7512359607109196,6,12,2.4239
1,3dad662f670d,7,3,53,0.7093728069678362,3,7,2.3192
1,3e0c4edf2a40,13,10,53,0.7576716969285551,29,42,3.3585
1,3ff0891a23b4,11,7,53,0.7745766001009273,14,17,2.6512
1,40145a133833,7,3,53,0.7154621433685567,6,17,3.1383
1,41577193e6f2,12,7,53,0.7310129978024743,16,23,2.8981
1,424f11391ed6,7,3,53,0.7338658259810774,3,7,2.5314
1,43e4afecd68d,12,10,53,0.7248023390119012,18,22,2.8588
1,454057694508,10,7,53,0.6946778933410214,23,33,2.5508
1,47543881da9a,12,10,53,0.7369515942602873,26,35,3.1225
1,498f0941f881,9,3,53,0.7081263736436191,3,12,2.9622
1,4a81dc62cff5,10,7,53,0.7558281662561215,19,28,2.6792
1,4b0a53601342,10,7,53,0.7269080387812629,23,29,2.6538
1,4b8bfdff4376,13,10,53,0.7629954710988154,30,35,3.0117
1,4da117fd5f9e,9,4,53,0.7227634569220082,10,17,3.1186
1,52143ae4ac4b,7,4,53,0.7471224225386455,14,20,2.5356
1,52170b6e5241,13,10,53,0.712720286463504,32,41,3.1836
1,529f94be7b94,13,10,53,0.7626915415422829,30,33,2.8074
1,5434f6036ce1,8,4,53,0.7573097465556432,10,14,2.536
1,57042f8c2ffb,12,7,53,0.7512130510804389,16,24,2.8504
1,581655648b3f,14,11,53,0.7379416608910412,36,43,2.8707
1,59389d923b6c,13,10,53,0.7686491055050098,19,26,2.9051
1,5c8acd9c9626,13,10,53,0.7672760623576467,26,32,3.3382
1,5eaa2ba8d841,8,4,53,0.7182630540979598,14,23,2.6542
1,5edd8b055e68,7,4,53,0.7468793476115316,14,20,2.3548
1,5f60874932a6,4,0,53,0.7050745628769796,0,4,2.2237
1,61c04d782603,7,4,53,0.7068503078773729,12,17,2.361
1,61d8ee298451,14,12,53,0.7725358078742305,44,40,3.4109
1,647134df7ad7,14,11,53,0.7396976278136529,29,33,3.0051
1,648dcfd39060,10,7,53,0.7114597729999068,11,15,3.1135
1,660686604c65,10,6,53,0.7751580243810967,15,24,3.1186
1,6b5c74288ed2,16,13,53,0.7380661269656787,34,43,2.8308
1,6bced5a08fbb,7,3,53,0.7227153390387645,6,10,2.2547
1,6c00e79bfcbd,11,7,53,0.7801700836271052,19,26,2.9173
1,6c06e2848b17,11,6,53,0.7076258892422984,12,23,2.7921
1,6c1699daf1ec,16,15,53,0.7980647823114955,47,47,3.014
1,6c71145ed992,8,4,53,0.7342597630453848,10,13,2.3706
1,6dd137af510f,7,3,53,0.7691613064405974,6,16,2.5401
1,6df3d7537ca4,7,4,53,0.7141481230088808,12,17,2.4429
1,6e1ab051edd7,12,10,53,0.758706494464273,30,37,3.1397
1,712d8aea6e74,15,12,53,0.7425552249820377,44,43,3.3281
1,712f16159d55,8,4,53,0.7506526757740316,10,18,2.6121
1,71a4827e754f,18,15,53,0.7280062123699766,50,54,3.3398
1,74fa008ee170,10,7,53,0.7232589712039499,19,28,2.7307
1,7515b0845b26,10,7,53,0.7062770180004432,23,36,2.7474
1,7623f278a174,7,4,53,0.7150620617009464,14,21,2.6779
1,772495a64140,7,4,53,0.747575164340184,14,20,2.8328
1,7bd16c013b44,10,7,53,0.7113067979919956,23,30,3.3232
1,7e428a0a1e55,13,11,53,0.7390635422136081,36,43,2.8275
1,7f3aed384f51,4,0,53,0.7512890452922083,0,4,2.3379
1,8003fa6cf58d,13,10,53,0.7601601346850577,24,28,3.6211
1,80efcde460dd,4,0,53,0.7266788291191117,0,4,2.322
1,82741cbc2658,14,11,53,0.7543908570931672,37,42,2.979
1,82a6995d4eda,16,12,53,0.7727438211022987,42,40,3.4857
1,880b6af94720,10,7,53,0.7212206894524977,19,27,2.8746
1,8a1b91cc9467,4,0,53,0.7216072629274228,0,4,2.1821
1,8b3f5c70e7ed,13,11,53,0.7547742571415905,33,34,3.0636
1,8b975a728ca1,7,4,53,0.7347362502440631,12,17,2.3712
1,8de3f193c871,12,10,53,0.7455075042096749,26,28,2.5803
1,8e249f067bad,18,15,53,0.6979886935503302,50,55,3.3096
1,8fea3c837ab6,15,12,53,0.7941529532874437,46,45,3.4787
1,9004f02d23b4,11,8,53,0.7705491812574023,30,38,2.815
1,95b94d178edd,10,8,53,0.7592566487005549,28,33,2.5895
1,965ae64614d1,10,7,53,0.8089127438495859,11,15,2.6917
1,97a9fea463c4,7,3,53,0.7423199864026976,6,14,2.6927
1,97fc797ea1be,8,4,53,0.8074192604300168,10,12,2.3826
1,99bd7cb33a0a,14,14,53,0.7721920086001166,38,42,2.9754
1,99fa81dc6be2,19,18,53,0.7457643005659252,54,52,3.285
1,9a7e4a55c544,7,3,53,0.7264571058248034,6,14,2.6855
1,9ad604f29ffc,10,6,53,0.8089392808902024,12,20,2.8841
1,9ceb2d4f4a42,7,4,53,0.7624145682059541,14,21,2.389
1,9d3d9df7db75,9,6,53,0.7355069819412644,12,15,2.619
1,9d5a063356a2,17,15,53,0.7198024687098578,49,46,3.1638
1,9eaeedb418c6,13,10,53,0.7350187159245791,29,34,2.9745
1,a0f647233ee7,14,10,53,0.7439857105037967,23,28,2.8104
1,a1defaf7f589,15,11,53,0.7222395217847605,32,41,3.284
1,a403e6671e57,9,3,53,0.7286807346581048,3,11,2.8703
1,a51d494b73cf,11,6,53,0.702380160051634,15,26,2.8757
1,a5d4bf93423d,12,10,53,0.7604951967398169,27,35,2.9408
1,a70ed100eec4,7,3,53,0.7123238753853164,3,11,2.5135
1,a70ed100eec4,7,3,53,0.7186449727152229,3,11,2.5127
1,a7b79167a48b,7,4,53,0.7427141998232961,12,17,2.6898
1,a7e735c5993c,15,11,53,0.7539767019733316,36,45,3.471
1,a90db7324f20,8,3,53,0.7997267980465095,3,12,2.7055
1,a9d551ef3c39,12,10,53,0.7480129870590079,14,17,2.8484
1,aac25e7d8468,4,0,53,0.7031137693365416,0,4,2.1099
1,aac25e7d8468,4,0,53,0.7543357072808874,0,4,2.1471
1,ac031c386712,10,6,53,0.7578332748588539,6,14,2.8683
1,ad31888f15f0,10,7,53,0.7497430106618653,23,34,3.0205
1,ae6343d66770,7,4,53,0.7184402345514886,12,17,2.3989
1,aea67b7c2242,9,6,53,0.7214210532946533,12,25,3.0429
1,aff2f1d6be55,12,7,53,0.7322097534018116,19,27,2.9818
1,b0cd699ece2a,9,6,53,0.7892037200438826,12,19,2.5978
1,b217e0deb5f4,11,7,53,0.7058432894140683,17,20,2.6427
1,b38162d761bf,11,9,53,0.7903896248782168,9,16,3.3775
1,b393daf5dc0a,7,3,53,0.7353828487183485,6,11,2.3571
1,b62ea45650c8,20,18,53,0.8666653391703409,55,56,3.191
1,b78b6445a2dd,7,4,53,0.7308468003659377,14,20,2.3783
1,b911c67dae93,12,7,53,0.7406582728592576,16,26,3.106
1,ba93c591a12a,7,3,53,0.7666528346557572,3,11,2.6505
1,bbd8bb2b6bb7,12,7,53,0.7122081165239933,19,29,2.99
1,bdcad8be0e2e,16,14,53,0.7535343212634383,46,51,3.0519
1,bdd9af3c2ceb,9,6,53,0.7035227882931883,12,17,2.3576
1,be2d3fd6e5a9,4,0,53,0.7629854127990553,0,4,2.1668
1,be2d3fd6e5a9,4,0,53,0.6945484101115814,0,4,2.4086
1,bedc4fc1da04,11,7,53,0.760142850301351,19,27,2.7885
1,bf1593c370d7,13,11,53,0.7146331230481684,33,39,2.9994
1,bf65bfaa4dac,18,15,53,0.6966449450189548,48,53,3.2738
1,bf90cb31cd07,11,7,53,0.7501084760791435,17,25,3.0451
1,c06044b25e7e,8,3,53,0.7411454746954421,6,16,2.6965
1,c1057a220e3c,13,10,53,0.7207284063688201,28,34,3.0169
1,c527d4e4bea6,5,0,53,0.7403424814267112,0,5,2.9594
1,c5331d189311,9,3,53,0.7474038746956155,3,12,2.8884
1,c7e02d89194a,10,6,53,0.7362350859598936,6,10,2.727
1,c7f863da692b,12,11,53,0.7835887227508356,35,38,2.6909
1,c7fff5f5f418,12,10,53,0.7350409410744657,26,31,2.7647
1,cd763c399386,10,7,53,0.7640489968499162,23,36,2.7509
1,cd83f6e9cb10,10,4,53,0.7441456297745775,10,19,3.1577
1,d04c74b8b253,10,7,53,0.7026779454435151,19,27,2.4561
1,d1b5248a49c2,11,8,53,0.7547124988174964,28,33,2.8423
1,d203ac16dfd4,11,7,53,0.7376823496328043,23,30,3.1489
1,d28bc0c48242,10,7,53,0.6930874355221608,19,28,2.5865
1,d4a0a85e103c,14,11,53,0.7067143563263921,29,36,3.5275
1,d5bb027f1e42,10,6,53,0.7097810760270615,12,19,2.6845
1,d5c01e7b13b0,9,3,53,0.6996799303094831,3,12,2.8256
1,d5c082b51b85,9,7,53,0.720706839437731,17,25,2.8455
1,d87f6b00d8b8,7,3,53,0.7117572128624747,6,13,2.4164
1,d885d2bef868,10,8,53,0.7449565319562678,30,36,2.5589
1,d97ccd04f4f5,7,4,53,0.7712327109145838,14,20,2.3796
1,d97ccd04f4f5,7,4,53,0.727754955367856,14,20,2.6142
1,d9f38a8cf7b8,8,4,53,0.7494203985682436,10,13,2.5168
1,dc1e120715e9,7,3,53,0.7659693361384682,3,7,2.7063
1,dd3d12e5859e,13,10,53,0.7711171147817872,26,32,3.2573
1,e425705d298f,10,6,53,0.730272782803932,6,14,3.2425
1,e46ad5ebce60,15,13,53,0.6921207288433775,38,45,2.8602
1,e556967495b4,7,3,53,0.7802221860246342,3,7,2.2951
1,e603adab834b,8,4,53,0.7432817310164247,10,17,2.6393
1,e6125982748f,13,10,53,0.7411794553052427,25,33,2.6827
1,e6ef0fc23911,4,0,53,0.7210712549365728,0,4,2.4683
1,e7a113149909,12,11,53,0.7553830611919355,35,40,3.0185
1,ec3d3cfa1e99,13,11,53,0.8703951144915232,37,37,3.0413
1,ed9992583ace,14,11,53,0.7592574786501423,29,34,3.0537
1,ef34cf24eca2,14,10,53,0.7358166204128406,28,33,3.2727
1,effb0556a789,11,7,53,0.7352518986545495,21,28,3.2921
1,f0cf67a6df48,13,10,53,0.7014608501935997,19,26,2.9443
1,f2442c369b58,7,4,53,0.7320891597032821,12,17,2.3159
1,f390f97c35ae,7,3,53,0.7195871356391785,6,11,2.298
1,f433a16f211e,13,10,53,0.7557621695560638,19,24,2.8357
1,f4cb7a4c121f,11,7,53,0.7667418116446304,18,23,2.8073
1,f58e85e5f2fc,7,4,53,0.7371832136616708,12,17,2.6807
1,f5f71c50e798,10,7,53,0.7820655938747499,23,36,2.8613
1,f7d45e3155b1,17,14,53,0.7576459392483161,46,53,3.2039
1,fbb7daf3abe6,12,9,53,0.7723532361123984,18,31,2.9715
1,fef586c0c93f,13,10,53,0.7510930473511889,29,37,2.7836
1,ff97d992ffff,7,3,53,0.7527932063341991,6,17,2.8408
2,0008a0d620c9,11,7,53,0.7508667399877027,20,29,3.0368
2,036513ec3909,13,10,53,0.7253401452300745,29,36,2.9217
2,0398b76ad5f9,12,7,53,0.7128957657279382,23,32,3.3904
2,04674db05f0e,12,7,53,0.7203404613625928,19,28,3.1401
2,0666ddf5a596,9,4,53,0.7268515668765112,14,23,2.8274
2,07b16a99f569,4,0,53,0.7201599549218978,0,4,2.1607
2,0982e56f483e,13,10,53,0.7297010839725357,28,37,3.4711
2,0a0ec1d37b3a,11,8,53,0.6947184052050768,26,32,3.3198
2,0a2c01a0b50d,11,10,53,0.7759695008993619,18,23,2.8196
2,0ace4c49ce0d,10,7,53,0.7327110714617215,23,34,2.8569
2,0b1c564f1310,11,7,53,0.738708360387359,16,19,2.52
2,0ba749304dd0,8,4,53,0.7639710324057505,10,13,2.7784
2,0c18287a2413,17,14,53,0.7875397183428049,44,46,3.7959
2,0cc5d7ab620a,16,14,53,0.7074430492247671,45,53,3.2138
2,1185d77d745f,9,4,53,0.7489647045403351,10,15,2.8928
2,12d19e69c38f,16,15,53,0.7166128983933773,47,48,3.1153
2,131e1fd2628a,14,11,53,0.7369687444258752,36,44,2.8524
2,13b3a2e1d851,9,7,53,0.7094048357939403,17,24,2.6692
2,13e3290c60c3,8,4,53,0.7184825104200333,8,10,2.3871
2,148e4eb731ef,11,8,53,0.7028951735633283,28,34,2.7486
2,170257dd9920,9,3,53,0.7202720526063643,3,12,3.4397
2,185fb8c393f2,16,13,53,0.712904477391739,37,44,3.2216
2,19f564e45cac,13,11,53,0.7125343374383523,37,38,2.6738
2,1b4120628fc6,13,11,53,0.7454928632796537,31,36,3.1854
2,2088c4f0d60c,4,0,53,0.7206281263110675,0,4,2.1077
2,212ff3c00341,10,6,53,0.7235179892801901,12,20,3.0412
2,22e53edd9fb8,10,7,53,0.7535618657275375,13,18,2.7104
2,25ff6b17d2b1,19,18,53,0.7324367620916753,56,58,3.3278
2,2809196352c7,11,7,53,0.7380477321352567,11,16,3.0778
2,2f32cd0a3c4d,16,14,53,0.7051983363712649,37,45,3.0903
2,2ff0ad316ca3,15,11,53,0.7448711122692185,36,42,3.1778
2,333ab963d46a,21,19,53,0.7545288626268205,62,59,3.2441
2,34f123fd3ec6,13,8,53,0.7420056203636969,26,34,3.5474
2,39d826a64d6e,12,8,53,0.6877824136397389,30,36,3.1371
2,39e658e13214,9,6,53,0.7381576612737477,12,21,2.6293
2,3b7c3105dcd1,4,0,53,0.7165193663076131,0,4,2.4029
2,3bdb74a459a0,7,3,53,0.7329893817932978,6,12,2.4084
2,3d94bc3b5ee8,7,3,53,0.7213977117543179,6,14,2.7287
2,3dad662f670d,7,3,53,0.7364673192706901,3,7,2.5314
2,4069e4636a08,8,4,53,0.7316466658863607,14,21,2.646
2,424f11391ed6,7,3,53,0.7428495524859716,3,7,2.2494
2,43e4afecd68d,12,10,53,0.70690196483741,18,22,2.9952
2,45c9972d5777,7,3,53,0.7679114237441671,3,7,2.2304
2,48575b073ae5,15,13,53,0.7821724874939759,36,44,3.2457
2,48777ec3433c,7,3,53,0.7016927070219335,6,14,2.4306
2,4a0be76e4998,11,7,53,0.7174786005864385,23,31,2.8578
2,4a81dc62cff5,10,7,53,0.7154336886544619,19,28,2.9436
2,4b0a53601342,10,7,53,0.7415859823964703,23,29,2.6923
2,4b8bfdff4376,13,10,53,0.7324062469301266,30,35,3.152
2,4da117fd5f9e,9,4,53,0.7144231155258489,10,17,2.6944
2,5187183af40f,16,14,53,0.6952522389317337,42,48,3.2432
2,52143ae4ac4b,7,4,53,0.6939158744482085,14,20,2.5117
2,529f94be7b94,13,10,53,0.7045135804788205,30,33,3.1064
2,5434f6036ce1,8,4,53,0.7266664115849679,10,14,2.3508
2,57042f8c2ffb,12,7,53,0.7107126258613091,16,24,2.8555
2,5798c06e601b,12,8,53,0.7475629754983355,26,30,2.841
2,581655648b3f,14,11,53,0.7036087626251473,36,43,3.4614
2,5c8acd9c9626,13,10,53,0.7484951524404824,26,32,3.0673
2,5f60874932a6,4,0,53,0.7144127850472257,0,4,2.255
2,61c04d782603,7,4,53,0.7122082439226745,12,17,3.0533
2,61d8ee298451,14,12,53,0.7234417156615891,44,40,2.8661
2,65e2bdeb4ce4,9,6,53,0.7262804558393718,6,13,2.881
2,660686604c65,10,6,53,0.7597230533550289,15,24,3.0067
2,69d8baa2e6f5,13,8,53,0.7732514421688388,26,35,3.4123
2,6a2bc7144044,11,10,53,0.7746674786561372,20,27,3.1409
2,6bced5a08fbb,7,3,53,0.723075011709695,6,10,2.3637
2,6c06e2848b17,11,6,53,0.7310065797265783,12,23,3.0738
2,6c1699daf1ec,16,15,53,0.8415963342675198,47,47,3.0044
2,6c71145ed992,8,4,53,0.7148827796501293,10,13,2.3895
2,6dd137af510f,7,3,53,0.7398369095910937,6,16,2.4561
2,6df3d7537ca4,7,4,53,0.7290897614540811,12,17,2.3586
2,712d8aea6e74,15,12,53,0.7467397781783709,44,43,2.968
2,7623f278a174,7,4,53,0.7157161979173547,14,21,2.418
2,772495a64140,7,4,53,0.7068017842333477,14,20,2.6994
2,772495a64140,7,4,53,0.7052271912850305,14,20,2.4277
2,7937a4bd2746,16,12,53,0.7283521049690967,42,41,3.5111
2,79fe5285be95,11,8,53,0.7347959217007969,30,38,2.7565
2,7a594386975c,10,6,53,0.7046002749591881,15,27,2.6814
2,7b8e4511db9b,7,3,53,0.6910682367814173,6,14,2.4175
2,7d4f1ae03bda,11,7,53,0.7246937344052028,21,26,2.8438
2,7e428a0a1e55,13,11,53,0.733764777124171,36,43,2.8657
2,7eb47eddb557,9,7,53,0.7670219795948042,15,19,2.641
2,7ed6b3c713eb,9,3,53,0.7251267625265314,3,11,2.9882
2,7f3aed384f51,4,0,53,0.7059536369121416,0,4,2.3292
2,7f730f43f251,8,4,53,0.7274991692590962,14,21,2.593
2,7f730f43f251,8,4,53,0.7158659670590466,14,21,2.6837
2,7f9a014d9911,15,11,53,0.7321503024745541,34,38,3.1414
2,7fb72e084c89,9,6,53,0.7641233039938385,6,13,2.5279
2,8003fa6cf58d,13,10,53,0.7139418941690656,24,28,3.2013
2,80efcde460dd,4,0,53,0.7090837266857796,0,4,2.2128
2,82741cbc2658,14,11,53,0.694319668678369,37,42,3.2816
2,82a6995d4eda,16,12,53,0.7472613422595219,42,40,3.3473
2,84aa1400ba69,7,3,53,0.7353725559595844,6,15,2.6113
2,84f9eda0ca3e,16,12,53,0.7319975951063802,38,38,3.3284
2,880b6af94720,10,7,53,0.7177352484965998,19,27,2.6647
2,880b6af94720,10,7,53,0.6828056066111987,19,27,2.4961
2,8a1b91cc9467,4,0,53,0.7134251396647068,0,4,2.2988
2,8b3f5c70e7ed,13,11,53,0.7614577472842843,33,34,2.8933
2,8b975a728ca1,7,4,53,0.7176124190120354,12,17,2.5351
2,8e249f067bad,18,15,53,0.7016255576720322,50,55,3.2743
2,8fea3c837ab6,15,12,53,0.7676580408632915,46,45,2.995
2,9004f02d23b4,11,8,53,0.7177827279017659,30,38,2.7142
2,900aa8d34eaf,9,7,53,0.7419412793544189,17,24,2.9233
2,91c7d35d089f,12,8,53,0.721347595917895,26,33,3.0904
2,95b94d178edd,10,8,53,0.7261809163413298,28,33,2.8901
2,97a9fea463c4,7,3,53,0.6994018608210887,6,14,2.6829
2,97fc797ea1be,8,4,53,0.7222110120520459,10,12,2.4151
2,9868de57980f,10,6,53,0.733729137767795,12,17,2.5799
2,98a96477caea,7,3,53,0.7457013864141265,6,12,2.5713
2,9904b7b570f4,11,8,53,0.7209386588987821,30,37,2.8308
2,998f5b525162,7,3,53,0.6968279750128108,3,11,2.4394
2,99bd7cb33a0a,14,14,53,0.7369135016931241,38,42,3.803
2,9ad604f29ffc,10,6,53,0.7100008189079292,12,20,2.5504
2,9b5c1727fd1a,13,8,53,0.7557398523323927,30,39,3.1333
2,9ceb2d4f4a42,7,4,53,0.7424357161903454,14,21,2.3935
2,9ceb2d4f4a42,7,4,53,0.7295493994013966,14,21,2.9438
2,9d3d9df7db75,9,6,53,0.7491101548552833,12,15,2.7792
2,9d5a063356a2,17,15,53,0.735744198385322,49,46,3.7737
2,9e741357a1c5,15,13,53,0.7178479606515507,35,45,3.1372
2,9eaeedb418c6,13,10,53,0.7182432394859865,29,34,2.8755
2,a1b15ee0e66f,4,0,53,0.7165180378099246,0,4,3.4647
2,a4efb484fc92,10,6,53,0.7024579059477737,12,22,2.9191
2,a5d4bf93423d,12,10,53,0.7148546932366655,27,35,3.265
2,a7b79167a48b,7,4,53,0.7098163980823982,12,17,2.8206
2,a7b79167a48b,7,4,53,0.7011741926676955,12,17,2.6011
2,a7e735c5993c,15,11,53,0.7576811218220977,36,45,3.7723
2,a8832f00340a,15,13,53,0.7629287027230077,41,50,3.0218
2,aa020c837fda,7,3,53,0.7079685268522063,3,11,2.3934
2,aac25e7d8468,4,0,53,0.7076555592811672,0,4,2.3696
2,aac25e7d8468,4,0,53,0.6944926708197522,0,4,2.1958
2,ad31888f15f0,10,7,53,0.7457383245203926,23,34,3.0007
2,ae12af457972,16,14,53,0.7151239141827553,40,46,3.1908
2,ae6343d66770,7,4,53,0.7197432334070438,12,17,2.454
2,aea67b7c2242,9,6,53,0.7083941324319221,12,25,2.7203
2,aff2f1d6be55,12,7,53,0.7309342581200262,19,27,3.0253
2,b01051a0a151,11,7,53,0.7223016970423098,20,26,2.9307
2,b0cd699ece2a,9,6,53,0.7035340640204981,12,19,2.6117
2,b38162d761bf,11,9,53,0.7305800315968314,9,16,2.8444
2,b393daf5dc0a,7,3,53,0.7253671692572174,6,11,2.3326
2,b4e9e3277f2b,12,9,53,0.7326114549380379,18,30,2.8302
2,b62ea45650c8,20,18,53,0.751847107332465,55,56,3.7605
2,b726388bc8cb,14,11,53,0.7140438567795512,34,43,2.928
2,b74d16352c67,10,6,53,0.7212541894111127,12,20,3.1476
2,b78084171a0a,15,12,53,0.7319771053283153,42,43,3.1709
2,b78b6445a2dd,7,4,53,0.706831862603465,14,20,2.3751
2,b911c67dae93,12,7,53,0.7600468623371511,16,26,3.0911
2,b9c34e1488cc,7,3,53,0.8148305455140935,6,17,2.4539
2,ba93c591a12a,7,3,53,0.7216125119831432,3,11,2.5285
2,bb215d5b0cd3,10,7,53,0.7169764269389606,23,34,2.6664
2,bce51f1997a3,10,7,53,0.7166781938461655,19,28,2.8132
2,bdcad8be0e2e,16,14,53,0.7226559405377643,46,51,3.155
2,be2d3fd6e5a9,4,0,53,0.7203941351482513,0,4,2.1764
2,bf1593c370d7,13,11,53,0.7215528621518879,33,39,3.3204
2,c06044b25e7e,8,3,53,0.7590180482574297,6,16,2.9935
2,c19525470e9c,11,8,53,0.7188489207158445,26,30,3.9911
2,c1f259a85702,7,3,53,0.7250718133961103,6,17,2.4526
2,c42807254cf1,9,3,53,0.6974315520795907,3,11,3.3336
2,c48a32edae90,10,7,53,0.7150015113327235,23,34,2.6739
2,c527d4e4bea6,5,0,53,0.731491119625265,0,5,2.4171
2,c7e02d89194a,10,6,53,0.7380027730739754,6,10,2.8252
2,c7f863da692b,12,11,53,0.7725123767820798,35,38,2.8546
2,cd763c399386,10,7,53,0.7636069166300301,23,36,2.6877
2,cd83f6e9cb10,10,4,53,0.7292698649773816,10,19,3.3314
2,cf6af742189c,9,6,53,0.7613188623025084,12,21,2.6357
2,d1b5248a49c2,11,8,53,0.773426739700085,28,33,3.0215
2,d2117d539262,11,10,53,0.7418171540374457,20,26,2.8248
2,d28bc0c48242,10,7,53,0.7367597737644682,19,28,2.7429
2,d2bad76f1c51,10,7,53,0.7104528224079124,23,30,2.6403
2,d4a0a85e103c,14,11,53,0.704243760757473,29,36,3.4798
2,d5bb027f1e42,10,6,53,0.7333464139524797,12,19,2.547
2,d5c082b51b85,9,7,53,0.7233170346531084,17,25,2.6634
2,d87f6b00d8b8,7,3,53,0.718699480039425,6,13,2.3968
2,d885d2bef868,10,8,53,0.7363079042316192,30,36,2.9058
2,d97ccd04f4f5,7,4,53,0.7014165588780414,14,20,2.464
2,db04c1a2ee60,10,6,53,0.7391309390467856,15,25,2.6032
2,dbc2aeda97e0,12,8,53,0.7192911771062293,26,31,2.9283
2,dc479c41f6bb,5,0,53,0.7032549411155271,0,5,2.3536
2,dd3d12e5859e,13,10,53,0.7810983113232167,26,32,2.8595
2,de35d8547e55,17,15,53,0.6993047535991572,49,51,3.411
2,deec1dc6e31d,7,3,53,0.7140480207394716,6,10,2.3165
2,e13f09b8a58a,4,0,53,0.7002222844170337,0,4,2.1408
2,e13f09b8a58a,4,0,53,0.697747262955181,0,4,2.2182
2,e425705d298f,10,6,53,0.7604477822083265,6,14,3.1287
2,e42bca3d18a6,15,11,53,0.7512031062238873,37,44,3.1863
2,e556967495b4,7,3,53,0.7093835428322798,3,7,2.2965
2,e556967495b4,7,3,53,0.7386240065720792,3,7,2.8491
2,e5ee2539a8d2,9,6,53,0.7289768248272264,6,15,2.6508
2,e603adab834b,8,4,53,0.736232761332408,10,17,2.5507
2,e6ef0fc23911,4,0,53,0.7102676654457893,0,4,2.1617
2,e7a113149909,12,11,53,0.7013954892547678,35,40,2.8507
2,e9e4ce1b9992,7,4,53,0.7489231265740403,14,21,2.8121
2,ec3d3cfa1e99,13,11,53,0.7157179103488611,37,37,2.8765
2,ec47dc1d6a98,7,3,53,0.6962735451727808,3,11,2.813
2,ed9992583ace,14,11,53,0.7544989483993981,29,34,3.0707
2,edb832558599,10,7,53,0.7144487755109156,23,29,2.6607
2,eeceb7015040,15,11,53,0.7541878874185444,36,43,3.7095
2,ef34cf24eca2,14,10,53,0.7381817570355019,28,33,2.9036
2,effb0556a789,11,7,53,0.7467499771716929,21,28,3.5101
2,f04544d5256f,12,10,53,0.7080435350130876,23,33,2.9234
2,f4cb7a4c121f,11,7,53,0.7301357046969918,18,23,3.027
2,f62f5cb25f93,10,4,53,0.7304195744701992,10,16,3.2326
2,f7d45e3155b1,17,14,53,0.7019920057751865,46,53,3.2758
2,f9210940f752,7,3,53,0.7010975596553759,3,11,2.3233
2,fd77ebb0115c,7,3,53,0.7979688334740933,3,11,3.1107
2,ffc7d3d0c2c5,11,6,53,0.7823039307492589,13,22,2.9912
3,010edf818386,10,6,53,0.7871583722730519,6,13,2.7293
3,015c7c5812c3,7,3,53,0.7192796908275522,6,14,3.1283
3,0259740f3871,7,3,53,0.7652859136751702,3,11,2.5138
3,0679fe347bae,9,6,53,0.7232087625193235,6,15,2.9831
3,06be69d30f87,12,7,53,0.7295363793535588,19,25,2.9829
3,07b16a99f569,4,0,53,0.7503198619789553,0,4,2.3766
3,0a0ec1d37b3a,11,8,53,0.7200707394699718,26,32,2.8932
3,0ace4c49ce0d,10,7,53,0.6920897913754778,23,34,2.6362
3,0b1c564f1310,11,7,53,0.7664073754343879,16,19,2.5111
3,0beaa6097ab1,18,15,53,0.7643971529291719,50,60,3.3004
3,0d95889f9057,10,4,53,0.7431051054567217,10,18,3.1181
3,0fd685f341b9,13,11,53,0.7481426966245841,31,39,3.2844
3,1185d77d745f,9,4,53,0.767081102723768,10,15,2.6284
3,124425042844,14,11,53,0.7456410215978315,29,35,3.0826
3,12d30fb7db45,7,3,53,0.7534201917705218,6,13,2.6684
3,13e3290c60c3,8,4,53,0.7973158074524388,8,10,2.4353
3,15f9353231c9,10,6,53,0.7408474181310836,12,20,2.8394
3,16bd9d15e668,14,11,53,0.7817675234636527,33,40,3.1913
3,16dd728ed073,10,6,53,0.7815169856451041,15,28,2.8858
3,178d15583e3b,9,3,53,0.7455495859108573,6,15,3.4194
3,185fb8c393f2,16,13,53,0.7205417567118889,37,44,3.0449
3,19f564e45cac,13,11,53,0.7364316968717614,37,38,2.679
3,1b8f61fb12ab,14,11,53,0.7635258290284106,29,36,3.14
3,1c0887857cf3,6,0,53,0.7162644354175226,0,4,2.9474
3,1ca34c52576f,15,13,53,0.7194327555441927,38,45,2.9517
3,1f1a353443ff,18,15,53,0.7304847997848181,52,64,3.2136
3,22e53edd9fb8,10,7,53,0.8053879237333494,13,18,2.6531
3,25edab005a82,18,15,53,0.7422137370056087,52,62,3.2398
3,26f2a46ff69a,11,7,53,0.7866451598355582,16,22,3.0434
3,26f90d079a54,13,10,53,0.7515682401642008,26,31,3.0503
3,2809196352c7,11,7,53,0.7324138954611937,11,16,2.8995
3,2a000e114ce3,13,8,53,0.7205961985828396,26,34,3.1352
3,2a53c972e3e1,10,6,53,0.7372234684992653,15,25,2.7893
3,2af1b7edafc0,7,3,53,0.8000585358704432,3,11,2.5953
3,2c2794d151e3,9,6,53,0.797542405032887,6,15,3.3615
3,2f32cd0a3c4d,16,14,53,0.7304851037127033,37,45,3.1257
3,313beb228912,7,3,53,0.7394950325640236,3,7,2.4809
3,333ab963d46a,21,19,53,0.7440379238966529,62,59,3.0688
3,344076f4dfdf,10,6,53,0.7196477470556519,15,25,2.9228
3,34f123fd3ec6,13,8,53,0.7660450109489625,26,34,3.0577
3,3541f548835d,13,10,53,0.7912547001359119,24,30,2.9592
3,35db80de5ba2,5,0,53,0.7469699525237533,0,5,2.4825
3,393e1b54bba5,9,6,53,0.780391314147685,6,13,2.6995
3,39d826a64d6e,12,8,53,0.8258529661073175,30,36,2.9213
3,3b2eb29b430e,13,9,53,0.7404245624755242,21,29,2.7546
3,3b7c3105dcd1,4,0,53,0.7295671069070161,0,4,2.4428
3,3bdb74a459a0,7,3,53,0.7661485647157649,6,12,2.4632
3,3bf282bc26be,12,7,53,0.7541851872481571,15,21,3.1914
3,3c13d4941bd6,8,3,53,0.7900361664903175,3,8,3.4542
3,3dad662f670d,7,3,53,0.7722499088421844,3,7,2.793
3,3dc4f3b3316b,7,3,53,0.7266342746019465,6,13,2.4801
3,424f11391ed6,7,3,53,0.7748401527845538,3,7,2.2372
3,43e4afecd68d,12,10,53,0.7531413388037311,18,22,2.7923
3,4426b1775257,7,3,53,0.7281473684397992,6,14,2.5997
3,48affc77a385,9,6,53,0.7665003611168372,6,15,2.8056
3,491aafb8ef56,7,3,53,0.764920634284467,3,11,2.6575
3,493894aee014,12,7,53,0.7403170810972728,19,29,3.289
3,4a81dc62cff5,10,7,53,0.7143120747234607,19,28,3.0852
3,4b0a53601342,10,7,53,0.7594867237510099,23,29,2.6563
3,4b8bfdff4376,13,10,53,0.7657732376465874,30,35,2.8813
3,4da117fd5f9e,9,4,53,0.7378023530676915,10,17,2.6457
3,52143ae4ac4b,7,4,53,0.782895411923145,14,20,2.404
3,529f94be7b94,13,10,53,0.7662880412187376,30,33,2.6765
3,5434f6036ce1,8,4,53,0.8211703987872396,10,14,2.338
3,54a01d812123,9,6,53,0.7833081219069099,6,13,2.7256
3,54e011fc56a6,7,3,53,0.6854862574120915,6,13,2.5084
3,54f979f9513c,8,3,53,0.7303089881725185,3,11,2.8273
3,567df35fe74e,10,8,53,0.744334691690492,28,33,2.5138
3,57042f8c2ffb,12,7,53,0.7650391002197847,16,24,2.8696
3,581655648b3f,14,11,53,0.7210764314525189,36,43,2.9571
3,59fb5c4dcc20,10,7,53,0.7805980808890347,19,27,2.556
3,5a001391bcb8,8,4,53,0.7435235866398145,10,17,2.7846
3,5a7671171960,9,4,53,0.7520549316491658,10,17,2.9419
3,5c8acd9c9626,13,10,53,0.7183556634002258,26,32,3.3927
3,5f60874932a6,4,0,53,0.7255933124227306,0,4,2.1797
3,61d8ee298451,14,12,53,0.8309870566214503,44,40,2.7359
3,62c08d25c36b,8,3,53,0.6953909771740875,6,16,3.3659
3,660686604c65,10,6,53,0.7952215197904638,15,24,2.633
3,6b5c74288ed2,16,13,53,0.7813299750563373,34,43,2.7885
3,6b867ae6976c,7,3,53,0.7366981637668277,3,11,2.6231
3,6bced5a08fbb,7,3,53,0.7281544024004456,6,10,2.4505
3,6c00e79bfcbd,11,7,53,0.751407889273439,19,26,2.8215
3,6c06e2848b17,11,6,53,0.7059907497930851,12,23,2.7261
3,6c1699daf1ec,16,15,53,0.7679220072689075,47,47,3.2644
3,6c71145ed992,8,4,53,0.7409868382912398,10,13,2.4262
3,6dd137af510f,7,3,53,0.762312331628701,6,16,2.4531
3,6df3d7537ca4,7,4,53,0.703894267142607,12,17,2.3347
3,6df3d7537ca4,7,4,53,0.7133627247276059,12,17,2.3357
3,6df7195fda33,13,8,53,0.7858299171842725,26,34,3.0964
3,706d2a85eaec,8,3,53,0.7130031825196481,6,15,2.6718
3,712d8aea6e74,15,12,53,0.7693439358603025,44,43,2.9396
3,71a4827e754f,18,15,53,0.7530601718757509,50,54,3.2524
3,735e629afc5b,11,7,53,0.7485920823570011,16,22,3.0399
3,73a7c20d05cb,8,3,53,0.6855539061597646,6,15,2.7994
3,74fa008ee170,10,7,53,0.7662883516934291,19,28,2.5973
3,7623f278a174,7,4,53,0.7233191133625795,14,21,2.7318
3,772495a64140,7,4,53,0.7670681201008434,14,20,2.5951
3,7b4b7597ba0d,8,3,53,0.7721529109485996,3,12,2.6909
3,7c5680b04622,8,3,53,0.7764699023784738,3,11,3.2053
3,7e428a0a1e55,13,11,53,0.7599102899145258,36,43,2.7662
3,7f3aed384f51,4,0,53,0.7141705424301408,0,4,2.1795
3,7f5b5d6e6c50,10,7,53,0.7225800445466689,18,23,2.4959
3,8003fa6cf58d,13,10,53,0.7388195032305862,24,28,3.0386
3,80efcde460dd,4,0,53,0.7507799057251412,0,4,2.1168
3,82741cbc2658,14,11,53,0.753580436383167,37,42,2.9354
3,82a6995d4eda,16,12,53,0.7579665008604554,42,40,3.0835
3,84bb2188d74a,8,3,53,0.7481805722883386,3,11,2.737
3,85fdea6b8d65,7,3,53,0.8137740141231257,3,11,2.5482
3,86cd9ed59ffd,14,11,53,0.7214817244678373,29,34,3.035
3,880b6af94720,10,7,53,0.7363993706999418,19,27,2.738
3,880b6af94720,10,7,53,0.7650147742875679,19,27,2.5063
3,8b3f5c70e7ed,13,11,53,0.739588931066622,33,34,2.7524
3,8b975a728ca1,7,4,53,0.724416351274147,12,17,2.7056
3,8be7939ab660,15,11,53,0.7452233232347275,32,37,3.5115
3,8e249f067bad,18,15,53,0.727103744297386,50,55,3.3216
3,8fea3c837ab6,15,12,53,0.7309537315558484,46,45,2.9609
3,9004f02d23b4,11,8,53,0.7528636189888144,30,38,2.6834
3,938e39d91028,14,10,53,0.7500558518288296,29,40,3.1515
3,94d2c4cf9626,7,3,53,0.7061404122456668,3,11,2.6962
3,95145a7387cb,10,6,53,0.7161428338895187,12,26,3.0281
3,95b94d178edd,10,8,53,0.7424761155181498,28,33,2.5249
3,97a9fea463c4,7,3,53,0.7247094922032378,6,14,2.4231
3,97fc797ea1be,8,4,53,0.7489824864547753,10,12,2.3255
3,99bd7cb33a0a,14,14,53,0.7406771937711543,38,42,2.9709
3,99fa81dc6be2,19,18,53,0.7504827043101966,54,52,3.3048
3,9a044d130a2f,11,7,53,0.778324942021997,16,23,2.95
3,9ad604f29ffc,10,6,53,0.7275452588631747,12,20,2.5684
3,9beb2d83be0e,13,10,53,0.6704663766438173,24,29,2.9518
3,9ceb2d4f4a42,7,4,53,0.7427053019808844,14,21,2.3272
3,9d3d9df7db75,9,6,53,0.7841632459148268,12,15,2.4067
3,9d5a063356a2,17,15,53,0.724282313395265,49,46,2.9079
3,9eaeedb418c6,13,10,53,0.7375701676935822,29,34,2.6553
3,a1ba3777d146,8,3,53,0.7435426413635892,6,19,3.4121
3,a1bfe389054b,11,7,53,0.7219627305369928,13,19,2.9617
3,a5d4bf93423d,12,10,53,0.7929941192806682,27,35,2.8443
3,a7b79167a48b,7,4,53,0.7618974242504931,12,17,2.3286
3,a7e735c5993c,15,11,53,0.7753688091242966,36,45,3.5596
3,aac25e7d8468,4,0,53,0.7700237635875062,0,4,2.3398
3,aac25e7d8468,4,0,53,0.7375177672481642,0,4,2.1226
3,ad31888f15f0,10,7,53,0.7486920863225702,23,34,2.5974
3,ae6343d66770,7,4,53,0.7178047207791077,12,17,2.391
3,aea67b7c2242,9,6,53,0.692630435153312,12,25,2.5949
3,aff2f1d6be55,12,7,53,0.7346243307810032,19,27,3.0138
3,b38162d761bf,11,9,53,0.7302519785578424,9,16,2.8331
3,b393daf5dc0a,7,3,53,0.772432772731817,6,11,2.3971
3,b48179e75512,16,12,53,0.7920999062532408,46,49,3.3762
3,b62ea45650c8,20,18,53,0.7592375913977674,55,56,3.142
3,b911c67dae93,12,7,53,0.7767010209121384,16,26,3.0112
3,b9a8803dad88,5,0,53,0.7064029043939275,0,5,2.8186
3,b9a8803dad88,5,0,53,0.7664429939468601,0,5,2.5404
3,ba93c591a12a,7,3,53,0.733133246366836,3,11,2.4164
3,bd237c94a6d8,14,10,53,0.7376149010882102,29,39,2.8567
3,bdcad8be0e2e,16,14,53,0.7502268631473069,46,51,3.0936
3,be2d3fd6e5a9,4,0,53,0.7540724667529647,0,4,2.1629
3,bf1593c370d7,13,11,53,0.7542613656207832,33,39,2.9706
3,c06044b25e7e,8,3,53,0.7575458888078972,6,16,2.7036
3,c19525470e9c,11,8,53,0.7080161469444592,26,30,2.6343
3,c3acf31f988f,12,7,53,0.7443114609862466,15,20,2.9558
3,c42807254cf1,9,3,53,0.7405531535499473,3,11,2.9198
3,c5010030de11,7,3,53,0.7753725255388203,6,14,2.6281
3,c527d4e4bea6,5,0,53,0.7216881385514067,0,5,2.3866
3,c75d1ccba53e,8,3,53,0.7428705392539131,6,15,2.8627
3,c75d52f7bfdb,9,4,53,0.7377181202143062,10,14,2.9585
3,c7e02d89194a,10,6,53,0.7141885989889931,6,10,2.6706
3,c7f863da692b,12,11,53,0.7694800426122747,35,38,2.6446
3,c8644377911d,8,3,53,0.7294753982304765,6,15,2.826
3,c943e449267a,16,13,53,0.7167423720603366,34,42,2.7656
3,cd454a98785b,14,11,53,0.7601317690364457,29,37,3.0662
3,cd763c399386,10,7,53,0.7992040418495651,23,36,2.6774
3,cd83f6e9cb10,10,4,53,0.7540188363477919,10,19,2.9778
3,cf855ee3f33f,12,7,53,0.805936783197747,15,20,3.0291
3,d1b5248a49c2,11,8,53,0.7026507416930755,28,33,2.5474
3,d28bc0c48242,10,7,53,0.7578114409382972,19,28,2.6104
3,d48f3cbc620e,8,3,53,0.736243669642317,6,19,2.9737
3,d4a0a85e103c,14,11,53,0.7363634728504059,29,36,3.0801
3,d4ea607f1a96,8,3,53,0.8007785213155931,3,8,2.5681
3,d5bb027f1e42,10,6,53,0.7135667278453502,12,19,2.5605
3,d87f6b00d8b8,7,3,53,0.7215959506851872,6,13,2.5785
3,d885d2bef868,10,8,53,0.732750964791779,30,36,2.5408
3,d97ccd04f4f5,7,4,53,0.7537909184419797,14,20,2.4314
3,d9f38a8cf7b8,8,4,53,0.8197383968459458,10,13,2.5607
3,dd3d12e5859e,13,10,53,0.768657392157379,26,32,2.8591
3,dda81c6c63ea,13,10,53,0.8029435265456277,22,28,2.9745
3,e2d92815388d,7,3,53,0.7529158948538976,3,11,2.5379
3,e425705d298f,10,6,53,0.7970766621884293,6,14,2.8536
3,e53b906635c0,13,11,53,0.7030957673393567,34,35,2.7017
3,e556967495b4,7,3,53,0.70778879234693,3,7,2.2971
3,e5edc6bf12dc,14,10,53,0.8022019599560282,31,31,2.8693
3,e603adab834b,8,4,53,0.7605021362915106,10,17,2.526
3,e6125982748f,13,10,53,0.7183640600312944,25,33,2.6524
3,e6ef0fc23911,4,0,53,0.719101445085738,0,4,2.4203
3,e7a113149909,12,11,53,0.7562834695013853,35,40,2.7964
3,ec3d3cfa1e99,13,11,53,0.7935111147060926,37,37,2.668
3,ed9992583ace,14,11,53,0.7255713089058575,29,34,3.0023
3,edd875503efa,13,8,53,0.7845165888923532,26,34,3.0938
3,ef34cf24eca2,14,10,53,0.7850480186797274,28,33,2.9455
3,effb0556a789,11,7,53,0.758387600077314,21,28,2.8013
3,f21f26d5c6f9,15,13,53,0.713694768864007,39,48,2.8763
3,f2ea390ed5c8,11,7,53,0.7770244587122745,14,18,3.4709
3,f4cb7a4c121f,11,7,53,0.7373164786025405,18,23,2.6634
3,f7d45e3155b1,17,14,53,0.7449677826267136,46,53,3.1602
3,fbd363fde2a6,12,7,53,0.7931770390778718,17,23,2.8931
3,fd77ebb0115c,7,3,53,0.7057402526187521,3,11,2.4513
4,0219ada14906,8,3,53,0.7116164136998775,6,13,2.5686
4,033188c13112,13,11,53,0.7952110285638575,29,36,2.9132
4,0347927e3361,14,10,53,0.7374753074134454,31,31,2.846
4,052f891c2b96,13,10,53,0.7456644682056811,29,37,2.7965
4,07b16a99f569,4,0,53,0.708101663721603,0,4,2.1535
4,07b16a99f569,4,0,53,0.7474256773809796,0,4,2.2442
4,0a0ec1d37b3a,11,8,53,0.7457084102692318,26,32,2.9157
4,0ace4c49ce0d,10,7,53,0.7714202147093892,23,34,2.8212
4,0d5720fef8c6,9,4,53,0.754074059892045,10,19,3.0516
4,13e3290c60c3,8,4,53,0.7348495323074701,8,10,2.3969
4,16bdfe32c132,12,7,53,0.7527283231768989,19,29,3.7261
4,1779b73f5d4c,11,8,53,0.7001410260630877,26,33,2.7204
4,185fb8c393f2,16,13,53,0.768428141108724,37,44,3.0863
4,19f564e45cac,13,11,53,0.7776665271398239,37,38,2.6641
4,1c404afdefe3,13,10,53,0.7246256890287848,19,26,2.8379
4,1dd81c4f6c38,10,7,53,0.7188483834241104,18,22,2.5189
4,2088c4f0d60c,4,0,53,0.714635177521994,0,4,2.1949
4,2106733eec0d,11,7,53,0.7693633692687172,17,21,3.8015
4,21c65f7203a0,10,7,53,0.7455442844176382,21,26,2.6036
4,22d92a4329d5,7,3,53,0.7450291077263888,3,11,2.4823
4,2809196352c7,11,7,53,0.7452621954956884,11,16,3.0097
4,286b82e1c66e,9,6,53,0.7784072036053725,12,19,2.6237
4,294ab4c83231,13,12,53,0.7194286389436579,44,43,2.6488
4,2f32cd0a3c4d,16,14,53,0.7518999304094666,37,45,3.0543
4,30191cac99a8,7,3,53,0.7275773918384025,3,7,2.304
4,333ab963d46a,21,19,53,0.8023278959887261,62,59,3.0602
4,33ef6291059e,12,7,53,0.817892260087984,19,31,2.9662
4,34f123fd3ec6,13,8,53,0.7158673347173394,26,34,3.3101
4,35bba8dd0526,14,10,53,0.7056616974911435,25,33,2.9798
4,3907a44923b5,9,7,53,0.7313010090524588,15,21,2.7222
4,39d826a64d6e,12,8,53,0.714486619357041,30,36,2.9534
4,3b7c3105dcd1,4,0,53,0.7506713495865295,0,4,2.3124
4,3bdb74a459a0,7,3,53,0.7477985131676799,6,12,2.3028
4,3cbf4fe2c3e5,15,11,53,0.7381854379565858,32,35,3.1545
4,3d94bc3b5ee8,7,3,53,0.7648779722532422,6,14,2.349
4,3dad662f670d,7,3,53,0.7120436611195422,3,7,2.3838
4,40145a133833,7,3,53,0.7283501638937991,6,17,2.6597
4,413faa5bcf58,8,4,53,0.7219828376454207,10,18,2.9923
4,424f11391ed6,7,3,53,0.7993598999921538,3,7,2.252
4,43e4afecd68d,12,10,53,0.6987388050451341,18,22,2.8892
4,456775ec59ed,10,7,53,0.7157332432357761,21,25,2.7888
4,4a0c1980d49b,13,10,53,0.7562697108415266,29,36,2.8359
4,4a0e038bfc00,11,7,53,0.7204613129763677,16,21,2.7343
4,4a351bbe3770,14,11,53,0.7663129582867367,32,36,2.9787
4,4a81dc62cff5,10,7,53,0.7352366386315946,19,28,2.9353
4,4b0a53601342,10,7,53,0.7183640221234001,23,29,2.5899
4,4b8bfdff4376,13,10,53,0.7549351771348213,30,35,2.887
4,4da117fd5f9e,9,4,53,0.842199500185667,10,17,2.7741
4,4fc43b9a7405,17,14,53,0.7441754676451381,46,52,3.444
4,507e31a373f5,12,9,53,0.7295936214680192,16,23,2.7944
4,51c2004e08dd,12,7,53,0.7760868063218399,19,31,2.9618
4,52143ae4ac4b,7,4,53,0.759238765706635,14,20,2.4439
4,529f94be7b94,13,10,53,0.70143023983026,30,33,2.6915
4,5434f6036ce1,8,4,53,0.7951386998171701,10,14,2.3193
4,55f9bb406de7,10,7,53,0.7362939030448679,13,21,2.8526
4,567df35fe74e,10,8,53,0.7149333635394615,28,33,2.6503
4,57042f8c2ffb,12,7,53,0.7368411334228292,16,24,2.8956
4,581655648b3f,14,11,53,0.720942761545408,36,43,2.8169
4,5a433251a78f,9,7,53,0.8213615447551088,15,19,2.6463
4,5c34bfc1a731,12,7,53,0.797741874928566,19,27,2.8978
4,5c8acd9c9626,13,10,53,0.8477091111483117,26,32,3.8916
4,5c9bedf50d49,14,11,53,0.7362898584600778,35,38,2.916
4,5eaa2ba8d841,8,4,53,0.7241236654056122,14,23,2.6153
4,5f60874932a6,4,0,53,0.7170235099528791,0,4,2.2496
4,60cd60d73638,7,0,53,0.7507980799797029,0,5,2.8016
4,61d8ee298451,14,12,53,0.7746594720193377,44,40,2.7652
4,649704536d93,14,10,53,0.7322197503989597,29,43,3.0465
4,660686604c65,10,6,53,0.7721072530721129,15,24,2.5627
4,66bc3595b799,13,11,53,0.742059348039805,33,37,2.8563
4,699e23e73b22,11,8,53,0.7368214287203855,30,37,2.7426
4,69f63b0da52c,18,15,53,0.7114855761522468,52,64,3.2854
4,6bced5a08fbb,7,3,53,0.728262548231934,6,10,2.2228
4,6c06e2848b17,11,6,53,0.7336523731082323,12,23,2.8185
4,6c1699daf1ec,16,15,53,0.7816115099425056,47,47,3.1711
4,6c71145ed992,8,4,53,0.7321465757565452,10,13,2.381
4,6dd137af510f,7,3,53,0.7304406141216633,6,16,2.4815
4,6df3d7537ca4,7,4,53,0.7192469475390908,12,17,2.3352
4,6e561e4494db,13,10,53,0.7484333568370966,27,33,3.0916
4,6f8fa4b32dbf,15,13,53,0.7742300740897637,36,43,3.0238
4,712d8aea6e74,15,12,53,0.7467680398225764,44,43,3.1077
4,7515b0845b26,10,7,53,0.7130491546019202,23,36,2.6631
4,759bde70da28,13,10,53,0.6928924438732322,19,26,3.1019
4,7623f278a174,7,4,53,0.717861438366645,14,21,2.3803
4,772495a64140,7,4,53,0.7823409983484807,14,20,2.4366
4,772495a64140,7,4,53,0.7554277255231211,14,20,2.3634
4,7bd16c013b44,10,7,53,0.7208255940348117,23,30,2.709
4,7c62dc5de042,13,10,53,0.7517388874201979,30,33,2.6412
4,7e428a0a1e55,13,11,53,0.7444817665090944,36,43,2.8487
4,7f3aed384f51,4,0,53,0.7369972456920613,0,4,2.2189
4,7f9a014d9911,15,11,53,0.7594942473799936,34,38,3.5149
4,8003fa6cf58d,13,10,53,0.7365215826468934,24,28,2.9675
4,80efcde460dd,4,0,53,0.7133879171685358,0,4,2.2998
4,81210e06c13b,8,4,53,0.7370330868622791,10,18,2.4882
4,818cfd637883,16,14,53,0.7610299462118619,47,59,2.9942
4,820b742ed424,14,10,53,0.729605333641392,29,29,3.1958
4,82741cbc2658,14,11,53,0.718399148538233,37,42,2.9306
4,82a6995d4eda,16,12,53,0.8074736926164926,42,40,3.1178
4,831bf9999923,13,11,53,0.7726634556024986,31,36,2.9154
4,84aa1400ba69,7,3,53,0.748153824310152,6,15,2.5404
4,856364fe2ab6,10,7,53,0.717946408622912,19,27,2.5655
4,8583b928b2ec,12,10,53,0.7248421707083783,16,20,2.8313
4,880b6af94720,10,7,53,0.7226420658688935,19,27,2.7487
4,891a9c9ecea2,10,6,53,0.8006365211773948,12,20,2.7514
4,8a1b91cc9467,4,0,53,0.7379105090794821,0,4,2.4133
4,8b3f5c70e7ed,13,11,53,0.7407223588359898,33,34,2.7566
4,8b975a728ca1,7,4,53,0.7427590635425565,12,17,2.3884
4,8b975a728ca1,7,4,53,0.720478593872851,12,17,2.4302
4,8e249f067bad,18,15,53,0.71214392738076,50,55,3.3532
4,8fea3c837ab6,15,12,53,0.761547885934169,46,45,3.0069
4,9004f02d23b4,11,8,53,0.7436544540299801,30,38,2.7149
4,9563874ceb93,13,8,53,0.7437522355899894,26,34,3.6379
4,95b94d178edd,10,8,53,0.6949643868142467,28,33,2.5749
4,97a9fea463c4,7,3,53,0.7954341999030231,6,14,2.6862
4,97fc797ea1be,8,4,53,0.7685078218672673,10,12,2.3876
4,99bd7cb33a0a,14,14,53,0.7612174599888695,38,42,2.992
4,9ad604f29ffc,10,6,53,0.7397696453796113,12,20,2.6781
4,9c6fe8fb6b42,11,6,53,0.8353328402904381,13,21,2.7267
4,9c7b9cfa6f22,11,7,53,0.7781211480747423,18,24,2.9548
4,9ceb2d4f4a42,7,4,53,0.7220178901186256,14,21,2.3813
4,9ceb2d4f4a42,7,4,53,0.7721483301966304,14,21,2.4534
4,9d07a9feef6e,8,4,53,0.7215581789766418,10,17,2.5345
4,9d3d9df7db75,9,6,53,0.7293785718569896,12,15,2.416
4,9d5a063356a2,17,15,53,0.765481810776095,49,46,2.8951
4,9eaeedb418c6,13,10,53,0.7366770391408072,29,34,2.7464
4,a1b15ee0e66f,4,0,53,0.7150510403280287,0,4,2.1064
4,a3b5207cc038,7,3,53,0.7244746514768922,6,16,2.6741
4,a5d4bf93423d,12,10,53,0.7026038100205817,27,35,2.9272
4,a5f93a95abca,10,7,53,0.7053569694376849,19,28,2.7829
4,a7b79167a48b,7,4,53,0.7237145844558178,12,17,2.3758
4,a7e735c5993c,15,11,53,0.7577000167164697,36,45,3.4451
4,a9d0aaeb6aed,9,3,53,0.7552101922806785,3,7,2.8225
4,aac25e7d8468,4,0,53,0.7051086866070648,0,4,2.2714
4,aac25e7d8468,4,0,53,0.7248340121629947,0,4,2.131
4,abf6f0309077,10,6,53,0.7595683283036342,12,17,2.4825
4,ad31888f15f0,10,7,53,0.7302908029271725,23,34,2.8204
4,ad46aa243ef8,11,7,53,0.7605482921813873,13,17,2.9749
4,ae6343d66770,7,4,53,0.7215245402062951,12,17,2.3718
4,aea67b7c2242,9,6,53,0.7172579781350471,12,25,2.7454
4,af394da31636,10,7,53,0.7116369131300984,21,26,2.6619
4,aff2f1d6be55,12,7,53,0.7866829238523908,19,27,3.1224
4,b38162d761bf,11,9,53,0.7434520599868264,9,16,2.8601
4,b393daf5dc0a,7,3,53,0.7254488828558535,6,11,2.3179
4,b53178784707,10,4,53,0.7827331888444237,10,20,3.4611
4,b57e1d722d11,8,3,53,0.7439079207289235,3,8,2.6031
4,b62ea45650c8,20,18,53,0.7892098761543521,55,56,3.4813
4,b726388bc8cb,14,11,53,0.7464319803003204,34,43,3.2271
4,b750c99070ef,15,12,53,0.7987112000967052,42,40,2.9163
4,b911c67dae93,12,7,53,0.7624501045141794,16,26,3.119
4,ba61f3c9c28a,12,8,53,0.7869103913170629,26,30,2.7527
4,ba93c591a12a,7,3,53,0.7484305087907167,3,11,2.4198
4,baadc262f94e,11,6,53,0.7357339949659114,12,20,2.7158
4,bd31e75f898b,10,7,53,0.8102455022489818,17,26,2.8791
4,bd551d07e4b3,8,4,53,0.7711230393303138,10,17,2.7507
4,bd5ea2248544,12,7,53,0.7354558365616615,16,25,2.9967
4,bdcad8be0e2e,16,14,53,0.7307190929264266,46,51,3.0705
4,bdfabb55c4ab,10,7,53,0.7234197493647436,19,27,2.6141
4,be2d3fd6e5a9,4,0,53,0.7457848143466008,0,4,2.1773
4,be2d3fd6e5a9,4,0,53,0.7233070869943633,0,4,2.2016
4,bf1593c370d7,13,11,53,0.7355074539102603,33,39,2.9555
4,bf77d6ce1442,10,7,53,0.717990065368437,13,21,3.0735
4,c06044b25e7e,8,3,53,0.7788244401820914,6,16,2.6839
4,c1f259a85702,7,3,53,0.7884241244993607,6,17,2.3949
4,c527d4e4bea6,5,0,53,0.7504181470682286,0,5,2.3101
4,c7e02d89194a,10,6,53,0.7145371193509099,6,10,2.7275
4,c7f863da692b,12,11,53,0.7374511781546541,35,38,2.8091
4,c8c209de6e8b,11,6,53,0.7244419312863967,15,23,2.715
4,cba73d36148c,9,4,53,0.7116370182466725,10,19,2.7977
4,cc995f8eef22,12,10,53,0.7065107738313396,23,32,2.8725
4,cd763c399386,10,7,53,0.7649758404874573,23,36,2.6606
4,cd83f6e9cb10,10,4,53,0.7392590150921586,10,19,3.0392
4,d1b5248a49c2,11,8,53,0.7898891100986883,28,33,2.6727
4,d28bc0c48242,10,7,53,0.7381968870713811,19,28,2.6249
4,d4a0a85e103c,14,11,53,0.7246134564789294,29,36,3.1775
4,d5bb027f1e42,10,6,53,0.699797730390503,12,19,2.7348
4,d5c082b51b85,9,7,53,0.7386792696910766,17,25,2.655
4,d87f6b00d8b8,7,3,53,0.7082820137383881,6,13,2.3997
4,d885d2bef868,10,8,53,0.7320393990537277,30,36,2.6189
4,d97ccd04f4f5,7,4,53,0.722017833083917,14,20,2.4154
4,dd3d12e5859e,13,10,53,0.7711392347014614,26,32,2.8885
4,e13f09b8a58a,4,0,53,0.7131760179163363,0,4,2.1232
4,e3f5f903472e,12,10,53,0.7944020240574882,30,35,2.7495
4,e425705d298f,10,6,53,0.7230084687993531,6,14,3.069
4,e556967495b4,7,3,53,0.8237118418693041,3,7,2.3235
4,e57f3e0e13ac,14,11,53,0.7324092648608187,34,36,2.887
4,e59b94318460,8,3,53,0.8269842973758259,6,13,2.6534
4,e603adab834b,8,4,53,0.7120788004259534,10,17,2.6846
4,e6ef0fc23911,4,0,53,0.7292935584083039,0,4,2.1776
4,e7a113149909,12,11,53,0.7801461868549322,35,40,2.9798
4,ebae23e826c9,9,3,53,0.7147237044164272,3,9,3.1956
4,ec3d3cfa1e99,13,11,53,0.777011549080609,37,37,2.6611
4,ec47dc1d6a98,7,3,53,0.7404327781585543,3,11,2.343
4,ed9992583ace,14,11,53,0.7792702461609605,29,34,3.2423
4,ef34cf24eca2,14,10,53,0.7677807854988445,28,33,2.8952
4,ef80c0c8a825,12,7,53,0.7088668954755187,16,26,2.9572
4,effb0556a789,11,7,53,0.7296525691344459,21,28,3.0841
4,f4cb7a4c121f,11,7,53,0.7620081809787664,18,23,2.7746
4,f61eeaee860d,5,0,53,0.7341510690633871,0,5,3.0258
4,f7d45e3155b1,17,14,53,0.7373473356812443,46,53,3.1935
4,f929151a6c7f,12,10,53,0.7684139310726973,23,30,2.7103
4,fb79da3abaf7,14,11,53,0.7323725915783879,27,33,3.2857
5,00df599969d5,12,10,53,0.7327251820543932,23,34,2.8233
5,03feaeaf28dd,7,3,53,0.7872034392799818,6,15,2.4373
5,04674db05f0e,12,7,53,0.8162003857850263,19,28,3.397
5,04f3f5a654ad,10,7,53,0.7527268364102385,23,34,2.772
5,07385542e9ad,10,4,53,0.7862042157979224,10,17,2.927
5,07b16a99f569,4,0,53,0.737261726754195,0,4,2.143
5,07b16a99f569,4,0,53,0.7560001049042774,0,4,2.1248
5,087c2397e3b9,10,8,53,0.7011048704930932,30,36,2.5134
5,0a0ec1d37b3a,11,8,53,0.7258462588440354,26,32,2.6501
5,0a2e6cef0774,11,7,53,0.8010260913879395,23,34,2.8976
5,0ace4c49ce0d,10,7,53,0.7291195027914873,23,34,2.6016
5,0b1c564f1310,11,7,53,0.7629545869086093,16,19,2.5146
5,0b214bf3d491,14,11,53,0.7335064059717583,33,41,3.1728
5,0c18287a2413,17,14,53,0.7454980227638732,44,46,3.057
5,0f5fafd4665f,11,7,53,0.8319386774678702,16,24,2.7284
5,0fd685f341b9,13,11,53,0.7839000248200144,31,39,2.9612
5,1185d77d745f,9,4,53,0.7635403919253875,10,15,2.9177
5,13b3a2e1d851,9,7,53,0.7512790302928292,17,24,2.6087
5,13e3290c60c3,8,4,53,0.7548894700444403,8,10,2.3573
5,170257dd9920,9,3,53,0.761301615532926,3,12,2.8568
5,185fb8c393f2,16,13,53,0.745830499100422,37,44,3.4229
5,189aab902017,11,9,53,0.8025491166005555,9,16,2.795
5,19f564e45cac,13,11,53,0.7733816095623224,37,38,2.6807
5,1f1a353443ff,18,15,53,0.7585672623448997,52,64,3.2239
5,2088c4f0d60c,4,0,53,0.7346425333832167,0,4,2.075
5,22e53edd9fb8,10,7,53,0.7453736459040561,13,18,2.8272
5,2809196352c7,11,7,53,0.7939025532317648,11,16,2.8216
5,293cc854ffbe,4,0,53,0.7170552449968985,0,4,2.1008
5,294ab4c83231,13,12,53,0.7226843309152757,44,43,2.6405
5,2a002233a4f2,12,10,53,0.7571141029642947,26,34,2.8933
5,2b61da1d3456,10,7,53,0.756476981246828,18,23,2.6905
5,2f1d469e0621,10,7,53,0.734941445798825,23,29,2.6411
5,2f32cd0a3c4d,16,14,53,0.7815079157416749,37,45,3.1765
5,330fe1a625d2,15,11,53,0.7778987487645715,32,35,2.9728
5,333ab963d46a,21,19,53,0.7748504829642953,62,59,3.0929
5,34f123fd3ec6,13,8,53,0.7591322949687599,26,34,2.9387
5,3662db432ba8,13,10,53,0.7706962551931608,29,41,2.9294
5,39d826a64d6e,12,8,53,0.752497446673744,30,36,3.0088
5,3b7c3105dcd1,4,0,53,0.7655682632566868,0,4,2.1332
5,3bdb74a459a0,7,3,53,0.7393895222039053,6,12,2.2505
5,3c65cb3e0488,11,7,53,0.7562097393223187,13,20,2.9999
5,3cf7ecb8375a,12,10,53,0.7465104478908678,18,26,3.0956
5,3dad662f670d,7,3,53,0.7492914895861904,3,7,2.2797
5,3f10a690c2c4,13,10,53,0.7332315133461641,32,40,2.84
5,3f2551cddfef,12,10,53,0.748204929622852,16,20,2.7781
5,40145a133833,7,3,53,0.7265816166723122,6,17,2.4276
5,413faa5bcf58,8,4,53,0.7739762587200381,10,18,2.4967
5,41d7711f8da8,16,17,53,0.780051672535271,43,49,3.1737
5,424f11391ed6,7,3,53,0.7546608596675017,3,7,2.3133
5,43e4afecd68d,12,10,53,0.7743702888729611,18,22,2.7385
5,43f8e5a9360b,12,9,53,0.7591544007874858,18,30,2.8988
5,47559fc5dd59,11,9,53,0.7775651011364888,9,16,2.8129
5,4a6e97ef8a28,9,7,53,0.7721058830162392,15,19,2.5312
5,4a81dc62cff5,10,7,53,0.805614999146941,19,28,2.5324
5,4b0a53601342,10,7,53,0.7799099721904567,23,29,2.7186
5,4b85ae6ab2da,13,11,53,0.7854634610897897,31,32,2.833
5,4b8bfdff4376,13,10,53,0.8094727681654945,30,35,3.1148
5,4d849d675549,12,7,53,0.7488561535880155,19,27,2.8526
5,4da117fd5f9e,9,4,53,0.7359350641426485,10,17,2.7005
5,52143ae4ac4b,7,4,53,0.7615361697623874,14,20,2.3958
5,529f94be7b94,13,10,53,0.752487436020825,30,33,2.6515
5,5434f6036ce1,8,4,53,0.8363283720049036,10,14,2.6064
5,543dd247a90a,10,7,53,0.7680074214839135,19,22,2.5312
5,57042f8c2ffb,12,7,53,0.7987309938890426,16,24,2.9102
5,581655648b3f,14,11,53,0.7580837690934792,36,43,3.0148
5,5c1a5eaa1869,10,7,53,0.8580045449873894,13,18,2.6777
5,5c8acd9c9626,13,10,53,0.8182515469566187,26,32,3.2775
5,5e8c262f8237,7,4,53,0.7415254751735361,14,21,2.3564
5,5f60874932a6,4,0,53,0.7027558968229375,0,4,2.3129
5,5feefe8a8f2a,10,7,53,0.7477806510533471,23,34,2.6473
5,60ebccf2869d,9,6,53,0.7332348981499406,6,15,2.7263
5,61c04d782603,7,4,53,0.6989370214683285,12,17,2.3456
5,61c04d782603,7,4,53,0.7129946967031761,12,17,2.4411
5,61d8ee298451,14,12,53,0.7535819040040633,44,40,2.7277
5,660686604c65,10,6,53,0.8039634262676284,15,24,2.542
5,6a9bbb003481,14,11,53,0.73345883050971,29,35,3.015
5,6afa728893be,11,6,53,0.76053057173912,15,28,2.8503
5,6bced5a08fbb,7,3,53,0.7422714418314201,6,10,2.3481
5,6c06e2848b17,11,6,53,0.721349664416775,12,23,2.7743
5,6c1699daf1ec,16,15,53,0.798870574527285,47,47,3.1808
5,6c71145ed992,8,4,53,0.7392555781430233,10,13,2.336
5,6dd137af510f,7,3,53,0.7414101164032993,6,16,2.4503
5,6df3d7537ca4,7,4,53,0.7345391909806154,12,17,2.3715
5,6e06b1ddc9fb,11,8,53,0.7923635800814919,24,27,2.5552
5,6fbf25882099,12,7,53,0.7824837061078492,19,27,3.0195
5,712d8aea6e74,15,12,53,0.7711357721804026,44,43,2.9558
5,7135e2952dc9,12,10,53,0.7940755422428936,26,32,2.7611
5,7623f278a174,7,4,53,0.7623530178953001,14,21,2.3631
5,772495a64140,7,4,53,0.7556498449175292,14,20,2.336
5,7a3158bf6c97,15,14,53,0.7927501187051591,36,38,3.0408
5,7c077104bfbd,7,3,53,0.771682753438548,6,14,2.4343
5,7e428a0a1e55,13,11,53,0.7350011504405684,36,43,3.2308
5,7f3aed384f51,4,0,53,0.7568502799077348,0,4,2.1453
5,7f730f43f251,8,4,53,0.7689874335003852,14,21,2.665
5,8003fa6cf58d,13,10,53,0.8203703281132334,24,28,2.9494
5,80efcde460dd,4,0,53,0.7350308617234617,0,4,2.2817
5,82741cbc2658,14,11,53,0.7940008020310697,37,42,2.9169
5,82a6995d4eda,16,12,53,0.7345211395368669,42,40,3.0274
5,879576ec6da8,14,10,53,0.7940710640428363,23,30,2.8554
5,880b6af94720,10,7,53,0.7441307358827098,19,27,2.6223
5,8ae3274d1cdc,17,14,53,0.807154507089965,42,41,2.9893
5,8b3f5c70e7ed,13,11,53,0.7655195245009447,33,34,2.7536
5,8b6736a9cc6b,14,10,53,0.7603832911802517,28,35,2.9873
5,8b975a728ca1,7,4,53,0.7424186149776583,12,17,2.342
5,8e249f067bad,18,15,53,0.7105355749710425,50,55,3.1926
5,8f62e9e3f581,13,11,53,0.7333768455591723,37,39,2.8051
5,8fea3c837ab6,15,12,53,0.7517109253594,46,45,3.0858
5,9004f02d23b4,11,8,53,0.7840540924405971,30,38,2.6985
5,903dd4df6062,12,10,53,0.755706496577726,26,34,2.8603
5,948f3687f923,10,7,53,0.7972635923738138,23,27,2.543
5,95b94d178edd,10,8,53,0.73666719093457,28,33,2.544
5,960dd12a181d,11,7,53,0.744860917974744,23,29,2.8282
5,97a9fea463c4,7,3,53,0.775939382465033,6,14,2.397
5,97fc797ea1be,8,4,53,0.7415599044665864,10,12,2.3321
5,9904b7b570f4,11,8,53,0.7526600367088667,30,37,2.7133
5,99bd7cb33a0a,14,14,53,0.7207926803615367,38,42,2.9671
5,9ad604f29ffc,10,6,53,0.7800803673689065,12,20,2.672
5,9cb26ad54629,11,9,53,0.7697240770806743,9,16,2.8271
5,9ceb2d4f4a42,7,4,53,0.741654973453687,14,21,2.5267
5,9d3d9df7db75,9,6,53,0.7676534443686895,12,15,2.3209
5,9d5a063356a2,17,15,53,0.8413341569236262,49,46,2.8361
5,9eaeedb418c6,13,10,53,0.760567514437912,29,34,2.7043
5,9f0351b4da80,15,11,53,0.8155903841318745,32,32,2.8189
5,a5d4bf93423d,12,10,53,0.7364711125007901,27,35,2.7923
5,a5f93a95abca,10,7,53,0.7848165879403168,19,28,2.6037
5,a7b79167a48b,7,4,53,0.7447409475228259,12,17,2.2863
5,a7e735c5993c,15,11,53,0.778783919042415,36,45,3.1047
5,aac25e7d8468,4,0,53,0.7591755916642361,0,4,2.0749
5,aac25e7d8468,4,0,53,0.7842863166066357,0,4,2.0963
5,acd4134b8fd2,7,3,53,0.7756595802338637,6,16,2.4178
5,ad2fada5ca55,10,8,53,0.7142492260193914,32,38,2.5585
5,ad31888f15f0,10,7,53,0.7700925219729242,23,34,2.6345
5,adb2ce12a739,17,14,53,0.7319357648916138,41,47,3.9027
5,ae6343d66770,7,4,53,0.7553204649332953,12,17,2.796
5,aea0680411a0,11,7,53,0.7668478597624105,13,21,2.9836
5,aea67b7c2242,9,6,53,0.7277895090307128,12,25,2.8005
5,af0a201762aa,10,8,53,0.7161757380833317,28,33,2.49
5,aff2f1d6be55,12,7,53,0.7121144560823082,19,27,2.9506
5,b0cd699ece2a,9,6,53,0.7440862993870593,12,19,2.6628
5,b38162d761bf,11,9,53,0.7861723856114917,9,16,2.8403
5,b393daf5dc0a,7,3,53,0.7519357928871389,6,11,2.3338
5,b62ea45650c8,20,18,53,0.7440831887459306,55,56,3.3041
5,b911c67dae93,12,7,53,0.7729908634062354,16,26,2.9656
5,ba93c591a12a,7,3,53,0.7644139851961635,3,11,2.4634
5,bb215d5b0cd3,10,7,53,0.720064550224668,23,34,2.6057
5,bdcad8be0e2e,16,14,53,0.762087756290992,46,51,3.0932
5,be2d3fd6e5a9,4,0,53,0.7909512967101586,0,4,2.1536
5,be2d3fd6e5a9,4,0,53,0.7280358512400679,0,4,2.1401
5,bf1593c370d7,13,11,53,0.7222324734113934,33,39,3.1283
5,c06044b25e7e,8,3,53,0.7671388194978138,6,16,2.9795
5,c19525470e9c,11,8,53,0.8048789990739751,26,30,2.5675
5,c1b44a52b4eb,12,7,53,0.7328057600441427,19,28,2.9635
5,c35c737e50f4,13,11,53,0.7154133465751122,38,45,2.8395
5,c527d4e4bea6,5,0,53,0.7477199835840864,0,5,2.2659
5,c7e02d89194a,10,6,53,0.8289261856697592,6,10,2.9135
5,c7f863da692b,12,11,53,0.8000066107331775,35,38,2.8217
5,c8f8cfba2d0a,10,7,53,0.7443588764813475,15,22,2.8303
5,cc7ef5e32419,10,8,53,0.7264247297114766,32,38,2.5025
5,cd763c399386,10,7,53,0.7532194536113921,23,36,2.6751
5,cd83f6e9cb10,10,4,53,0.780023726397374,10,19,3.1621
5,ce1ff82b79e3,11,7,53,0.7467982226033809,16,22,2.621
5,ce73eb763870,11,7,53,0.8037149159699677,23,30,2.8341
5,d1b5248a49c2,11,8,53,0.7769544920009772,28,33,2.5792
5,d28bc0c48242,10,7,53,0.7264556295018905,19,28,2.5789
5,d4a0a85e103c,14,11,53,0.7329262298766527,29,36,3.0471
5,d5bb027f1e42,10,6,53,0.7313053573374447,12,19,2.9202
5,d634a760c945,12,7,53,0.7733948276187654,19,29,2.9536
5,d87f6b00d8b8,7,3,53,0.7439548440680703,6,13,2.2879
5,d885d2bef868,10,8,53,0.7874627748064346,30,36,2.5667
5,d97ccd04f4f5,7,4,53,0.7833347320625258,14,20,2.3479
5,d97ccd04f4f5,7,4,53,0.7786262395589068,14,20,2.3237
5,daef4f5a56dc,8,4,53,0.7782822325841955,14,21,2.5159
5,db9e5810dda9,10,7,53,0.7555929990321394,19,28,2.6924
5,dc02e7377e65,13,10,53,0.7268499750201084,32,40,2.8139
5,dd3d12e5859e,13,10,53,0.7796619971877099,26,32,2.8064
5,dd456576ce45,11,10,53,0.7342780914859228,18,25,2.8389
5,e034a8f3e690,10,7,53,0.762528882575512,18,25,2.6435
5,e13f09b8a58a,4,0,53,0.7629150215018352,0,4,2.0816
5,e1a227f22817,14,11,53,0.805952016266747,29,34,2.9629
5,e292955ede98,12,10,53,0.7810240908403874,26,32,3.1625
5,e425705d298f,10,6,53,0.7286439499521289,6,14,2.8834
5,e556967495b4,7,3,53,0.7860053925480782,3,7,2.4363
5,e603adab834b,8,4,53,0.7324687739706507,10,17,2.7004
5,e6a1abd9ed6a,11,8,53,0.7677909632676441,28,35,2.7084
5,e6ef0fc23911,4,0,53,0.7621059955745184,0,4,2.1458
5,e7a113149909,12,11,53,0.7986186167896829,35,40,3.1378
5,ec3d3cfa1e99,13,11,53,0.7440590611216612,37,37,2.7547
5,ed9992583ace,14,11,53,0.8040810828430496,29,34,3.0407
5,edb832558599,10,7,53,0.7568724849548585,23,29,2.6057
5,ef34cf24eca2,14,10,53,0.7381715491765051,28,33,2.87
5,effb0556a789,11,7,53,0.7445918055709513,21,28,2.9429
5,f04bb4cf9438,10,7,53,0.7290894633231326,21,26,2.6126
5,f23cf4c277c8,13,10,53,0.7857002539322863,19,22,2.8105
5,f2442c369b58,7,4,53,0.756437802728253,12,17,2.2874
5,f2dd6c306f3d,15,14,53,0.7497238663106828,34,37,3.0649
5,f4cb7a4c121f,11,7,53,0.7214425885966441,18,23,2.6868
5,f58e85e5f2fc,7,4,53,0.7258528064108748,12,17,2.7345
5,f7d45e3155b1,17,14,53,0.7279006329920669,46,53,3.925
5,fd403ab3ad13,10,7,53,0.7519180341837105,21,26,2.573
5,fd77ebb0115c,7,3,53,0.764322622194995,3,11,2.4437
6,032f2a1f794e,15,14,53,0.7420395109576239,41,49,3.0531
6,07b16a99f569,4,0,53,0.7181431471930193,0,4,2.1436
6,07b16a99f569,4,0,53,0.7372018544187106,0,4,2.1087
6,081ec42e78f7,14,11,53,0.7271109069548374,30,30,2.7743
6,087c2397e3b9,10,8,53,0.7084937255730126,30,36,2.4829
6,09cac52e03c5,8,3,53,0.7139749149004343,3,11,2.6604
6,0a0ec1d37b3a,11,8,53,0.7127352263982392,26,32,2.6926
6,0ace4c49ce0d,10,7,53,0.7363063045695999,23,34,2.5963
6,0d3379fcd92e,9,4,53,0.711038157724803,8,11,2.5913
6,0fd685f341b9,13,11,53,0.7742675723866721,31,39,2.9632
6,13b3a2e1d851,9,7,53,0.7588308550619796,17,24,2.6809
6,13e3290c60c3,8,4,53,0.7491035093957608,8,10,2.3625
6,185fb8c393f2,16,13,53,0.7545104841350114,37,44,3.0577
6,18822d7be99e,15,11,53,0.7471731836409028,30,36,2.9691
6,19f564e45cac,13,11,53,0.7608632002411052,37,38,2.6371
6,1a327720d981,10,6,53,0.7644715482018594,6,12,2.8377
6,1ae88e1d1d7f,13,10,53,0.850600714088883,35,39,2.8897
6,1f1a353443ff,18,15,53,0.8128805424381375,52,64,3.3944
6,21c65f7203a0,10,7,53,0.7128423862473714,21,26,2.6029
6,26418dc6e0ee,11,7,53,0.7894782978921105,21,29,2.8068
6,2809196352c7,11,7,53,0.8466676788587868,11,16,3.271
6,28802c83d793,13,10,53,0.7471464364365118,30,37,3.2794
6,28f1da047f96,11,8,53,0.7044154129447788,28,34,2.6606
6,29deebce271b,20,18,53,0.8019972555314527,61,55,3.1741
6,2b61da1d3456,10,7,53,0.7073553045696249,18,23,2.599
6,2b61da1d3456,10,7,53,0.7318160136151836,18,23,2.6037
6,2b8362192d2d,11,8,53,0.7440373937753566,28,32,2.5779
6,2ba422ff959d,10,6,53,0.7355297213089125,6,12,2.7879
6,2f1d469e0621,10,7,53,0.7716458790024943,23,29,2.6353
6,2f32cd0a3c4d,16,14,53,0.750568197048027,37,45,3.0351
6,32b4d3fc16fc,12,7,53,0.7388265639359504,14,20,2.7612
6,333ab963d46a,21,19,53,0.7226734391492107,62,59,3.0089
6,34f123fd3ec6,13,8,53,0.7221508338998249,26,34,3.0305
6,38b430020648,17,14,53,0.813943365456706,44,47,3.0776
6,39d826a64d6e,12,8,53,0.7937668399193437,30,36,2.8916
6,3b7c3105dcd1,4,0,53,0.7814022078666512,0,4,2.164
6,3bdb74a459a0,7,3,53,0.7553148327403265,6,12,2.2946
6,3dad662f670d,7,3,53,0.7545996468908073,3,7,2.6329
6,3e2ea6bf44f2,13,10,53,0.7178227225330882,31,33,2.8057
6,3f67bd150e7e,12,8,53,0.7659853343336349,24,28,2.6873
6,3ff0891a23b4,11,7,53,0.7455753948096926,14,17,2.5118
6,405edde9d63e,12,10,53,0.7718929800997455,26,31,2.7889
6,416d695ef2a9,12,8,53,0.7282325779897787,22,28,2.6607
6,41d7711f8da8,16,17,53,0.7208996034331194,43,49,3.1753
6,424f11391ed6,7,3,53,0.7595947172116739,3,7,2.2252
6,425a34f5481f,13,8,53,0.7998065405288951,24,29,2.8947
6,43e4afecd68d,12,10,53,0.720897812283952,18,22,2.9608
6,45fbe260ae4b,17,15,53,0.818786707722735,45,48,3.1576
6,47cfd51f60f9,11,7,53,0.7710900203557118,21,26,2.8048
6,4a81dc62cff5,10,7,53,0.7429157799114646,19,28,2.5845
6,4b0a53601342,10,7,53,0.7856275778292379,23,29,2.6142
6,4b8bfdff4376,13,10,53,0.8067455798812008,30,35,2.8963
6,4d849d675549,12,7,53,0.7580847987173761,19,27,2.8802
6,4da117fd5f9e,9,4,53,0.752768493482166,10,17,2.6935
6,505050dbc623,12,10,53,0.7480897162065687,24,30,2.8476
6,5084c5abd678,11,7,53,0.7548388729626907,23,30,2.8821
6,52143ae4ac4b,7,4,53,0.7579453709729282,14,20,2.3845
6,529f94be7b94,13,10,53,0.7450051564797261,30,33,2.6809
6,5434f6036ce1,8,4,53,0.7376975183046293,10,14,2.3132
6,567df35fe74e,10,8,53,0.7141260271960183,28,33,2.5342
6,57042f8c2ffb,12,7,53,0.6911584771448702,16,24,2.8393
6,581655648b3f,14,11,53,0.7428244602884285,36,43,2.8139
6,5a05c3a7a0ad,11,7,53,0.7965181923129151,11,13,2.7448
6,5aa8640764b7,11,7,53,0.7510877515144209,19,29,2.8352
6,5be19cc3807a,12,9,53,0.8294735787539128,18,23,2.7506
6,5c8acd9c9626,13,10,53,0.754827837688162,26,32,3.0311
6,5c8ed695e32b,15,11,53,0.7489122782452369,32,38,3.0627
6,5de5b9e405b4,10,8,53,0.7243528551747707,32,38,2.7004
6,5f60874932a6,4,0,53,0.7116539682633993,0,4,2.1621
6,603a6e304429,15,15,53,0.7170414588795396,49,49,2.9275
6,61c04d782603,7,4,53,0.7191744845291468,12,17,2.3389
6,61d8ee298451,14,12,53,0.7922913180035216,44,40,2.697
6,648dcfd39060,10,7,53,0.7808913385045997,11,15,2.6757
6,660686604c65,10,6,53,0.6938841378650643,15,24,2.5816
6,69c911bef303,13,10,53,0.7816577663623563,31,34,2.9048
6,6bced5a08fbb,7,3,53,0.7802799855109144,6,10,2.2122
6,6c06e2848b17,11,6,53,0.760887854010709,12,23,2.7904
6,6c1699daf1ec,16,15,53,0.8305638435405512,47,47,2.9376
6,6c71145ed992,8,4,53,0.7526617449177125,10,13,2.6558
6,6dd137af510f,7,3,53,0.7737891915781254,6,16,2.5783
6,6df3d7537ca4,7,4,53,0.7255747155487453,12,17,2.3327
6,6e06b1ddc9fb,11,8,53,0.7779363615732255,24,27,2.6049
6,6f8fa4b32dbf,15,13,53,0.8275610321539065,36,43,2.9583
6,712d8aea6e74,15,12,53,0.7475102873362937,44,43,2.932
6,7142c7ec31af,14,11,53,0.7461577065116348,32,35,2.9774
6,725b84d71dba,12,11,53,0.719855929430237,35,42,2.7592
6,7623f278a174,7,4,53,0.7214368153566848,14,21,2.5387
6,772495a64140,7,4,53,0.6963500962465476,14,20,2.3824
6,7b1426f62ef4,11,6,53,0.7364319081984741,15,30,2.9087
6,7d0602e48197,11,6,53,0.7851036466985987,13,18,2.6796
6,7e428a0a1e55,13,11,53,0.754418907019071,36,43,2.8306
6,7f3aed384f51,4,0,53,0.7605252642116864,0,4,2.1593
6,7f730f43f251,8,4,53,0.7579875720211356,14,21,2.5886
6,8003fa6cf58d,13,10,53,0.7592552345763438,24,28,2.9512
6,80efcde460dd,4,0,53,0.716997037622181,0,4,2.1319
6,82741cbc2658,14,11,53,0.7526264286666456,37,42,2.9293
6,82a6995d4eda,16,12,53,0.7320898785656231,42,40,3.0804
6,8587c0a363d5,10,6,53,0.7461538008383435,6,14,2.7907
6,880b6af94720,10,7,53,0.739856743729424,19,27,2.4922
6,8b3f5c70e7ed,13,11,53,0.7340635242573328,33,34,2.7507
6,8b975a728ca1,7,4,53,0.7282118241856608,12,17,2.5905
6,8e249f067bad,18,15,53,0.7068171210459723,50,55,3.1658
6,8f62e9e3f581,13,11,53,0.7457496523144884,37,39,2.7782
6,8fea3c837ab6,15,12,53,0.7595635591480164,46,45,2.9495
6,9001feb5dca4,12,10,53,0.7886315117077092,24,30,2.8821
6,9004f02d23b4,11,8,53,0.8801800835000073,30,38,2.6782
6,95b94d178edd,10,8,53,0.7211104999459499,28,33,2.5562
6,95b94d178edd,10,8,53,0.755192360215327,28,33,2.5001
6,97a9fea463c4,7,3,53,0.7318814239369231,6,14,2.4018
6,97fc797ea1be,8,4,53,0.7556591721401983,10,12,2.3448
6,9904b7b570f4,11,8,53,0.7299812078171348,30,37,2.7408
6,99bd7cb33a0a,14,14,53,0.7332805579425015,38,42,2.9528
6,99dd96563435,16,12,53,0.8147509510728365,38,41,3.0505
6,9ad604f29ffc,10,6,53,0.8139906191016324,12,20,2.5227
6,9ceb2d4f4a42,7,4,53,0.7499260588215538,14,21,2.3318
6,9d3d9df7db75,9,6,53,0.7721746294514071,12,15,2.6198
6,9d5a063356a2,17,15,53,0.760107857989529,49,46,2.8562
6,9eaeedb418c6,13,10,53,0.7747050390248137,29,34,2.6437
6,9edce499b0b6,11,7,53,0.7475501060716144,19,28,2.7767
6,9eff2576ed49,15,13,53,0.7840452315082598,37,47,3.1583
6,a1defaf7f589,15,11,53,0.7030785985220228,32,41,3.0576
6,a549e071c526,13,10,53,0.7489302987488343,29,38,2.8508
6,a5d4bf93423d,12,10,53,0.8022100216106122,27,35,2.8236
6,a5f93a95abca,10,7,53,0.7094687100024357,19,28,2.5871
6,a5f93a95abca,10,7,53,0.7426971326398509,19,28,2.5995
6,a70ed100eec4,7,3,53,0.7241191358097447,3,11,2.5291
6,a7b79167a48b,7,4,53,0.7212734551780041,12,17,2.4007
6,a7e735c5993c,15,11,53,0.739002417933345,36,45,3.1316
6,a93636c18ddd,11,9,53,0.767471416976433,9,14,2.7293
6,a9ddf26dfed5,16,12,53,0.7608030413386159,40,40,2.9965
6,aac25e7d8468,4,0,53,0.7693594572172383,0,4,2.1622
6,aac25e7d8468,4,0,53,0.7349846815400612,0,4,2.1008
6,ac2c817914ff,10,6,53,0.7051241367635853,6,15,2.8712
6,ad31888f15f0,10,7,53,0.7424555638701502,23,34,2.6078
6,ae6343d66770,7,4,53,0.7146902814599696,12,17,2.3645
6,aea67b7c2242,9,6,53,0.7252848299520042,12,25,2.6229
6,aff2f1d6be55,12,7,53,0.7613655115368853,19,27,3.0147
6,b2615f2dfa4d,13,10,53,0.7064815987746276,31,34,2.8482
6,b38162d761bf,11,9,53,0.7653330504474308,9,16,2.7777
6,b393daf5dc0a,7,3,53,0.7807712829603588,6,11,2.3036
6,b3b8faf2ed00,13,8,53,0.7730357810073201,26,31,2.9054
6,b57e1d722d11,8,3,53,0.7702390890210387,3,8,2.5406
6,b5e9d7ed7c74,13,8,53,0.7627015493488194,24,32,2.9695
6,b62ea45650c8,20,18,53,0.7314344961459012,55,56,3.4684
6,b67a00409f2a,13,10,53,0.804938691220633,27,37,2.8333
6,b911c67dae93,12,7,53,0.8243335556267025,16,26,2.9916
6,ba61f3c9c28a,12,8,53,0.7414143865525694,26,30,2.6932
6,ba93c591a12a,7,3,53,0.7759580493794629,3,11,2.4706
6,bb215d5b0cd3,10,7,53,0.789793582142817,23,34,2.667
6,bdcad8be0e2e,16,14,53,0.7530863619323038,46,51,3.0359
6,be2d3fd6e5a9,4,0,53,0.7614498502702698,0,4,2.3119
6,bf1593c370d7,13,11,53,0.7057244566635984,33,39,2.9828
6,bf65bfaa4dac,18,15,53,0.7104172752124023,48,53,3.2046
6,c06044b25e7e,8,3,53,0.7601248485503243,6,16,2.6857
6,c2f1f4c5d60d,11,8,53,0.8064276780139019,30,38,3.1516
6,c3c785ddee30,10,6,53,0.7531109701383035,6,12,2.7731
6,c527d4e4bea6,5,0,53,0.7191109345340269,0,5,2.3003
6,c6411e817169,12,10,53,0.7606509483428773,24,30,2.9024
6,c7e02d89194a,10,6,53,0.7211792284286775,6,10,2.6542
6,c7f863da692b,12,11,53,0.7956756440889838,35,38,2.7024
6,c9892a4ff469,11,7,53,0.7059968849903537,19,23,2.634
6,cbb8e20b8266,18,17,53,0.7113712627452962,56,68,3.2549
6,cc4fd13f446c,9,4,53,0.7978818566741759,8,11,2.6066
6,cc7ef5e32419,10,8,53,0.7427717520381888,32,38,2.5329
6,cd763c399386,10,7,53,0.7027826434925748,23,36,2.6555
6,cd83f6e9cb10,10,4,53,0.7746970034327909,10,19,3.0269
6,cdd4c0ed71be,7,3,53,0.7766675771228951,6,15,2.435
6,ce01f826e6c8,13,11,53,0.7757263387444698,35,35,2.6874
6,d1b5248a49c2,11,8,53,0.7120238000193396,28,33,2.5667
6,d28bc0c48242,10,7,53,0.7240324534892609,19,28,2.6106
6,d4a0a85e103c,14,11,53,0.6980501679300503,29,36,3.0484
6,d5bb027f1e42,10,6,53,0.7529054052845084,12,19,2.5395
6,d7d451be189c,12,10,53,0.738320121649518,26,31,2.8198
6,d87f6b00d8b8,7,3,53,0.7555010470221377,6,13,2.2821
6,d885d2bef868,10,8,53,0.7463588467479919,30,36,2.5253
6,d97ccd04f4f5,7,4,53,0.7229427024316522,14,20,2.3528
6,d9f38a8cf7b8,8,4,53,0.7463304536045653,10,13,2.3379
6,dcab76ba3eee,13,10,53,0.7502871886052933,28,35,2.8698
6,dd3d12e5859e,13,10,53,0.7534650665067306,26,32,3.0107
6,e425705d298f,10,6,53,0.797102033527711,6,14,2.8847
6,e556967495b4,7,3,53,0.7226418065145278,3,7,2.2861
6,e603adab834b,8,4,53,0.8150184662444787,10,17,2.5122
6,e6ef0fc23911,4,0,53,0.7167683554726477,0,4,2.5182
6,e7a113149909,12,11,53,0.8035810485215372,35,40,2.8148
6,e842bd68c9b5,15,14,53,0.7235465143660033,43,48,3.1931
6,ebadef829fad,11,7,53,0.7614535542886482,20,27,2.8151
6,ec3d3cfa1e99,13,11,53,0.772330088602453,37,37,2.6502
6,ed9992583ace,14,11,53,0.8196243999857274,29,34,3.046
6,edb832558599,10,7,53,0.7234233022252158,23,29,2.7057
6,ef34cf24eca2,14,10,53,0.7996432641917067,28,33,2.8426
6,effb0556a789,11,7,53,0.74839111167014,21,28,3.0638
6,f06f9325eb17,17,14,53,0.7580591829330011,44,47,3.0803
6,f4cb7a4c121f,11,7,53,0.7575595801473217,18,23,2.6549
6,f58e85e5f2fc,7,4,53,0.7241006597323858,12,17,2.3683
6,f63dc437fe40,13,10,53,0.7580056315617815,31,34,2.885
6,f7d45e3155b1,17,14,53,0.7793461852801626,46,53,3.1599
6,f94098ac90e0,10,7,53,0.7273119164816839,18,23,2.5635
6,fd403ab3ad13,10,7,53,0.7442464121700539,21,26,2.62
6,fd8e4f2a036c,16,12,53,0.7093179053903899,42,42,2.9815
7,0219ada14906,8,3,53,0.7512771664154126,6,13,2.8416
7,07b16a99f569,4,0,53,0.6737888333620616,0,4,3.2566
7,084885d3b4e7,16,13,53,0.7328265610168733,38,48,3.3854
7,0a0ec1d37b3a,11,8,53,0.727027841857061,26,32,2.7016
7,0a626311f373,6,0,53,0.7221083754690919,0,6,2.7685
7,0ace4c49ce0d,10,7,53,0.7492580801384873,23,34,2.5598
7,0f69573f48b4,11,7,53,0.7671905213106999,19,33,2.9841
7,10061d851073,7,3,53,0.7260701895826185,6,10,2.5866
7,13e3290c60c3,8,4,53,0.745561195338225,8,10,2.6832
7,1430da53c2a0,10,6,53,0.7245925253296257,15,27,3.0897
7,185fb8c393f2,16,13,53,0.7653032964153414,37,44,3.0186
7,19f564e45cac,13,11,53,0.7260074864553926,37,38,2.7278
7,1a466658c2cf,9,6,53,0.7245446907307073,6,13,2.8594
7,1b4767086792,7,3,53,0.789634071560188,3,7,2.6755
7,2216cbb95191,7,3,53,0.7240678127081375,3,11,2.8608
7,223bdd32245f,7,3,53,0.6961866713870083,6,14,2.8146
7,229a68739fb5,10,4,53,0.7244613622109246,14,22,3.3436
7,22d92a4329d5,7,3,53,0.7641948440649731,3,11,2.4903
7,26f2a46ff69a,11,7,53,0.7695933591777258,16,22,3.1127
7,2809196352c7,11,7,53,0.767821564787864,11,16,2.8927
7,286b82e1c66e,9,6,53,0.7232553642754956,12,19,3.098
7,28c25a69d935,11,7,53,0.7421836219887096,13,19,3.1823
7,2cd183b329d6,7,4,53,0.729673696738457,12,17,2.7911
7,2e362e975f88,10,4,53,0.7207078768622448,10,17,3.3315
7,2f32cd0a3c4d,16,14,53,0.7311713477949715,37,45,3.2657
7,2fbdcc4adecc,12,7,53,0.7380372321265809,16,23,3.3142
7,313beb228912,7,3,53,0.7163131807816355,3,7,2.3913
7,333ab963d46a,21,19,53,0.7648160952218527,62,59,3.0334
7,3373316e24eb,14,11,53,0.7427781954343738,32,33,3.2345
7,34f123fd3ec6,13,8,53,0.7640688081013991,26,34,2.9649
7,35db80de5ba2,5,0,53,0.6876291214684268,0,5,2.7242
7,38034bcca173,8,4,53,0.7046060460864624,14,22,2.6774
7,39d826a64d6e,12,8,53,0.7057917108163094,30,36,2.9785
7,3ab7b00193de,10,4,53,0.75014869164578,10,18,3.3559
7,3b7c3105dcd1,4,0,53,0.7225997976083706,0,4,2.2266
7,3bdb74a459a0,7,3,53,0.7443336507203796,6,12,2.2587
7,3cfcf1eac104,7,3,53,0.7721851060021768,6,11,2.4915
7,3dad662f670d,7,3,53,0.7682940857795761,3,7,2.8966
7,3dc4f3b3316b,7,3,53,0.7539234216269959,6,13,2.4444
7,40b96b7d3fd4,10,6,53,0.7404919324356793,15,27,3.2884
7,424f11391ed6,7,3,53,0.7329666180812845,3,7,2.3011
7,43e4afecd68d,12,10,53,0.7184248590744267,18,22,2.7787
7,45b29e420d5a,12,7,53,0.7875767420287118,16,26,4.1344
7,48777ec3433c,7,3,53,0.7313343824653512,6,14,2.4445
7,4a81dc62cff5,10,7,53,0.7161876223470508,19,28,2.5456
7,4b0a53601342,10,7,53,0.7088990981243007,23,29,2.7111
7,4b8bfdff4376,13,10,53,0.7335234365975352,30,35,3.5061
7,4b93212e4b20,11,7,53,0.7389388803191431,19,28,2.8402
7,4da117fd5f9e,9,4,53,0.7344198305890323,10,17,2.591
7,4e07cd71e102,10,4,53,0.7369627709547419,10,17,3.3175
7,5209d32e5e24,10,6,53,0.7127567055099827,15,27,3.0681
7,52143ae4ac4b,7,4,53,0.7119779375090831,14,20,2.3662
7,529f94be7b94,13,10,53,0.7815752384499789,30,33,2.9888
7,5434f6036ce1,8,4,53,0.7278966773735078,10,14,2.8541
7,54e011fc56a6,7,3,53,0.7319060920063598,6,13,2.4628
7,57042f8c2ffb,12,7,53,0.7534995106997466,16,24,2.8173
7,581655648b3f,14,11,53,0.7121888737228358,36,43,3.2336
7,5c8acd9c9626,13,10,53,0.7619698510629266,26,32,3.2721
7,5e8c262f8237,7,4,53,0.7652620312772362,14,21,2.6694
7,5ea61b4399ae,7,3,53,0.7690781676453281,3,7,2.6326
7,5f60874932a6,4,0,53,0.7082563394266467,0,4,2.2541
7,6059f1369717,11,7,53,0.7407064106241267,20,26,3.1461
7,61c04d782603,7,4,53,0.7073610188010143,12,17,2.6915
7,61d8ee298451,14,12,53,0.8018073683886854,44,40,2.9146
7,6461a023e423,12,9,53,0.705225854680264,21,34,3.3832
7,65d0a0a3e17f,5,0,53,0.7632017718072437,0,5,2.5421
7,660686604c65,10,6,53,0.766562668419231,15,24,2.5246
7,6a4e45974819,8,3,53,0.7338167117588522,3,8,2.7284
7,6b5c74288ed2,16,13,53,0.727979779275689,34,43,3.3016
7,6bced5a08fbb,7,3,53,0.7355216433749593,6,10,2.463
7,6c06e2848b17,11,6,53,0.7199915003084719,12,23,3.5096
7,6c1699daf1ec,16,15,53,0.7793382710864466,47,47,3.1231
7,6c71145ed992,8,4,53,0.7428791208265239,10,13,2.6836
7,6dd137af510f,7,3,53,0.7022653567234838,6,16,2.6296
7,6df3d7537ca4,7,4,53,0.6996381136158074,12,17,2.4283
7,712d8aea6e74,15,12,53,0.7312938437401594,44,43,3.3846
7,733a896834f2,10,4,53,0.701911603917967,10,17,3.4277
7,735e629afc5b,11,7,53,0.7297716964543128,16,22,2.9785
7,7623f278a174,7,4,53,0.6984072927741694,14,21,2.7734
7,772495a64140,7,4,53,0.7156520088964198,14,20,2.5128
7,772495a64140,7,4,53,0.7292335905094451,14,20,2.8684
7,7a594386975c,10,6,53,0.6959667875003748,15,27,3.1244
7,7ad43da26cce,8,4,53,0.7437899050399787,14,22,2.9889
7,7b8e4511db9b,7,3,53,0.7371823843234643,6,14,2.7325
7,7e428a0a1e55,13,11,53,0.7364392681526458,36,43,2.7858
7,7e61bf738ca3,16,14,53,0.7505928321162904,40,43,3.4757
7,7ebcc2bebfb3,11,7,53,0.8144881962852486,16,21,2.9836
7,7f3aed384f51,4,0,53,0.7073754797614664,0,4,2.2667
7,7f9a014d9911,15,11,53,0.7025713297958331,34,38,3.4908
7,8003fa6cf58d,13,10,53,0.7137269820435254,24,28,3.9567
7,80efcde460dd,4,0,53,0.7123343759031082,0,4,2.4176
7,80efcde460dd,4,0,53,0.7172384239741081,0,4,2.2666
7,82741cbc2658,14,11,53,0.7180640219306308,37,42,3.7126
7,82a6995d4eda,16,12,53,0.7206117941151704,42,40,3.0567
7,82b3a5013b2b,19,16,53,0.6851226538330673,60,60,3.8926
7,83c6e5e80cc7,11,7,53,0.7348779428033406,21,27,3.194
7,879be535854a,12,7,53,0.749947871200244,19,30,3.4426
7,880b6af94720,10,7,53,0.7132899649414429,19,27,2.7239
7,8b3f5c70e7ed,13,11,53,0.7528586748958104,33,34,2.7301
7,8b975a728ca1,7,4,53,0.7232678952132132,12,17,2.9507
7,8c12862007da,11,7,53,0.7299169913169619,16,23,2.8642
7,8e249f067bad,18,15,53,0.6915255255801426,50,55,3.6864
7,8fea3c837ab6,15,12,53,0.7545965739595135,46,45,2.93
7,9004f02d23b4,11,8,53,0.7506888220276504,30,38,3.0939
7,92bf5d3f4089,15,11,53,0.7468432064658055,34,39,3.3237
7,95b94d178edd,10,8,53,0.7229217213194719,28,33,2.5609
7,97a9fea463c4,7,3,53,0.7556588135173671,6,14,2.377
7,97fc797ea1be,8,4,53,0.7619710065272369,10,12,2.2958
7,98a96477caea,7,3,53,0.7795565293161685,6,12,2.3914
7,98c098f692aa,11,7,53,0.7255607563643802,19,28,3.2695
7,994474cb4f85,12,8,53,0.7688135930946874,30,38,3.0953
7,99bd7cb33a0a,14,14,53,0.7337141630544216,38,42,3.4871
7,9a385bcc0561,14,10,53,0.7595236061679116,29,36,3.2747
7,9ad604f29ffc,10,6,53,0.7169918081570047,12,20,2.6226
7,9ceb2d4f4a42,7,4,53,0.7316077829062665,14,21,2.4778
7,9d3d9df7db75,9,6,53,0.7323919963762419,12,15,2.3508
7,9d5a063356a2,17,15,53,0.718973177140366,49,46,2.8333
7,9eaeedb418c6,13,10,53,0.7083403473281575,29,34,3.0424
7,9fd7d46e374a,11,7,53,0.6828982424605153,20,29,3.3176
7,a0fb4671cd1e,10,4,53,0.7376396204909507,10,19,3.409
7,a5d4bf93423d,12,10,53,0.7277099971202377,27,35,3.2521
7,a70ed100eec4,7,3,53,0.7187439459087543,3,11,2.806
7,a78aba63a411,8,3,53,0.7937721989087531,3,8,2.7025
7,a7b79167a48b,7,4,53,0.7079935479640855,12,17,2.3036
7,a7e735c5993c,15,11,53,0.7689699240037758,36,45,3.122
7,a85f48ad4baa,9,6,53,0.7776185868388804,6,12,3.0255
7,a9da4c01f27d,13,10,53,0.7348299398438308,25,35,3.2603
7,aac25e7d8468,4,0,53,0.7158061494311256,0,4,2.2825
7,aac25e7d8468,4,0,53,0.6868614332245154,0,4,2.5809
7,aba1daaddbd4,8,3,53,0.6956375905280043,6,16,2.9163
7,abf6f0309077,10,6,53,0.7867251043375159,12,17,3.4509
7,abfa5645b4e8,13,8,53,0.7294807684654993,26,33,3.477
7,ac24734484f7,12,7,53,0.7383630948511343,20,27,3.5361
7,ad31888f15f0,10,7,53,0.6947634580836902,23,34,2.5544
7,ae6343d66770,7,4,53,0.7282349368344232,12,17,2.5187
7,aea67b7c2242,9,6,53,0.7199911494438659,12,25,2.618
7,aff2f1d6be55,12,7,53,0.8223114903003081,19,27,3.2644
7,b38162d761bf,11,9,53,0.73585663831706,9,16,2.9515
7,b393daf5dc0a,7,3,53,0.6991062785876262,6,11,3.2905
7,b43651e7d462,5,0,53,0.7225770284312444,0,5,2.7025
7,b49034c9d4f6,12,10,53,0.7115963928692035,26,31,2.9049
7,b549240da1ab,7,3,53,0.7285890208534271,3,7,2.6454
7,b62ea45650c8,20,18,53,0.7842911136417474,55,56,3.2858
7,b65b133e7aea,14,10,53,0.7288896726234784,26,30,3.1846
7,b726388bc8cb,14,11,53,0.7167418430885979,34,43,3.2654
7,b911c67dae93,12,7,53,0.725938226149728,16,26,3.367
7,ba93c591a12a,7,3,53,0.6915002144121278,3,11,2.4901
7,bad26fcc98bf,10,6,53,0.7023343272114048,15,25,2.9775
7,bc9d158249f5,10,6,53,0.7100115652112786,12,20,2.9654
7,bdcad8be0e2e,16,14,53,0.7675940506599861,46,51,4.6547
7,bdfabb55c4ab,10,7,53,0.7066470030703637,19,27,2.7007
7,be2d3fd6e5a9,4,0,53,0.7308459963175494,0,4,2.5183
7,bf1593c370d7,13,11,53,0.7203211176359002,33,39,3.1414
7,c06044b25e7e,8,3,53,0.7390405749703425,6,16,2.6387
7,c527d4e4bea6,5,0,53,0.6997531139249382,0,5,2.2559
7,c5d8e0a4972a,6,0,53,0.7004517942542932,0,6,2.7924
7,c7554b33ac8e,10,6,53,0.733752977636985,15,25,3.0652
7,c7e02d89194a,10,6,53,0.7237004758625181,6,10,2.938
7,c7f863da692b,12,11,53,0.7560476972983734,35,38,2.7339
7,c80d36508aea,8,4,53,0.7705753732443031,10,13,2.416
7,cd763c399386,10,7,53,0.6839249200994459,23,36,2.8095
7,cd83f6e9cb10,10,4,53,0.7744604200349202,10,19,3.0698
7,d08ae9407ddb,8,3,53,0.7144394621425035,6,19,3.0225
7,d0d73b0b12f6,15,11,53,0.7275086256776581,32,38,3.1746
7,d1b5248a49c2,11,8,53,0.7654940605155496,28,33,2.4914
7,d28bc0c48242,10,7,53,0.6992729977463445,19,28,2.5391
7,d3de2b12f218,14,10,53,0.7613706954204911,25,34,3.16
7,d45c1574c4c0,5,0,53,0.7141990793741857,0,5,2.6299
7,d48f3cbc620e,8,3,53,0.7087616139261287,6,19,2.6986
7,d4964c8cce6f,17,14,53,0.7163417587651436,45,57,3.1398
7,d4a0a85e103c,14,11,53,0.7615797657765793,29,36,3.0516
7,d5bb027f1e42,10,6,53,0.7406100160510376,12,19,2.6338
7,d6e4ce4bae36,11,6,53,0.7003872873323685,12,25,3.0188
7,d7192f6cbb3b,14,11,53,0.7126989754143838,34,41,3.1108
7,d87f6b00d8b8,7,3,53,0.6953465625659373,6,13,2.4902
7,d885d2bef868,10,8,53,0.7201574365940333,30,36,2.5191
7,d8d62c3a5990,7,0,53,0.7262867234496609,0,5,3.1775
7,d97ccd04f4f5,7,4,53,0.6999726272268129,14,20,2.7477
7,d97ccd04f4f5,7,4,53,0.7601385836095208,14,20,2.2913
7,db7e69c6fa43,15,11,53,0.7456092378491083,36,48,3.5532
7,dd3d12e5859e,13,10,53,0.7411504782259418,26,32,2.7869
7,e13f09b8a58a,4,0,53,0.7078385289042886,0,4,2.3036
7,e40bfcf340cb,8,3,53,0.7807234989038832,3,8,2.9436
7,e425705d298f,10,6,53,0.729811817473339,6,14,2.8121
7,e556967495b4,7,3,53,0.7093094240478083,3,7,2.4161
7,e556967495b4,7,3,53,0.7191403734934475,3,7,2.2755
7,e5eb108f43cd,4,0,53,0.6964492747071167,0,4,2.4258
7,e603adab834b,8,4,53,0.7407449280975573,10,17,2.748
7,e6125982748f,13,10,53,0.7217059161219258,25,33,3.013
7,e6ef0fc23911,4,0,53,0.7395225182505641,0,4,2.4773
7,e7a113149909,12,11,53,0.7755523990243021,35,40,2.7428
7,e9b941291024,10,4,53,0.7853174958152747,10,17,3.3872
7,e9e4ce1b9992,7,4,53,0.7105151144980955,14,21,2.649
7,ec3d3cfa1e99,13,11,53,0.7137367935413925,37,37,2.9745
7,ece6cf37387d,8,4,53,0.7298160959972385,10,16,2.9094
7,ed9992583ace,14,11,53,0.7442253901487363,29,34,3.3638
7,ef34cf24eca2,14,10,53,0.7571679501231058,28,33,3.2423
7,efee0be5e988,7,0,53,0.7002075872026008,0,5,3.166
7,effb0556a789,11,7,53,0.716111161904176,21,28,2.8784
7,f4cb7a4c121f,11,7,53,0.7832978463122168,18,23,2.6219
7,f7d45e3155b1,17,14,53,0.757822807556388,46,53,3.3519
7,f807f337afdd,8,4,53,0.7115173548990997,10,17,2.8968
7,fd1cddbac148,14,10,53,0.7445094317689926,26,32,3.1295
7,fd77ebb0115c,7,3,53,0.7234878220531454,3,11,2.6775
7,fe4bd5b21d91,14,11,53,0.7334227133487623,37,38,3.6289
8,01aae27c5b87,12,7,53,0.7940334610889987,16,23,2.9706
8,0219ada14906,8,3,53,0.7446190924427349,6,13,2.6211
8,06fad203038f,9,6,53,0.8306059577273198,6,13,2.9643
8,07b16a99f569,4,0,53,0.7343239248983627,0,4,2.1632
8,07b16a99f569,4,0,53,0.7253495346868474,0,4,2.2798
8,0a0ec1d37b3a,11,8,53,0.764329971805055,26,32,3.4838
8,0ace4c49ce0d,10,7,53,0.8398811832376889,23,34,3.1269
8,0beaa6097ab1,18,15,53,0.7316829379855978,50,60,3.3012
8,0c18287a2413,17,14,53,0.7887297715428262,44,46,3.1601
8,0f5b00222590,11,7,53,0.7852366421177176,19,30,2.8593
8,10061d851073,7,3,53,0.7616206882800753,6,10,2.2953
8,106feecd14a4,7,4,53,0.7770499437248278,14,21,2.4941
8,12d19e69c38f,16,15,53,0.7526240422498423,47,48,3.0972
8,13e3290c60c3,8,4,53,0.7793362573278046,8,10,2.4284
8,1533e7d145eb,8,4,53,0.8066083419287835,10,12,2.4723
8,15c980eee193,12,10,53,0.768643317400435,32,42,3.0074
8,185fb8c393f2,16,13,53,0.7656841539465441,37,44,3.4841
8,19f564e45cac,13,11,53,0.7618772215945481,37,38,2.9326
8,1a42d6c4292d,9,6,53,0.7987140268081236,6,12,2.9449
8,1a466658c2cf,9,6,53,0.8004821709140347,6,13,2.9646
8,1d1b935d150d,15,11,53,0.8277974443260124,35,38,3.0971
8,1d8e9d91b39f,9,6,53,0.7528498430250103,6,15,3.0814
8,2216cbb95191,7,3,53,0.7526741866852739,3,11,2.7739
8,223bdd32245f,7,3,53,0.7589084736972491,6,14,2.9068
8,223bdd32245f,7,3,53,0.7603321006699553,6,14,2.4603
8,22d92a4329d5,7,3,53,0.763591430793119,3,11,2.5111
8,2809196352c7,11,7,53,0.7888155657023525,11,16,3.1682
8,281455fc1020,7,3,53,0.8220361193901881,6,15,2.5111
8,286b82e1c66e,9,6,53,0.8149508001937438,12,19,2.7336
8,28c25a69d935,11,7,53,0.7968874783910644,13,19,3.1505
8,293cc854ffbe,4,0,53,0.7419875455947176,0,4,2.1009
8,295336f7e8ca,8,3,53,0.729291704043095,3,11,3.0256
8,2b8762c2e455,9,4,53,0.7656705005656375,10,19,2.8643
8,2cb085b619fd,10,7,53,0.7925087283119596,21,27,2.9244
8,2cd183b329d6,7,4,53,0.7433138633960361,12,17,2.4268
8,2e362e975f88,10,4,53,0.7480275005326371,10,17,3.2931
8,2f32cd0a3c4d,16,14,53,0.8847042379730258,37,45,3.0965
8,2fbdcc4adecc,12,7,53,0.7391800311017164,16,23,3.0317
8,333ab963d46a,21,19,53,0.7578035399256267,62,59,3.3626
8,33ef6291059e,12,7,53,0.7631511776227622,19,31,3.2248
8,34f123fd3ec6,13,8,53,0.7800256297447212,26,34,3.2909
8,35db80de5ba2,5,0,53,0.7598723451381458,0,5,2.7507
8,39d826a64d6e,12,8,53,0.7691466627808886,30,36,3.433
8,3ab7b00193de,10,4,53,0.7854909725940334,10,18,3.4453
8,3b7c3105dcd1,4,0,53,0.7175100066281299,0,4,2.1903
8,3bdb74a459a0,7,3,53,0.8198233667890652,6,12,2.5587
8,3dad662f670d,7,3,53,0.8153990457221223,3,7,2.5244
8,40145a133833,7,3,53,0.7483013471601603,6,17,2.503
8,40ac935b79f7,7,3,53,0.7302289223775154,3,11,2.786
8,424f11391ed6,7,3,53,0.8134302869353619,3,7,2.2373
8,4311fdc9b50e,7,3,53,0.8016282716121347,3,7,2.321
8,43e4afecd68d,12,10,53,0.7577623223796702,18,22,2.9646
8,45b29e420d5a,12,7,53,0.7681146636453747,16,26,3.1078
8,4a0e038bfc00,11,7,53,0.8154222618101395,16,21,2.7598
8,4a81dc62cff5,10,7,53,0.7628805052411285,19,28,3.4799
8,4b0a53601342,10,7,53,0.8487330655138149,23,29,2.6583
8,4b8bfdff4376,13,10,53,0.798521433502059,30,35,2.9694
8,4da117fd5f9e,9,4,53,0.7376572870285829,10,17,3.0586
8,4e07cd71e102,10,4,53,0.7351052246565443,10,17,2.9796
8,52143ae4ac4b,7,4,53,0.7578923219178588,14,20,2.5247
8,529f94be7b94,13,10,53,0.8137182069932904,30,33,2.8107
8,5434f6036ce1,8,4,53,0.756552584075045,10,14,2.5597
8,543dd247a90a,10,7,53,0.7352185136921198,19,22,2.8328
8,553ef9c9c7b4,10,4,53,0.7310404309022419,10,17,3.0239
8,56a13d3181b9,11,7,53,0.8304727403556813,13,20,3.3922
8,57042f8c2ffb,12,7,53,0.7851284886949057,16,24,2.9242
8,581655648b3f,14,11,53,0.7456057049757212,36,43,3.0919
8,5c8acd9c9626,13,10,53,0.7740946518881409,26,32,3.1718
8,5f60874932a6,4,0,53,0.7424915254968647,0,4,2.2043
8,60f71c5f5f44,12,9,53,0.7662466688724545,21,25,2.9918
8,61c04d782603,7,4,53,0.7375886683610123,12,17,2.3729
8,61d8ee298451,14,12,53,0.8216263370660165,44,40,3.134
8,64748b697657,19,17,53,0.7584331161283483,59,69,3.2872
8,660686604c65,10,6,53,0.8176448277750089,15,24,2.641
8,691699a44ffd,11,8,53,0.7792482674334843,28,35,2.9119
8,6bced5a08fbb,7,3,53,0.7997047768095799,6,10,2.5759
8,6c06e2848b17,11,6,53,0.7244606353137383,12,23,3.0186
8,6c1699daf1ec,16,15,53,0.7715520846451261,47,47,3.4704
8,6c71145ed992,8,4,53,0.8507193240969152,10,13,2.5208
8,6dd137af510f,7,3,53,0.8144420570293608,6,16,2.588
8,6df3d7537ca4,7,4,53,0.7885919965848902,12,17,2.5281
8,712d8aea6e74,15,12,53,0.8721861427886182,44,43,3.1748
8,712f16159d55,8,4,53,0.7942992954132116,10,18,2.6518
8,71a4827e754f,18,15,53,0.8625117724405728,50,54,3.3492
8,733a896834f2,10,4,53,0.7366179968010129,10,17,2.9739
8,748c47b13a8d,8,3,53,0.8003236139667028,3,8,2.5092
8,7623f278a174,7,4,53,0.7873033890234162,14,21,2.6589
8,772495a64140,7,4,53,0.7662228396651337,14,20,2.4066
8,7b8e4511db9b,7,3,53,0.7498441144888596,6,14,2.4378
8,7e428a0a1e55,13,11,53,0.7886704035800479,36,43,3.0508
8,7e61bf738ca3,16,14,53,0.7789198654465915,40,43,3.2226
8,7f3aed384f51,4,0,53,0.7633444222105447,0,4,2.191
8,7f9a014d9911,15,11,53,0.7523332745005487,34,38,3.1662
8,8003fa6cf58d,13,10,53,0.7880905824876911,24,28,2.9792
8,80efcde460dd,4,0,53,0.7624912685837837,0,4,2.3578
8,82741cbc2658,14,11,53,0.7464643281899619,37,42,3.1005
8,82a6995d4eda,16,12,53,0.8145022030264623,42,40,3.2942
8,82b3a5013b2b,19,16,53,0.733439498107183,60,60,3.4064
8,83cb5fb3aa7f,10,6,53,0.7842437574460706,15,28,3.0856
8,867b77e26519,10,4,53,0.7467573096828167,10,17,3.0448
8,8744ead38054,14,10,53,0.7835382442932588,28,33,3.0125
8,880b6af94720,10,7,53,0.7693819902063098,19,27,2.4946
8,88bd49c35f23,7,3,53,0.8040864758376639,3,11,2.7803
8,891a9c9ecea2,10,6,53,0.785771884500099,12,20,2.7654
8,8a1b91cc9467,4,0,53,0.7808153789516908,0,4,2.1473
8,8b3f5c70e7ed,13,11,53,0.8390333773074821,33,34,3.0106
8,8b975a728ca1,7,4,53,0.7924735649665993,12,17,2.403
8,8e249f067bad,18,15,53,0.7309158424013305,50,55,3.6712
8,8fea3c837ab6,15,12,53,0.7829270787532836,46,45,3.1707
8,9004f02d23b4,11,8,53,0.8022447874198456,30,38,2.7374
8,95b94d178edd,10,8,53,0.8041656023618144,28,33,2.7971
8,97a9fea463c4,7,3,53,0.7687086428101317,6,14,2.7834
8,97fc797ea1be,8,4,53,0.7873404884118984,10,12,2.6986
8,99bd7cb33a0a,14,14,53,0.8227037460667979,38,42,3.1738
8,9a7e4a55c544,7,3,53,0.746992259768284,6,14,2.7936
8,9ad604f29ffc,10,6,53,0.7665291529959375,12,20,2.68
8,9ceb2d4f4a42,7,4,53,0.7577643902233224,14,21,2.3823
8,9d3d9df7db75,9,6,53,0.7589338124711783,12,15,2.6698
8,9d5a063356a2,17,15,53,0.7827619200702268,49,46,2.8972
8,9eaeedb418c6,13,10,53,0.7777561021720739,29,34,2.6466
8,a0fb4671cd1e,10,4,53,0.7810747915829934,10,19,3.0611
8,a5d4bf93423d,12,10,53,0.7971898842847608,27,35,2.8923
8,a63ac6429d1d,13,9,53,0.8017230283038105,21,27,2.8531
8,a70ed100eec4,7,3,53,0.7590555418249183,3,11,2.5338
8,a70ed100eec4,7,3,53,0.7438880906497126,3,11,2.7491
8,a7b79167a48b,7,4,53,0.7746498340487054,12,17,2.6657
8,a7b79167a48b,7,4,53,0.7670866158885714,12,17,2.8169
8,a7e735c5993c,15,11,53,0.8297176075067219,36,45,3.3081
8,aac25e7d8468,4,0,53,0.7203875315986112,0,4,2.2308
8,aac25e7d8468,4,0,53,0.7162310382451209,0,4,2.3424
8,abf6f0309077,10,6,53,0.8024190464491244,12,17,2.6601
8,ad31888f15f0,10,7,53,0.7694089239792027,23,34,2.989
8,ae6343d66770,7,4,53,0.7244160143631143,12,17,2.414
8,aea67b7c2242,9,6,53,0.751827675842574,12,25,2.8624
8,aff2f1d6be55,12,7,53,0.8490950565997509,19,27,2.9762
8,b0cd699ece2a,9,6,53,0.7929997107657305,12,19,2.8206
8,b2f59d4b72ae,14,10,53,0.7770211969158899,28,31,2.9318
8,b38162d761bf,11,9,53,0.7990274865127671,9,16,2.8358
8,b393daf5dc0a,7,3,53,0.7703146997197328,6,11,2.3395
8,b62ea45650c8,20,18,53,0.8047987906156031,55,56,3.2452
8,b66ec8e8eb83,9,6,53,0.7998906364324799,6,15,3.0617
8,b726388bc8cb,14,11,53,0.7823241251127232,34,43,3.0313
8,b8ea6b429d8e,10,4,53,0.8195399637566877,14,22,2.9817
8,b911c67dae93,12,7,53,0.7510930260142763,16,26,3.0374
8,ba93c591a12a,7,3,53,0.7699182277343716,3,11,2.6132
8,baadc262f94e,11,6,53,0.7904851058981518,12,20,3.1006
8,bd42f0038d12,9,3,53,0.7557374271932472,3,12,3.2523
8,bdcad8be0e2e,16,14,53,0.7619638364631275,46,51,3.2776
8,bdfabb55c4ab,10,7,53,0.8263999739955866,19,27,2.6053
8,be2d3fd6e5a9,4,0,53,0.774001331798389,0,4,2.1671
8,be2d3fd6e5a9,4,0,53,0.7860717859088944,0,4,2.2056
8,bf1593c370d7,13,11,53,0.7459055959617499,33,39,3.0039
8,c06044b25e7e,8,3,53,0.7900206339801648,6,16,2.8882
8,c4a6e0705920,10,7,53,0.7299436141583105,21,26,2.6325
8,c527d4e4bea6,5,0,53,0.7867883923265542,0,5,2.3171
8,c7e02d89194a,10,6,53,0.789897632639096,6,10,2.7024
8,c7f863da692b,12,11,53,0.8309219585141858,35,38,2.7193
8,c80d36508aea,8,4,53,0.8127368893753438,10,13,2.3538
8,c9bf0769274c,8,3,53,0.8254296711812333,3,11,3.0237
8,ca83fa56d370,14,10,53,0.7930585759938938,28,31,3.2083
8,cd763c399386,10,7,53,0.8032550308640325,23,36,2.6844
8,cd83f6e9cb10,10,4,53,0.8305420041655573,10,19,3.0241
8,d1b5248a49c2,11,8,53,0.731522119519708,28,33,2.9085
8,d28bc0c48242,10,7,53,0.7460842736645802,19,28,3.0162
8,d4a0a85e103c,14,11,53,0.8061401336506849,29,36,3.4939
8,d5bb027f1e42,10,6,53,0.7364058410932812,12,19,2.6115
8,d87f6b00d8b8,7,3,53,0.794653104984143,6,13,2.3809
8,d885d2bef868,10,8,53,0.7581320475235128,30,36,2.9103
8,d97ccd04f4f5,7,4,53,0.7707358306507446,14,20,3.0854
8,dbad3a8db836,16,14,53,0.7877358718293151,48,54,3.1297
8,dbbf5a7b38b3,11,6,53,0.8103493958371405,12,22,3.3689
8,dc1e120715e9,7,3,53,0.7507089022123625,3,7,2.3799
8,dd3d12e5859e,13,10,53,0.7947499105657837,26,32,3.1394
8,e034a8f3e690,10,7,53,0.7496922521913942,18,25,2.6912
8,e13f09b8a58a,4,0,53,0.7908624971225868,0,4,2.1697
8,e425705d298f,10,6,53,0.7851076145416973,6,14,3.2561
8,e556967495b4,7,3,53,0.8042981112627114,3,7,2.3119
8,e556967495b4,7,3,53,0.7964435202159896,3,7,2.5177
8,e59b94318460,8,3,53,0.781427210591643,6,13,2.5847
8,e603adab834b,8,4,53,0.7589063184791546,10,17,2.5828
8,e6ef0fc23911,4,0,53,0.7840762742958891,0,4,2.4494
8,e7a113149909,12,11,53,0.7868538714378036,35,40,3.2636
8,e9e4ce1b9992,7,4,53,0.7919549264749606,14,21,2.3648
8,ea557049c751,12,10,53,0.7741736288513711,23,30,2.8166
8,ec3d3cfa1e99,13,11,53,0.7726695613923684,37,37,2.6637
8,ed9992583ace,14,11,53,0.8292262497977732,29,34,3.2169
8,eea5d0463806,12,7,53,0.7390487811221003,16,23,2.9498
8,ef34cf24eca2,14,10,53,0.8161871211270967,28,33,3.011
8,effb0556a789,11,7,53,0.7900132023924636,21,28,2.9419
8,f237862f101a,12,7,53,0.780189071686387,19,31,3.1871
8,f4cb7a4c121f,11,7,53,0.766334225874841,18,23,3.0708
8,f58e85e5f2fc,7,4,53,0.7500620542260985,12,17,2.4558
8,f61eeaee860d,5,0,53,0.7356478277115002,0,5,2.7158
8,f7d45e3155b1,17,14,53,0.7718814790380805,46,53,3.2046
8,f807f337afdd,8,4,53,0.8386036893984999,10,17,2.6939
9,00edd664bd5e,12,10,53,0.7658627377167442,29,33,2.9162
9,0197b783381d,9,6,53,0.7660051747150903,12,19,2.6001
9,0219ada14906,8,3,53,0.7466139719904012,6,13,2.5872
9,0259740f3871,7,3,53,0.698635118006318,3,11,2.438
9,07b16a99f569,4,0,53,0.7411214919604459,0,4,2.147
9,099273fa8af5,18,15,53,0.7938610303650623,50,54,3.0616
9,0a0ec1d37b3a,11,8,53,0.7668943605915559,26,32,2.7356
9,0ace4c49ce0d,10,7,53,0.7628113465375064,23,34,2.6476
9,0b0b6ffe8214,12,8,53,0.7543448837112845,26,29,2.7806
9,0beaa6097ab1,18,15,53,0.7215186254210127,50,60,3.581
9,0c8ed73ab0ef,10,4,53,0.8247675699280312,10,18,2.8663
9,0fd685f341b9,13,11,53,0.774455551950726,31,39,3.0151
9,10d0f1a57626,14,10,53,0.7311261451405393,25,33,2.9829
9,13e3290c60c3,8,4,53,0.7793387137007705,8,10,2.5063
9,15b87087ca89,14,10,53,0.7392458430125077,28,33,2.9177
9,174b75993e7b,8,4,53,0.7685302146640381,10,17,2.4808
9,185fb8c393f2,16,13,53,0.7222434618485202,37,44,3.0973
9,19f564e45cac,13,11,53,0.7655868948027051,37,38,2.6761
9,1ca34c52576f,15,13,53,0.7726287162325354,38,45,2.9447
9,1d8b9aa69dba,12,9,53,0.8003986493684315,21,28,2.6185
9,1e8e571d8bfe,14,10,53,0.786735741223687,25,33,2.811
9,1f1a353443ff,18,15,53,0.7708751587315655,52,64,3.3214
9,2216cbb95191,7,3,53,0.7707038464602014,3,11,2.4626
9,223bdd32245f,7,3,53,0.727303050324889,6,14,2.4575
9,22d92a4329d5,7,3,53,0.7756911962353144,3,11,2.4541
9,26f2a46ff69a,11,7,53,0.7876146878557736,16,22,2.7435
9,2809196352c7,11,7,53,0.8422654698799397,11,16,3.0441
9,281455fc1020,7,3,53,0.780790536114911,6,15,2.5063
9,286b82e1c66e,9,6,53,0.7734875893769031,12,19,2.6596
9,28f1da047f96,11,8,53,0.7288697392024954,28,34,2.6725
9,294ab4c83231,13,12,53,0.7297257351140025,44,43,2.7023
9,2f32cd0a3c4d,16,14,53,0.7798263724966015,37,45,3.144
9,313beb228912,7,3,53,0.8302963196707103,3,7,2.3265
9,333ab963d46a,21,19,53,0.7445381143643665,62,59,3.0609
9,34f123fd3ec6,13,8,53,0.7736149437545674,26,34,3.0648
9,35db80de5ba2,5,0,53,0.7756825785591559,0,5,2.3947
9,37dc89cb9562,14,10,53,0.7548209848256686,25,33,2.9548
9,39d826a64d6e,12,8,53,0.7429121803825821,30,36,3.0784
9,3b7c3105dcd1,4,0,53,0.7433802379935986,0,4,2.2678
9,3bdb74a459a0,7,3,53,0.756151156571042,6,12,2.3056
9,3dad662f670d,7,3,53,0.7460790447799461,3,7,2.6524
9,3dc4f3b3316b,7,3,53,0.7307004289344528,6,13,2.3342
9,424f11391ed6,7,3,53,0.8611883415066548,3,7,2.2539
9,43e4afecd68d,12,10,53,0.7769391047087547,18,22,2.8396
9,484bf436dbaa,14,10,53,0.7559568686795913,25,34,2.8747
9,4a81dc62cff5,10,7,53,0.7821200051394692,19,28,2.6471
9,4b0a53601342,10,7,53,0.7401317047914734,23,29,2.8355
9,4b8bfdff4376,13,10,53,0.7661500576103537,30,35,2.9368
9,4da117fd5f9e,9,4,53,0.7647240268694818,10,17,2.7025
9,4fff19cb47f7,15,11,53,0.764892856867476,30,34,3.0114
9,52143ae4ac4b,7,4,53,0.7262686536330202,14,20,2.63
9,529f94be7b94,13,10,53,0.7326466313957521,30,33,2.7337
9,541fa76b3fb8,13,9,53,0.7494404544122386,21,30,2.7742
9,5434f6036ce1,8,4,53,0.754708920468388,10,14,2.3947
9,54e011fc56a6,7,3,53,0.7544934364277235,6,13,2.302
9,55ca98d67913,14,11,53,0.7349705776929764,34,37,2.8844
9,567df35fe74e,10,8,53,0.7188043212007991,28,33,2.5606
9,57042f8c2ffb,12,7,53,0.7233346050065077,16,24,2.911
9,581655648b3f,14,11,53,0.7664822465227499,36,43,2.9223
9,58c2b5fd9744,10,6,53,0.7488567610727782,12,23,2.7022
9,5c8acd9c9626,13,10,53,0.7529176769967258,26,32,3.0802
9,5da842c301d0,13,10,53,0.838830146930985,22,30,2.956
9,5e7716dbb0e2,13,9,53,0.7829234879520788,21,29,2.7442
9,5f60874932a6,4,0,53,0.7223740208512595,0,4,2.214
9,5feefe8a8f2a,10,7,53,0.7328422054144977,23,34,2.6288
9,61c04d782603,7,4,53,0.7307613799807283,12,17,2.3704
9,61d8ee298451,14,12,53,0.7740297859937129,44,40,2.9416
9,660686604c65,10,6,53,0.814623883028541,15,24,2.607
9,667ab36f8d62,13,10,53,0.7277138982858681,25,31,2.8508
9,6986adc6eeac,14,10,53,0.7401022375008565,25,33,2.979
9,6b5c74288ed2,16,13,53,0.7410326624619847,34,43,2.9649
9,6bced5a08fbb,7,3,53,0.716971192084832,6,10,2.2538
9,6c06e2848b17,11,6,53,0.7760902302528093,12,23,2.8004
9,6c1699daf1ec,16,15,53,0.7518818175813301,47,47,2.9682
9,6c71145ed992,8,4,53,0.753935418688652,10,13,2.55
9,6dd137af510f,7,3,53,0.7611546486451439,6,16,2.9696
9,6df3d7537ca4,7,4,53,0.7963194157645024,12,17,2.3203
9,6fd4927ae613,8,3,53,0.7263702760980862,6,13,2.6967
9,712d8aea6e74,15,12,53,0.7515360695721117,44,43,2.9376
9,71a4827e754f,18,15,53,0.7716904259772108,50,54,3.2808
9,71e2772017c1,10,6,53,0.7949408681470745,12,17,2.4889
9,73311587962e,13,9,53,0.727510005458226,21,26,2.6034
9,735e629afc5b,11,7,53,0.7276133305010216,16,22,2.725
9,7623f278a174,7,4,53,0.7595352727968396,14,21,2.6002
9,772495a64140,7,4,53,0.7715407434005703,14,20,2.3714
9,782d3ae0a6a0,10,6,53,0.7643188895771093,15,27,2.6811
9,7e428a0a1e55,13,11,53,0.7646678251848055,36,43,2.9012
9,7f3aed384f51,4,0,53,0.7806791441722386,0,4,2.2108
9,8003fa6cf58d,13,10,53,0.8109241954249015,24,28,3.0017
9,80efcde460dd,4,0,53,0.7220714259752874,0,4,2.1425
9,81c2437a9e3e,7,3,53,0.7293206405238637,6,14,2.5767
9,82741cbc2658,14,11,53,0.7394649808188813,37,42,2.9247
9,82a6995d4eda,16,12,53,0.748479788207103,42,40,3.2451
9,86e748220307,13,9,53,0.804351713852207,21,29,2.7927
9,874dd28a9f6a,9,4,53,0.7476695297229832,10,18,2.6675
9,880b6af94720,10,7,53,0.724520616631391,19,27,2.5476
9,899b3fb64e58,10,6,53,0.7571127816053186,15,23,2.6036
9,8ae3274d1cdc,17,14,53,0.8155058510433351,42,41,2.9084
9,8b3f5c70e7ed,13,11,53,0.739110488746527,33,34,2.7896
9,8b975a728ca1,7,4,53,0.7787180900425954,12,17,2.5169
9,8e249f067bad,18,15,53,0.7183107466209513,50,55,3.2632
9,8ed5d02069d2,18,15,53,0.7971981042337549,52,54,3.262
9,8fea3c837ab6,15,12,53,0.7729508850429072,46,45,2.9706
9,9004f02d23b4,11,8,53,0.7611524788065297,30,38,2.7103
9,948f3687f923,10,7,53,0.7830596940033704,23,27,2.5767
9,95b94d178edd,10,8,53,0.7817528508993966,28,33,2.6673
9,967640b4d12c,13,10,53,0.7511044151127515,25,31,2.9212
9,97a9fea463c4,7,3,53,0.7600362387818667,6,14,2.4632
9,97fc797ea1be,8,4,53,0.7584540586107753,10,12,2.5418
9,99bd7cb33a0a,14,14,53,0.7932843873259311,38,42,2.9803
9,9a7e4a55c544,7,3,53,0.7842168035185345,6,14,2.4515
9,9ad604f29ffc,10,6,53,0.7518759637417882,12,20,2.5465
9,9b04c92d20f7,13,9,53,0.7335254429355551,21,26,2.6311
9,9ceb2d4f4a42,7,4,53,0.7575004334129353,14,21,2.3956
9,9d3d9df7db75,9,6,53,0.746324195478079,12,15,2.428
9,9d5a063356a2,17,15,53,0.7852539674219877,49,46,2.8659
9,9eaeedb418c6,13,10,53,0.7370244081873345,29,34,2.6518
9,a5d4bf93423d,12,10,53,0.7926781472267519,27,35,2.9052
9,a70ed100eec4,7,3,53,0.7363572688972907,3,11,2.5093
9,a7b79167a48b,7,4,53,0.7267927263178637,12,17,2.3349
9,a7e735c5993c,15,11,53,0.7591001613051835,36,45,3.1748
9,aa5b027d9cdf,12,7,53,0.7672761741719027,16,22,2.8468
9,aac25e7d8468,4,0,53,0.7549902255403735,0,4,2.4503
9,aac25e7d8468,4,0,53,0.7407439532788876,0,4,2.1355
9,aacbace22b1a,12,9,53,0.8201985549160604,18,23,2.5971
9,abf6f0309077,10,6,53,0.7180696390946734,12,17,2.4905
9,ad2fada5ca55,10,8,53,0.7802969928180936,32,38,2.5547
9,ad31888f15f0,10,7,53,0.7606491807666232,23,34,2.643
9,ae6343d66770,7,4,53,0.7654075212191754,12,17,2.5163
9,aea67b7c2242,9,6,53,0.7153802388000136,12,25,2.7915
9,aff2f1d6be55,12,7,53,0.7736793902370634,19,27,3.3823
9,b0cd699ece2a,9,6,53,0.7586822704890476,12,19,2.5864
9,b36320f2296e,8,3,53,0.7407374364556508,6,13,2.6325
9,b38162d761bf,11,9,53,0.7414404715207679,9,16,2.8444
9,b393daf5dc0a,7,3,53,0.7154416864728663,6,11,2.3297
9,b567af532e06,13,10,53,0.7512249233916343,19,23,2.865
9,b62ea45650c8,20,18,53,0.7347823535210719,55,56,3.1017
9,b78b6445a2dd,7,4,53,0.7223241900669448,14,20,2.3706
9,b8291ebb80ce,10,6,53,0.7754373494142414,12,20,2.9168
9,b911c67dae93,12,7,53,0.759672131727124,16,26,3.0382
9,ba61f3c9c28a,12,8,53,0.7509724549455908,26,30,2.7272
9,ba93c591a12a,7,3,53,0.7402745882192043,3,11,2.7266
9,bc32f8b4804a,13,8,53,0.7588355266122951,26,35,2.9751
9,bd898d371eb4,13,10,53,0.7323897328610471,19,23,2.915
9,bdcad8be0e2e,16,14,53,0.7643839042212303,46,51,3.0505
9,bdec55df117d,8,4,53,0.7829019207681734,10,16,2.557
9,bdfabb55c4ab,10,7,53,0.7658311151816035,19,27,2.5358
9,be2d3fd6e5a9,4,0,53,0.78880515656056,0,4,2.2224
9,be574b452673,11,8,53,0.7630432910317413,30,37,3.1834
9,bf1593c370d7,13,11,53,0.7286029000187223,33,39,3.3038
9,bf65bfaa4dac,18,15,53,0.7221175288162335,48,53,3.4262
9,c06044b25e7e,8,3,53,0.7607123254269237,6,16,2.7248
9,c0a477e8dbab,14,10,53,0.7370229609343009,31,34,3.0812
9,c2f660109a79,9,6,53,0.7499827284065577,12,21,2.7236
9,c527d4e4bea6,5,0,53,0.7010644073592839,0,5,2.3467
9,c7e02d89194a,10,6,53,0.768034500090896,6,10,2.724
9,c7f863da692b,12,11,53,0.7913229255459523,35,38,2.6962
9,c8642b62e7d1,14,10,53,0.8337724962215755,25,34,2.8258
9,cc2a6a2b2e49,14,10,53,0.7638309719490969,25,33,2.9208
9,cd763c399386,10,7,53,0.7491022136429278,23,36,2.7228
9,cd83f6e9cb10,10,4,53,0.7552508816725623,10,19,3.0336
9,ce01f826e6c8,13,11,53,0.745278464251078,35,35,2.6826
9,d1b5248a49c2,11,8,53,0.7435616802732713,28,33,2.8422
9,d28bc0c48242,10,7,53,0.7333244918269161,19,28,2.6255
9,d3c50630cf6d,18,15,53,0.7356237700148082,52,61,3.2476
9,d475533d1499,9,4,53,0.7771623103570214,10,18,2.6849
9,d4a0a85e103c,14,11,53,0.7339968603829612,29,36,3.3925
9,d5bb027f1e42,10,6,53,0.7024342935014415,12,19,2.7234
9,d87f6b00d8b8,7,3,53,0.7433233965346543,6,13,2.3395
9,d885d2bef868,10,8,53,0.7664124867083498,30,36,2.612
9,d8f1d2663367,12,7,53,0.8540664091465509,19,24,2.8683
9,d97ccd04f4f5,7,4,53,0.7689640659296907,14,20,2.3302
9,d97ccd04f4f5,7,4,53,0.7624554423531416,14,20,2.3943
9,db75b3e5387b,9,6,53,0.7802193002542375,12,19,2.6155
9,dc02e7377e65,13,10,53,0.721053595023752,32,40,2.9322
9,dc272a8a6803,9,6,53,0.760450584164467,12,21,2.6865
9,dd3d12e5859e,13,10,53,0.7715047636829571,26,32,3.0705
9,e3942cae4b1e,10,6,53,0.799762883453224,12,18,2.4806
9,e3fabb831358,13,10,53,0.8104650746244145,19,25,2.9415
9,e425705d298f,10,6,53,0.8083351663825552,6,14,2.8968
9,e49752bd948d,14,10,53,0.7380026208159514,25,33,2.9167
9,e556967495b4,7,3,53,0.7769411541708405,3,7,2.3117
9,e603adab834b,8,4,53,0.7685170697117689,10,17,2.5216
9,e6125982748f,13,10,53,0.7971336750750615,25,33,2.6745
9,e62f419d969e,8,3,53,0.770321956555851,6,15,2.6412
9,e6ef0fc23911,4,0,53,0.7558046514743495,0,4,2.5167
9,e7a113149909,12,11,53,0.8456139961851179,35,40,2.8451
9,e910e2e73672,14,10,53,0.7023813059085089,25,33,2.9955
9,ec3d3cfa1e99,13,11,53,0.7247374993894609,37,37,2.675
9,ed9992583ace,14,11,53,0.8169371057113856,29,34,3.1058
9,ee9c19adef70,16,14,53,0.8085586876706602,43,45,2.9015
9,ef34cf24eca2,14,10,53,0.7577239552105782,28,33,2.912
9,effb0556a789,11,7,53,0.7829401879898368,21,28,2.8863
9,f0836e9effae,13,9,53,0.724880554608723,21,26,2.6319
9,f158fb1cbd89,14,10,53,0.7600868854437786,28,33,2.9533
9,f21866d3b3d6,15,11,53,0.8076121262357423,32,38,3.0784
9,f4cb7a4c121f,11,7,53,0.7986216139199847,18,23,2.717
9,f7d45e3155b1,17,14,53,0.7739655078449004,46,53,3.1993
9,f807f337afdd,8,4,53,0.767082537967732,10,17,2.5537
9,f9d83f152c7b,11,7,53,0.7626836472913039,16,22,2.7038
9,ff91288889e7,13,9,53,0.7427535812728061,21,27,2.6
